variant,variant_name,factor,factor_name,horizon_days,mean_rank_ic,median_rank_ic,ic_std,newey_west_tstat,positive_ic_rate,valid_ic_days,eligible_dates,valid_day_ratio,observations
value,连续值,F1,F1 转账金额放大,1,0.058590,0.054945,0.289954,2.928236,0.545455,209,209,1.000000,2656
value,连续值,F1,F1 转账金额放大,3,0.058163,0.038462,0.273295,2.300022,0.541063,207,207,1.000000,2630
value,连续值,F1,F1 转账金额放大,5,0.037637,0.005495,0.271979,1.281134,0.512195,205,205,1.000000,2604
value,连续值,F1,F1 转账金额放大,7,0.026685,0.000000,0.263140,0.816695,0.497537,203,203,1.000000,2578
value,连续值,F1,F1 转账金额放大,14,-0.005187,-0.012372,0.273322,-0.131803,0.489796,196,196,1.000000,2487
value,连续值,F1,F1 转账金额放大,30,-0.038569,-0.076923,0.266367,-1.165626,0.400000,180,180,1.000000,2279
value,连续值,F2,F2 转账笔数放大,1,0.077876,0.087912,0.297976,3.787358,0.593301,209,209,1.000000,2656
value,连续值,F2,F2 转账笔数放大,3,0.052924,0.065934,0.287828,2.024295,0.589372,207,207,1.000000,2630
value,连续值,F2,F2 转账笔数放大,5,0.035094,0.043956,0.289231,1.098249,0.536585,205,205,1.000000,2604
value,连续值,F2,F2 转账笔数放大,7,0.022023,0.018182,0.291099,0.606213,0.527094,203,203,1.000000,2578
value,连续值,F2,F2 转账笔数放大,14,-0.026499,-0.008242,0.286125,-0.593123,0.489796,196,196,1.000000,2487
value,连续值,F2,F2 转账笔数放大,30,-0.035768,-0.008242,0.278641,-0.641799,0.488889,180,180,1.000000,2279
value,连续值,F3,F3 活跃地址扩张,1,0.097235,0.109890,0.279747,5.036984,0.641148,209,209,1.000000,2656
value,连续值,F3,F3 活跃地址扩张,3,0.070935,0.071429,0.272108,2.820488,0.594203,207,207,1.000000,2630
value,连续值,F3,F3 活跃地址扩张,5,0.046751,0.049451,0.271996,1.512245,0.546341,205,205,1.000000,2604
value,连续值,F3,F3 活跃地址扩张,7,0.018916,0.021978,0.273074,0.560522,0.532020,203,203,1.000000,2578
value,连续值,F3,F3 活跃地址扩张,14,-0.030959,-0.016484,0.249590,-0.841345,0.454082,196,196,1.000000,2487
value,连续值,F3,F3 活跃地址扩张,30,-0.020191,-0.016484,0.254323,-0.479759,0.483333,180,180,1.000000,2279
value,连续值,F4,F4 新地址扩张,1,0.029770,0.016575,0.299702,1.439461,0.502392,209,209,1.000000,2656
value,连续值,F4,F4 新地址扩张,3,-0.004618,-0.018349,0.293531,-0.177938,0.468599,207,207,1.000000,2630
value,连续值,F4,F4 新地址扩张,5,-0.031093,-0.019257,0.281344,-1.077484,0.453659,205,205,1.000000,2604
value,连续值,F4,F4 新地址扩张,7,-0.062970,-0.036699,0.268368,-2.219327,0.438424,203,203,1.000000,2578
value,连续值,F4,F4 新地址扩张,14,-0.110014,-0.107663,0.237735,-3.473501,0.346939,196,196,1.000000,2487
value,连续值,F4,F4 新地址扩张,30,-0.056295,-0.044586,0.233129,-1.327137,0.411111,180,180,1.000000,2279
value,连续值,F5,F5 巨额转账,1,0.040873,0.038462,0.274271,2.159566,0.540670,209,209,1.000000,2656
value,连续值,F5,F5 巨额转账,3,0.036371,0.021978,0.268919,1.438318,0.521739,207,207,1.000000,2630
value,连续值,F5,F5 巨额转账,5,0.020316,-0.005495,0.277937,0.667291,0.487805,205,205,1.000000,2604
value,连续值,F5,F5 巨额转账,7,0.012719,-0.032967,0.278021,0.371529,0.453202,203,203,1.000000,2578
value,连续值,F5,F5 巨额转账,14,-0.013507,-0.019231,0.268772,-0.332716,0.474490,196,196,1.000000,2487
value,连续值,F5,F5 巨额转账,30,-0.036639,-0.060440,0.282760,-0.817604,0.377778,180,180,1.000000,2279
value,连续值,F6,F6 绝对净流冲击,1,0.041936,0.033012,0.310260,1.958719,0.531100,209,209,1.000000,2656
value,连续值,F6,F6 绝对净流冲击,3,0.047741,0.019500,0.290306,1.823601,0.526570,207,207,1.000000,2630
value,连续值,F6,F6 绝对净流冲击,5,0.012068,-0.005495,0.308569,0.363655,0.497561,205,205,1.000000,2604
value,连续值,F6,F6 绝对净流冲击,7,-0.002156,-0.010989,0.312269,-0.055827,0.487685,203,203,1.000000,2578
value,连续值,F6,F6 绝对净流冲击,14,-0.052467,-0.047050,0.302748,-1.152055,0.448980,196,196,1.000000,2487
value,连续值,F6,F6 绝对净流冲击,30,-0.055459,-0.085165,0.268070,-1.205561,0.394444,180,180,1.000000,2279
trigger,异常触发,F1,F1 转账金额放大,1,0.060681,0.097590,0.274491,3.094961,0.558974,195,209,0.933014,2476
trigger,异常触发,F1,F1 转账金额放大,3,0.062128,0.100000,0.272595,2.440270,0.606218,193,207,0.932367,2450
trigger,异常触发,F1,F1 转账金额放大,5,0.049045,0.077152,0.266659,1.868678,0.575916,191,205,0.931707,2424
trigger,异常触发,F1,F1 转账金额放大,7,0.039540,0.074536,0.253472,1.447487,0.544974,189,203,0.931034,2398
trigger,异常触发,F1,F1 转账金额放大,14,0.034982,0.080834,0.265826,0.989953,0.565217,184,196,0.938776,2333
trigger,异常触发,F1,F1 转账金额放大,30,0.020363,0.042258,0.260350,0.429333,0.505952,168,180,0.933333,2125
trigger,异常触发,F2,F2 转账笔数放大,1,0.116317,0.154303,0.299502,5.196111,0.612360,178,209,0.851675,2267
trigger,异常触发,F2,F2 转账笔数放大,3,0.118702,0.150344,0.299577,3.932163,0.607955,176,207,0.850242,2241
trigger,异常触发,F2,F2 转账笔数放大,5,0.110804,0.162622,0.301153,3.072329,0.626437,174,205,0.848780,2215
trigger,异常触发,F2,F2 转账笔数放大,7,0.094026,0.113961,0.301127,2.315890,0.616279,172,203,0.847291,2189
trigger,异常触发,F2,F2 转账笔数放大,14,0.077087,0.084515,0.291069,1.781079,0.545455,165,196,0.841837,2098
trigger,异常触发,F2,F2 转账笔数放大,30,0.102090,0.146385,0.266421,2.540826,0.644295,149,180,0.827778,1890
trigger,异常触发,F3,F3 活跃地址扩张,1,0.097324,0.133631,0.296943,4.222895,0.606061,165,209,0.789474,2102
trigger,异常触发,F3,F3 活跃地址扩张,3,0.075605,0.113961,0.296033,2.549452,0.576687,163,207,0.787440,2076
trigger,异常触发,F3,F3 活跃地址扩张,5,0.042469,0.056980,0.295878,1.281999,0.540373,161,205,0.785366,2050
trigger,异常触发,F3,F3 活跃地址扩张,7,0.012278,0.000000,0.287309,0.342103,0.490566,159,203,0.783251,2024
trigger,异常触发,F3,F3 活跃地址扩张,14,-0.009432,0.000000,0.282253,-0.247076,0.447368,152,196,0.775510,1933
trigger,异常触发,F3,F3 活跃地址扩张,30,0.067458,0.056980,0.256389,1.376183,0.566176,136,180,0.755556,1730
trigger,异常触发,F4,F4 新地址扩张,1,0.087144,0.082479,0.299453,3.794395,0.597633,169,209,0.808612,2156
trigger,异常触发,F4,F4 新地址扩张,3,0.074744,0.077152,0.308646,2.440276,0.574850,167,207,0.806763,2130
trigger,异常触发,F4,F4 新地址扩张,5,0.037651,0.000000,0.300627,1.152711,0.484848,165,205,0.804878,2104
trigger,异常触发,F4,F4 新地址扩张,7,-0.000644,0.000000,0.293411,-0.018983,0.453988,163,203,0.802956,2078
trigger,异常触发,F4,F4 新地址扩张,14,-0.034931,-0.056980,0.290786,-1.021061,0.391026,156,196,0.795918,1987
trigger,异常触发,F4,F4 新地址扩张,30,0.005984,0.000000,0.275314,0.197992,0.432624,141,180,0.783333,1792
trigger,异常触发,F5,F5 巨额转账,1,0.054282,0.113961,0.292690,2.446413,0.572254,173,209,0.827751,2230
trigger,异常触发,F5,F5 巨额转账,3,0.053486,0.077152,0.294137,1.793825,0.555556,171,207,0.826087,2204
trigger,异常触发,F5,F5 巨额转账,5,0.035289,0.056980,0.298583,1.046338,0.550296,169,205,0.824390,2178
trigger,异常触发,F5,F5 巨额转账,7,0.033126,0.048795,0.305931,0.837844,0.526946,167,203,0.822660,2152
trigger,异常触发,F5,F5 巨额转账,14,0.047659,0.097590,0.312551,0.976811,0.552795,161,196,0.821429,2074
trigger,异常触发,F5,F5 巨额转账,30,0.040042,0.056980,0.336130,0.684275,0.551020,147,180,0.816667,1892
trigger,异常触发,F6,F6 绝对净流冲击,1,0.067882,0.077152,0.299928,2.308203,0.563107,103,209,0.492823,1339
trigger,异常触发,F6,F6 绝对净流冲击,3,0.081267,0.134132,0.275448,2.440997,0.607843,102,207,0.492754,1321
trigger,异常触发,F6,F6 绝对净流冲击,5,0.072056,0.077152,0.283037,1.842844,0.610000,100,205,0.487805,1295
trigger,异常触发,F6,F6 绝对净流冲击,7,0.067176,0.067066,0.279604,1.672587,0.551020,98,203,0.482759,1269
trigger,异常触发,F6,F6 绝对净流冲击,14,0.030379,0.052888,0.273666,0.654372,0.510870,92,196,0.469388,1191
trigger,异常触发,F6,F6 绝对净流冲击,30,0.036789,0.077152,0.252737,0.993447,0.555556,81,180,0.450000,1053
