universe,symbol,group,confirmation_date,signal_description,factors,status,entry_date,entry_price,peak_volume_date_seen,exit_signal_date,exit_date,exit_price,holding_days,underlying_return_pct,leveraged_net_return_pct,leveraged_mae_pct,leveraged_mfe_pct,exit_reason
composite_2plus,BULLA,新增样本外,2026-01-01,六因子至少2项触发,F2转账笔数 + F4新地址,closed,2026-01-02,0.04531,2026-01-05,2026-01-06,2026-01-07,0.02931,5,-35.31229309203267,-71.42458618406533,-77.77532553520194,134.27499448245422,2026-01-05成交量为持仓以来最高，2026-01-06首次缩小，下一日开盘卖出
composite_2plus,DEXE,样本内,2026-01-01,六因子至少2项触发,F1总转账量 + F2转账笔数 + F3活跃地址 + F4新地址,closed,2026-01-02,3.258,2026-01-02,2026-01-03,2026-01-04,3.33,2,2.20994475138121,3.61988950276242,-7.4278698588090775,10.374462860650713,2026-01-02成交量为持仓以来最高，2026-01-03首次缩小，下一日开盘卖出
composite_2plus,BULLA,新增样本外,2026-01-07,六因子至少2项触发,F2转账笔数 + F3活跃地址 + F4新地址,closed,2026-01-08,0.03028,2026-01-08,2026-01-09,2026-01-10,0.03286,2,8.520475561426677,16.240951122853353,-13.40819022457067,44.38573315719947,2026-01-08成交量为持仓以来最高，2026-01-09首次缩小，下一日开盘卖出
composite_2plus,RAVE,样本内,2026-01-09,六因子至少2项触发,F2转账笔数 + F3活跃地址 + F4新地址,closed,2026-01-10,0.32856,2026-01-10,2026-01-11,2026-01-12,0.31845,2,-3.0770635500365295,-6.954127100073059,-14.724859995130291,3.4940345751156343,2026-01-10成交量为持仓以来最高，2026-01-11首次缩小，下一日开盘卖出
composite_2plus,CLO,新增样本外,2026-01-14,六因子至少2项触发,F1总转账量 + F2转账笔数,closed,2026-01-15,0.7068,2026-01-15,2026-01-16,2026-01-17,0.769,2,8.80022637238258,16.80045274476516,-33.19185059422749,33.16355404640632,2026-01-15成交量为持仓以来最高，2026-01-16首次缩小，下一日开盘卖出
composite_2plus,KOMA,样本外,2026-01-15,六因子至少2项触发,F2转账笔数 + F4新地址,closed,2026-01-16,0.01064,2026-01-17,2026-01-18,2026-01-19,0.01051,3,-1.2218045112781906,-3.243609022556381,-57.33082706766916,10.902255639097769,2026-01-17成交量为持仓以来最高，2026-01-18首次缩小，下一日开盘卖出
composite_2plus,KOMA,样本外,2026-01-21,六因子至少2项触发,F1总转账量 + F2转账笔数 + F3活跃地址,closed,2026-01-22,0.00907,2026-01-23,2026-01-24,2026-01-25,0.00829,3,-8.599779492833514,-17.99955898566703,-31.532524807056216,2.4255788313120252,2026-01-23成交量为持仓以来最高，2026-01-24首次缩小，下一日开盘卖出
composite_2plus,BIRB,样本内,2026-01-29,六因子至少2项触发,F1总转账量 + F2转账笔数 + F3活跃地址 + F4新地址 + F5巨额转账 + F6净流冲击,closed,2026-01-30,0.25216,2026-01-30,2026-01-31,2026-02-01,0.23088,2,-8.439086294416242,-17.678172588832485,-34.85881979695431,23.50095177664975,2026-01-30成交量为持仓以来最高，2026-01-31首次缩小，下一日开盘卖出
composite_2plus,GWEI,新增样本外,2026-01-29,六因子至少2项触发,F2转账笔数 + F3活跃地址 + F5巨额转账 + F6净流冲击,closed,2026-01-30,0.044523,2026-01-30,2026-01-31,2026-02-01,0.041519,2,-6.747074545740405,-14.294149091480811,-49.90678974911844,7.712867506681942,2026-01-30成交量为持仓以来最高，2026-01-31首次缩小，下一日开盘卖出
composite_2plus,BULLA,新增样本外,2026-02-01,六因子至少2项触发,F3活跃地址 + F4新地址,closed,2026-02-02,0.02176,2026-02-02,2026-02-03,2026-02-04,0.02797,2,28.53860294117645,56.2772058823529,-87.68382352941177,235.38602941176467,2026-02-02成交量为持仓以来最高，2026-02-03首次缩小，下一日开盘卖出
composite_2plus,CLO,新增样本外,2026-02-06,六因子至少2项触发,F5巨额转账 + F6净流冲击,closed,2026-02-07,0.0644,2026-02-07,2026-02-08,2026-02-09,0.0598,2,-7.14285714285714,-15.08571428571428,-33.54037267080745,5.2795031055900665,2026-02-07成交量为持仓以来最高，2026-02-08首次缩小，下一日开盘卖出
composite_2plus,DEXE,样本内,2026-02-06,六因子至少2项触发,F1总转账量 + F5巨额转账,closed,2026-02-07,2.219,2026-02-08,2026-02-09,2026-02-10,2.085,3,-6.038756196484895,-12.877512392969791,-17.575484452456045,4.776926543488047,2026-02-08成交量为持仓以来最高，2026-02-09首次缩小，下一日开盘卖出
composite_2plus,SIREN,样本内,2026-02-07,六因子至少2项触发,F1总转账量 + F2转账笔数 + F5巨额转账,closed,2026-02-08,0.26342,2026-02-08,,2026-02-08,0.13171,0,-50.0,-100.0,-100.0,31.569356920507197,2×理想化强平：盘中最低价触及入场价50%
composite_2plus,EVAA,新增样本外,2026-02-08,六因子至少2项触发,F1总转账量 + F5巨额转账 + F6净流冲击,closed,2026-02-09,0.4955,2026-02-09,2026-02-10,2026-02-11,0.4765,2,-3.8345105953582315,-8.469021190716463,-20.060544904137245,3.753784056508591,2026-02-09成交量为持仓以来最高，2026-02-10首次缩小，下一日开盘卖出
composite_2plus,CYS,新增样本外,2026-02-13,六因子至少2项触发,F1总转账量 + F3活跃地址 + F4新地址,closed,2026-02-14,0.4439,2026-02-15,2026-02-16,2026-02-17,0.528,3,18.9457084929038,37.091416985807605,-2.8384771344897697,55.688218067132226,2026-02-15成交量为持仓以来最高，2026-02-16首次缩小，下一日开盘卖出
composite_2plus,VELVET,样本内,2026-02-17,六因子至少2项触发,F1总转账量 + F3活跃地址,closed,2026-02-18,0.0847,2026-02-19,2026-02-20,2026-02-21,0.07984,3,-5.737898465171199,-12.275796930342398,-38.229043683589126,1.8654073199527943,2026-02-19成交量为持仓以来最高，2026-02-20首次缩小，下一日开盘卖出
composite_2plus,CLO,新增样本外,2026-02-18,六因子至少2项触发,F1总转账量 + F5巨额转账,closed,2026-02-19,0.08114,2026-02-20,2026-02-21,2026-02-22,0.08975,3,10.611289129898926,20.422578259797852,-4.8804535370964075,33.5962533892038,2026-02-20成交量为持仓以来最高，2026-02-21首次缩小，下一日开盘卖出
composite_2plus,CYS,新增样本外,2026-03-01,六因子至少2项触发,F1总转账量 + F5巨额转账,closed,2026-03-02,0.3154,2026-03-02,2026-03-03,2026-03-04,0.3163,2,0.28535193405199166,-0.22929613189601672,-13.633481293595452,48.509828788839556,2026-03-02成交量为持仓以来最高，2026-03-03首次缩小，下一日开盘卖出
composite_2plus,ESPORTS,样本外,2026-03-02,六因子至少2项触发,F1总转账量 + F2转账笔数 + F3活跃地址 + F4新地址,closed,2026-03-03,0.30838,2026-03-03,2026-03-04,2026-03-05,0.30721,2,-0.37940203644853954,-1.5588040728970791,-14.274596277320173,7.562098709384513,2026-03-03成交量为持仓以来最高，2026-03-04首次缩小，下一日开盘卖出
composite_2plus,SOON,样本外,2026-03-03,六因子至少2项触发,F1总转账量 + F5巨额转账,closed,2026-03-04,0.1619,2026-03-05,2026-03-06,2026-03-07,0.1587,3,-1.9765287214329685,-4.753057442865937,-7.535515750463251,14.576899320568248,2026-03-05成交量为持仓以来最高，2026-03-06首次缩小，下一日开盘卖出
composite_2plus,GWEI,新增样本外,2026-03-12,六因子至少2项触发,F1总转账量 + F5巨额转账,closed,2026-03-13,0.052099,2026-03-13,2026-03-14,2026-03-15,0.040693,2,-21.89293460527073,-44.58586921054146,-56.00491372195242,19.62033820226874,2026-03-13成交量为持仓以来最高，2026-03-14首次缩小，下一日开盘卖出
composite_2plus,EVAA,新增样本外,2026-03-13,六因子至少2项触发,F3活跃地址 + F5巨额转账,closed,2026-03-14,0.5466,2026-03-14,2026-03-15,2026-03-16,0.5556,2,1.6465422612513825,2.493084522502765,-7.427735089645071,7.537504573728526,2026-03-14成交量为持仓以来最高，2026-03-15首次缩小，下一日开盘卖出
composite_2plus,ESPORTS,样本外,2026-03-14,六因子至少2项触发,F1总转账量 + F5巨额转账 + F6净流冲击,closed,2026-03-15,0.30519,2026-03-16,2026-03-17,2026-03-18,0.3386,3,10.947278744388743,21.094557488777486,-4.0302762213703325,41.63308103148857,2026-03-16成交量为持仓以来最高，2026-03-17首次缩小，下一日开盘卖出
composite_2plus,DEXE,样本内,2026-03-19,六因子至少2项触发,F3活跃地址 + F4新地址,closed,2026-03-20,6.124,2026-03-22,2026-03-23,2026-03-24,7.612,4,24.297844546048353,47.79568909209671,-5.682560418027416,53.06988896146309,2026-03-22成交量为持仓以来最高，2026-03-23首次缩小，下一日开盘卖出
composite_2plus,CLO,新增样本外,2026-03-21,六因子至少2项触发,F1总转账量 + F5巨额转账,closed,2026-03-22,0.06804,2026-03-23,2026-03-24,2026-03-25,0.07049,3,3.600823045267476,6.401646090534952,-4.497354497354511,11.37566137566135,2026-03-23成交量为持仓以来最高，2026-03-24首次缩小，下一日开盘卖出
composite_2plus,SIREN,样本内,2026-03-21,六因子至少2项触发,F2转账笔数 + F3活跃地址 + F4新地址,closed,2026-03-22,0.94337,2026-03-22,2026-03-23,2026-03-24,2.37293,2,151.5375727445223,302.2751454890446,-37.11587182123664,819.8861528350487,2026-03-22成交量为持仓以来最高，2026-03-23首次缩小，下一日开盘卖出
composite_2plus,CYS,新增样本外,2026-03-25,六因子至少2项触发,F3活跃地址 + F4新地址,closed,2026-03-26,0.4095,2026-03-26,2026-03-27,2026-03-28,0.3439,2,-16.01953601953602,-32.839072039072036,-42.78388278388277,18.559218559218582,2026-03-26成交量为持仓以来最高，2026-03-27首次缩小，下一日开盘卖出
composite_2plus,DEXE,样本内,2026-03-27,六因子至少2项触发,F3活跃地址 + F4新地址,closed,2026-03-28,7.436,2026-03-30,2026-03-31,2026-04-01,7.903,4,6.280258203335132,11.760516406670263,-10.677783754706848,24.583109198493823,2026-03-30成交量为持仓以来最高，2026-03-31首次缩小，下一日开盘卖出
composite_2plus,CYS,新增样本外,2026-04-04,六因子至少2项触发,F2转账笔数 + F6净流冲击,closed,2026-04-05,0.2218,2026-04-05,2026-04-06,2026-04-07,0.2127,2,-4.102795311091068,-9.005590622182137,-17.40306582506761,51.668169522092015,2026-04-05成交量为持仓以来最高，2026-04-06首次缩小，下一日开盘卖出
composite_2plus,KOMA,样本外,2026-04-06,六因子至少2项触发,F2转账笔数 + F3活跃地址 + F4新地址,closed,2026-04-07,0.009423,2026-04-07,2026-04-08,2026-04-09,0.008547,2,-9.296402419611594,-19.39280483922319,-32.85577841451768,3.7567653613498564,2026-04-07成交量为持仓以来最高，2026-04-08首次缩小，下一日开盘卖出
composite_2plus,CLO,新增样本外,2026-04-07,六因子至少2项触发,F1总转账量 + F2转账笔数 + F5巨额转账 + F6净流冲击,closed,2026-04-08,0.09193,2026-04-08,2026-04-09,2026-04-10,0.08007,2,-12.901120417709123,-26.602240835418247,-40.09572500815839,37.78962253888829,2026-04-08成交量为持仓以来最高，2026-04-09首次缩小，下一日开盘卖出
composite_2plus,BULLA,新增样本外,2026-04-08,六因子至少2项触发,F1总转账量 + F4新地址,closed,2026-04-09,0.015362,2026-04-09,,2026-04-10,0.007681,1,-50.0,-100.0,-100.0,123.89011847415703,2×理想化强平：盘中最低价触及入场价50%
composite_2plus,RAVE,样本内,2026-04-11,六因子至少2项触发,F1总转账量 + F3活跃地址 + F4新地址 + F5巨额转账 + F6净流冲击,closed,2026-04-12,2.16937,2026-04-12,2026-04-13,2026-04-14,8.03554,2,270.4089205621909,540.0178411243818,-28.314211038227665,1298.8628034867268,2026-04-12成交量为持仓以来最高，2026-04-13首次缩小，下一日开盘卖出
composite_2plus,EVAA,新增样本外,2026-04-12,六因子至少2项触发,F3活跃地址 + F4新地址,closed,2026-04-13,0.6305,2026-04-14,2026-04-15,2026-04-16,0.755,3,19.746233148295023,38.69246629659005,-5.7097541633623905,160.34892942109437,2026-04-14成交量为持仓以来最高，2026-04-15首次缩小，下一日开盘卖出
composite_2plus,EVAA,新增样本外,2026-04-17,六因子至少2项触发,F1总转账量 + F2转账笔数 + F3活跃地址 + F5巨额转账,closed,2026-04-18,0.7711,2026-04-18,2026-04-19,2026-04-20,0.6848,2,-11.191803916482957,-23.183607832965915,-47.931526390870175,22.694851510828684,2026-04-18成交量为持仓以来最高，2026-04-19首次缩小，下一日开盘卖出
composite_2plus,SOON,样本外,2026-04-18,六因子至少2项触发,F2转账笔数 + F3活跃地址 + F4新地址,closed,2026-04-19,0.1862,2026-04-20,2026-04-21,2026-04-22,0.1652,3,-11.2781954887218,-23.3563909774436,-27.712137486573596,5.907626208378103,2026-04-20成交量为持仓以来最高，2026-04-21首次缩小，下一日开盘卖出
composite_2plus,DEXE,样本内,2026-04-25,六因子至少2项触发,F2转账笔数 + F3活跃地址,closed,2026-04-26,13.71,2026-04-29,2026-04-30,2026-05-01,11.24,5,-18.01604668125456,-36.83209336250912,-47.16265499635304,26.783369803063415,2026-04-29成交量为持仓以来最高，2026-04-30首次缩小，下一日开盘卖出
composite_2plus,BIRB,样本内,2026-05-04,六因子至少2项触发,F1总转账量 + F5巨额转账,closed,2026-05-05,0.13639,2026-05-05,2026-05-06,2026-05-07,0.13576,2,-0.46191069726521095,-1.723821394530422,-6.6133880783048715,10.616614121269885,2026-05-05成交量为持仓以来最高，2026-05-06首次缩小，下一日开盘卖出
composite_2plus,KOMA,样本外,2026-05-07,六因子至少2项触发,F1总转账量 + F5巨额转账,closed,2026-05-08,0.00768,2026-05-08,2026-05-09,2026-05-10,0.008809,2,14.700520833333353,28.601041666666706,-4.427083333333326,31.30208333333333,2026-05-08成交量为持仓以来最高，2026-05-09首次缩小，下一日开盘卖出
composite_2plus,EVAA,新增样本外,2026-05-09,六因子至少2项触发,F2转账笔数 + F4新地址,closed,2026-05-10,0.7193,2026-05-11,2026-05-12,2026-05-13,0.6043,3,-15.987765883497861,-32.77553176699572,-46.76769081051022,4.587793688308084,2026-05-11成交量为持仓以来最高，2026-05-12首次缩小，下一日开盘卖出
composite_2plus,VELVET,样本内,2026-05-11,六因子至少2项触发,F1总转账量 + F5巨额转账,closed,2026-05-12,0.09014,2026-05-13,2026-05-14,2026-05-15,0.10206,3,13.2238739738185,25.647747947637,-1.087197692478381,95.09651652984248,2026-05-13成交量为持仓以来最高，2026-05-14首次缩小，下一日开盘卖出
composite_2plus,ESPORTS,样本外,2026-05-14,六因子至少2项触发,F1总转账量 + F2转账笔数,closed,2026-05-15,0.7154,2026-05-15,2026-05-16,2026-05-17,0.6975,2,-2.5020967291025986,-5.804193458205197,-18.33939055074083,4.920324294101208,2026-05-15成交量为持仓以来最高，2026-05-16首次缩小，下一日开盘卖出
composite_2plus,GWEI,新增样本外,2026-05-16,六因子至少2项触发,F1总转账量 + F3活跃地址,closed,2026-05-17,0.14802,2026-05-17,2026-05-18,2026-05-19,0.14249,2,-3.735981624104856,-8.271963248209712,-27.698959600054064,6.472098365085799,2026-05-17成交量为持仓以来最高，2026-05-18首次缩小，下一日开盘卖出
composite_2plus,GWEI,新增样本外,2026-05-22,六因子至少2项触发,F1总转账量 + F5巨额转账,closed,2026-05-23,0.11674,2026-05-23,2026-05-24,2026-05-25,0.12005,2,2.835360630460859,4.8707212609217185,-9.097138941236938,9.970875449717331,2026-05-23成交量为持仓以来最高，2026-05-24首次缩小，下一日开盘卖出
composite_2plus,SOON,样本外,2026-05-22,六因子至少2项触发,F1总转账量 + F5巨额转账 + F6净流冲击,closed,2026-05-23,0.1569,2026-05-23,2026-05-24,2026-05-25,0.1589,2,1.2746972594009032,1.7493945188018063,-10.5799872530274,38.11344805608665,2026-05-23成交量为持仓以来最高，2026-05-24首次缩小，下一日开盘卖出
composite_2plus,ESPORTS,样本外,2026-05-26,六因子至少2项触发,F1总转账量 + F2转账笔数 + F3活跃地址 + F4新地址 + F5巨额转账,closed,2026-05-27,0.0405,2026-05-28,2026-05-29,2026-05-30,0.0367,3,-9.382716049382712,-19.565432098765424,-33.08641975308644,162.96296296296293,2026-05-28成交量为持仓以来最高，2026-05-29首次缩小，下一日开盘卖出
composite_2plus,BIRB,样本内,2026-05-30,六因子至少2项触发,F1总转账量 + F5巨额转账,closed,2026-05-31,0.0975,2026-06-02,2026-06-03,2026-06-04,0.08954,4,-8.16410256410257,-17.128205128205142,-33.25128205128205,5.45641025641026,2026-06-02成交量为持仓以来最高，2026-06-03首次缩小，下一日开盘卖出
composite_2plus,CLO,新增样本外,2026-05-30,六因子至少2项触发,F1总转账量 + F2转账笔数,closed,2026-05-31,0.09099,2026-06-03,2026-06-04,2026-06-05,0.12558,5,38.01516650181338,75.23033300362677,-21.211122101329828,237.1029783492691,2026-06-03成交量为持仓以来最高，2026-06-04首次缩小，下一日开盘卖出
composite_2plus,VELVET,样本内,2026-06-03,六因子至少2项触发,F1总转账量 + F5巨额转账,closed,2026-06-04,0.10878,2026-06-06,2026-06-07,2026-06-08,0.25019,4,129.99632285346573,259.19264570693144,-12.189740761169322,531.6418459275602,2026-06-06成交量为持仓以来最高，2026-06-07首次缩小，下一日开盘卖出
composite_2plus,DEXE,样本内,2026-06-04,六因子至少2项触发,F2转账笔数 + F3活跃地址 + F4新地址,closed,2026-06-05,20.448,2026-06-05,2026-06-06,2026-06-07,19.975,2,-2.3131846635367714,-5.426369327073543,-15.512519561815363,7.756259780907682,2026-06-05成交量为持仓以来最高，2026-06-06首次缩小，下一日开盘卖出
composite_2plus,KOMA,样本外,2026-06-07,六因子至少2项触发,F1总转账量 + F5巨额转账,closed,2026-06-08,0.006498,2026-06-08,2026-06-09,2026-06-10,0.006341,2,-2.4161280393967366,-5.632256078793473,-8.802708525700243,18.190212373037838,2026-06-08成交量为持仓以来最高，2026-06-09首次缩小，下一日开盘卖出
composite_2plus,CLO,新增样本外,2026-06-08,六因子至少2项触发,F1总转账量 + F2转账笔数 + F3活跃地址,closed,2026-06-09,0.15385,2026-06-09,2026-06-10,2026-06-11,0.10866,2,-29.37276568085797,-59.54553136171594,-69.43126421839452,11.69970750731233,2026-06-09成交量为持仓以来最高，2026-06-10首次缩小，下一日开盘卖出
composite_2plus,RAVE,样本内,2026-06-12,六因子至少2项触发,F3活跃地址 + F4新地址,closed,2026-06-13,0.3309,2026-06-15,2026-06-16,2026-06-17,0.2906,4,-12.17890601390148,-25.15781202780296,-40.61650045330918,4.049561801148371,2026-06-15成交量为持仓以来最高，2026-06-16首次缩小，下一日开盘卖出
composite_2plus,SOON,样本外,2026-06-12,六因子至少2项触发,F4新地址 + F5巨额转账,closed,2026-06-13,0.1723,2026-06-14,2026-06-15,2026-06-16,0.1731,3,0.4643064422518828,0.1286128845037655,-7.777132907719109,12.071967498549041,2026-06-14成交量为持仓以来最高，2026-06-15首次缩小，下一日开盘卖出
composite_2plus,CYS,新增样本外,2026-06-13,六因子至少2项触发,F1总转账量 + F5巨额转账,closed,2026-06-14,0.4652,2026-06-15,2026-06-16,2026-06-17,0.4469,3,-3.933791917454854,-8.667583834909708,-10.49011177987962,7.738607050730861,2026-06-15成交量为持仓以来最高，2026-06-16首次缩小，下一日开盘卖出
composite_2plus,SIREN,样本内,2026-06-14,六因子至少2项触发,F1总转账量 + F2转账笔数 + F3活跃地址 + F4新地址 + F5巨额转账,closed,2026-06-15,0.0522,2026-06-15,2026-06-16,2026-06-17,0.0461,2,-11.68582375478927,-24.17164750957854,-44.444444444444464,50.95785440613025,2026-06-15成交量为持仓以来最高，2026-06-16首次缩小，下一日开盘卖出
composite_2plus,GWEI,新增样本外,2026-06-15,六因子至少2项触发,F2转账笔数 + F3活跃地址,closed,2026-06-16,0.14942,2026-06-16,2026-06-17,2026-06-18,0.1265,2,-15.339312006424844,-31.47862401284969,-68.82612769374916,2.114844063713006,2026-06-16成交量为持仓以来最高，2026-06-17首次缩小，下一日开盘卖出
composite_2plus,VELVET,样本内,2026-06-15,六因子至少2项触发,F2转账笔数 + F5巨额转账,closed,2026-06-16,0.3704,2026-06-16,2026-06-17,2026-06-18,0.3412,2,-7.88336933045356,-16.56673866090712,-29.91360691144709,129.31965442764576,2026-06-16成交量为持仓以来最高，2026-06-17首次缩小，下一日开盘卖出
composite_2plus,EVAA,新增样本外,2026-06-16,六因子至少2项触发,F3活跃地址 + F4新地址,closed,2026-06-17,0.7183,2026-06-17,2026-06-18,2026-06-19,0.6147,2,-14.42294306000279,-29.64588612000558,-35.639704858694145,39.45426701935122,2026-06-17成交量为持仓以来最高，2026-06-18首次缩小，下一日开盘卖出
composite_2plus,BULLA,新增样本外,2026-06-17,六因子至少2项触发,F1总转账量 + F4新地址,closed,2026-06-18,0.004818,2026-06-18,2026-06-19,2026-06-20,0.004523,2,-6.122872561228732,-13.045745122457465,-19.510170195101708,1.16230801162307,2026-06-18成交量为持仓以来最高，2026-06-19首次缩小，下一日开盘卖出
composite_2plus,KOMA,样本外,2026-06-18,六因子至少2项触发,F1总转账量 + F3活跃地址 + F4新地址 + F5巨额转账,closed,2026-06-19,0.008149,2026-06-19,2026-06-20,2026-06-21,0.008413,2,3.239661308135977,5.679322616271954,-3.5832617499079733,20.959626948091792,2026-06-19成交量为持仓以来最高，2026-06-20首次缩小，下一日开盘卖出
composite_2plus,CLO,新增样本外,2026-06-21,六因子至少2项触发,F1总转账量 + F2转账笔数 + F3活跃地址 + F4新地址,closed,2026-06-22,0.1799,2026-06-23,2026-06-24,2026-06-25,0.223,3,23.957754307948864,47.11550861589773,-3.7020566981656566,137.69872151195105,2026-06-23成交量为持仓以来最高，2026-06-24首次缩小，下一日开盘卖出
composite_2plus,ESPORTS,样本外,2026-06-21,六因子至少2项触发,F5巨额转账 + F6净流冲击,closed,2026-06-22,0.0325,2026-06-23,2026-06-24,2026-06-25,0.03029,3,-6.799999999999995,-14.399999999999991,-58.33846153846156,38.95384615384616,2026-06-23成交量为持仓以来最高，2026-06-24首次缩小，下一日开盘卖出
composite_2plus,BULLA,新增样本外,2026-06-22,六因子至少2项触发,F3活跃地址 + F4新地址,closed,2026-06-23,0.005518,2026-06-23,2026-06-24,2026-06-25,0.005267,2,-4.548749546937303,-9.897499093874607,-21.529539688292854,17.071402682131207,2026-06-23成交量为持仓以来最高，2026-06-24首次缩小，下一日开盘卖出
composite_2plus,GWEI,新增样本外,2026-06-26,六因子至少2项触发,F1总转账量 + F5巨额转账,closed,2026-06-27,0.1272,2026-06-29,2026-06-30,2026-07-01,0.126,4,-0.9433962264150941,-2.686792452830188,-25.31446540880504,193.0817610062893,2026-06-29成交量为持仓以来最高，2026-06-30首次缩小，下一日开盘卖出
composite_2plus,BIRB,样本内,2026-06-30,六因子至少2项触发,F1总转账量 + F2转账笔数 + F3活跃地址 + F4新地址 + F5巨额转账 + F6净流冲击,closed,2026-07-01,0.05455,2026-07-02,2026-07-03,2026-07-04,0.07794,3,42.87809349220897,84.95618698441794,-7.5160403299725065,200.43996333638862,2026-07-02成交量为持仓以来最高，2026-07-03首次缩小，下一日开盘卖出
composite_2plus,RAVE,样本内,2026-07-03,六因子至少2项触发,F1总转账量 + F4新地址,closed,2026-07-04,0.2793,2026-07-04,2026-07-05,2026-07-06,0.2906,2,4.045828857858935,7.291657715717871,-12.674543501611168,20.408163265306143,2026-07-04成交量为持仓以来最高，2026-07-05首次缩小，下一日开盘卖出
composite_2plus,DEXE,样本内,2026-07-09,六因子至少2项触发,F2转账笔数 + F4新地址,closed,2026-07-10,28.11,2026-07-10,2026-07-11,2026-07-12,38.24,2,36.036997509783,71.273995019566,-0.14229811454997687,155.67413731768056,2026-07-10成交量为持仓以来最高，2026-07-11首次缩小，下一日开盘卖出
composite_2plus,EVAA,新增样本外,2026-07-09,六因子至少2项触发,F2转账笔数 + F3活跃地址 + F4新地址 + F6净流冲击,closed,2026-07-10,2.2321,2026-07-10,2026-07-11,2026-07-12,1.8803,2,-15.760942610098105,-32.32188522019621,-100.0,60.74996639935488,2026-07-10成交量为持仓以来最高，2026-07-11首次缩小，下一日开盘卖出
composite_2plus,VELVET,样本内,2026-07-09,六因子至少2项触发,F1总转账量 + F5巨额转账,closed,2026-07-10,0.4821,2026-07-10,2026-07-11,2026-07-12,0.4396,2,-8.815598423563575,-18.43119684712715,-29.2885293507571,104.66708151835724,2026-07-10成交量为持仓以来最高，2026-07-11首次缩小，下一日开盘卖出
composite_2plus,DEXE,样本内,2026-07-17,六因子至少2项触发,F3活跃地址 + F4新地址,closed,2026-07-18,36.42,2026-07-18,2026-07-19,2026-07-20,34.67,2,-4.805052169137836,-10.410104338275673,-23.833058758923677,2.031850631521115,2026-07-18成交量为持仓以来最高，2026-07-19首次缩小，下一日开盘卖出
composite_2plus,BULLA,新增样本外,2026-07-20,六因子至少2项触发,F1总转账量 + F2转账笔数 + F3活跃地址 + F4新地址,closed,2026-07-21,0.011611,2026-07-21,2026-07-22,2026-07-23,0.011282,2,-2.833519937989837,-6.4670398759796734,-23.494961674274407,17.035569718370525,2026-07-21成交量为持仓以来最高，2026-07-22首次缩小，下一日开盘卖出
composite_2plus,ESPORTS,样本外,2026-07-21,六因子至少2项触发,F4新地址 + F5巨额转账 + F6净流冲击,closed,2026-07-22,0.03102,2026-07-22,2026-07-23,2026-07-24,0.03988,2,28.56221792392004,56.324435847840086,-25.209542230818837,114.11992263056092,2026-07-22成交量为持仓以来最高，2026-07-23首次缩小，下一日开盘卖出
composite_2plus,SOON,样本外,2026-07-21,六因子至少2项触发,F5巨额转账 + F6净流冲击,closed,2026-07-22,0.1645,2026-07-24,2026-07-25,2026-07-26,0.17,4,3.3434650455927084,5.886930091185417,-2.917933130699102,53.00911854103343,2026-07-24成交量为持仓以来最高，2026-07-25首次缩小，下一日开盘卖出
composite_2plus,DEXE,样本内,2026-07-22,六因子至少2项触发,F1总转账量 + F2转账笔数 + F3活跃地址 + F4新地址,closed,2026-07-23,4.156,2026-07-23,,2026-07-23,2.078,0,-50.0,-100.0,-100.0,1.8286814244465877,2×理想化强平：盘中最低价触及入场价50%
composite_2plus,KOMA,样本外,2026-07-24,六因子至少2项触发,F1总转账量 + F5巨额转账,closed,2026-07-25,0.00764,2026-07-26,2026-07-27,2026-07-28,0.007402,3,-3.1151832460733053,-7.0303664921466105,-8.6387434554974,18.74345549738221,2026-07-26成交量为持仓以来最高，2026-07-27首次缩小，下一日开盘卖出
composite_2plus,GWEI,新增样本外,2026-07-25,六因子至少2项触发,F3活跃地址 + F4新地址,closed,2026-07-26,0.02444,2026-07-26,2026-07-27,2026-07-28,0.01843,2,-24.59083469721768,-49.98166939443536,-58.019639934533544,3.1096563011456357,2026-07-26成交量为持仓以来最高，2026-07-27首次缩小，下一日开盘卖出
composite_2plus,BULLA,新增样本外,2026-07-29,六因子至少2项触发,F1总转账量 + F3活跃地址 + F5巨额转账,not_entered,,,,,,,,,,,,
calibrated_buy,DEXE,样本内,2026-01-01,F1≥10,F1总转账量 + F2转账笔数 + F3活跃地址 + F4新地址,closed,2026-01-02,3.258,2026-01-02,2026-01-03,2026-01-04,3.33,2,2.20994475138121,3.61988950276242,-7.4278698588090775,10.374462860650713,2026-01-02成交量为持仓以来最高，2026-01-03首次缩小，下一日开盘卖出
calibrated_buy,DEXE,样本内,2026-01-12,F3≥5,F1总转账量 + F2转账笔数 + F3活跃地址 + F4新地址,closed,2026-01-13,3.438,2026-01-13,2026-01-14,2026-01-15,3.396,2,-1.221640488656206,-3.243280977312412,-13.089005235602102,4.770215241419429,2026-01-13成交量为持仓以来最高，2026-01-14首次缩小，下一日开盘卖出
calibrated_buy,ESPORTS,样本外,2026-01-21,F1≥10,F1总转账量,closed,2026-01-22,0.45795,2026-01-23,2026-01-24,2026-01-25,0.51873,3,13.272191287258428,25.744382574516855,-2.5985369581832174,40.196528005240715,2026-01-23成交量为持仓以来最高，2026-01-24首次缩小，下一日开盘卖出
calibrated_buy,BIRB,样本内,2026-01-29,F3≥5,F1总转账量 + F2转账笔数 + F3活跃地址 + F4新地址 + F5巨额转账 + F6净流冲击,closed,2026-01-30,0.25216,2026-01-30,2026-01-31,2026-02-01,0.23088,2,-8.439086294416242,-17.678172588832485,-34.85881979695431,23.50095177664975,2026-01-30成交量为持仓以来最高，2026-01-31首次缩小，下一日开盘卖出
calibrated_buy,BULLA,新增样本外,2026-02-04,F1≥10,F1总转账量 + F2转账笔数 + F3活跃地址 + F4新地址 + F5巨额转账,closed,2026-02-05,0.03312,2026-02-06,2026-02-07,2026-02-08,0.02516,3,-24.03381642512077,-48.867632850241534,-93.1159420289855,57.185990338164316,2026-02-06成交量为持仓以来最高，2026-02-07首次缩小，下一日开盘卖出
calibrated_buy,DEXE,样本内,2026-02-07,F1≥10,F1总转账量 + F5巨额转账 + F6净流冲击,closed,2026-02-08,2.18,2026-02-08,2026-02-09,2026-02-10,2.085,2,-4.357798165137627,-9.515596330275255,-14.311926605504599,0.2752293577981568,2026-02-08成交量为持仓以来最高，2026-02-09首次缩小，下一日开盘卖出
calibrated_buy,EVAA,新增样本外,2026-02-08,F1≥10,F1总转账量 + F5巨额转账 + F6净流冲击,closed,2026-02-09,0.4955,2026-02-09,2026-02-10,2026-02-11,0.4765,2,-3.8345105953582315,-8.469021190716463,-20.060544904137245,3.753784056508591,2026-02-09成交量为持仓以来最高，2026-02-10首次缩小，下一日开盘卖出
calibrated_buy,VELVET,样本内,2026-02-18,F1≥10,F1总转账量 + F5巨额转账,closed,2026-02-19,0.07002,2026-02-19,2026-02-20,2026-02-21,0.07984,2,14.024564410168527,27.249128820337052,-3.4847186518137674,41.24535846900885,2026-02-19成交量为持仓以来最高，2026-02-20首次缩小，下一日开盘卖出
calibrated_buy,RAVE,样本内,2026-02-26,F1≥10,F1总转账量,closed,2026-02-27,0.37057,2026-02-27,2026-02-28,2026-03-01,0.35164,2,-5.108346601181967,-11.016693202363935,-30.671667970963632,18.911406751760794,2026-02-27成交量为持仓以来最高，2026-02-28首次缩小，下一日开盘卖出
calibrated_buy,ESPORTS,样本外,2026-03-04,F3≥5,F1总转账量 + F2转账笔数 + F3活跃地址 + F4新地址,closed,2026-03-05,0.30721,2026-03-05,2026-03-06,2026-03-07,0.30302,2,-1.3638878942742627,-3.5277757885485252,-13.567266690537405,8.352592689040073,2026-03-05成交量为持仓以来最高，2026-03-06首次缩小，下一日开盘卖出
calibrated_buy,ESPORTS,样本外,2026-03-14,F1≥10,F1总转账量 + F5巨额转账 + F6净流冲击,closed,2026-03-15,0.30519,2026-03-16,2026-03-17,2026-03-18,0.3386,3,10.947278744388743,21.094557488777486,-4.0302762213703325,41.63308103148857,2026-03-16成交量为持仓以来最高，2026-03-17首次缩小，下一日开盘卖出
calibrated_buy,EVAA,新增样本外,2026-03-15,F1≥10,F1总转账量 + F2转账笔数 + F5巨额转账,closed,2026-03-16,0.5556,2026-03-18,2026-03-19,2026-03-20,0.4962,4,-10.691144708423328,-22.182289416846658,-26.49388048956083,4.175665946724294,2026-03-18成交量为持仓以来最高，2026-03-19首次缩小，下一日开盘卖出
calibrated_buy,CLO,新增样本外,2026-03-21,F1≥10,F1总转账量 + F5巨额转账,closed,2026-03-22,0.06804,2026-03-23,2026-03-24,2026-03-25,0.07049,3,3.600823045267476,6.401646090534952,-4.497354497354511,11.37566137566135,2026-03-23成交量为持仓以来最高，2026-03-24首次缩小，下一日开盘卖出
calibrated_buy,SIREN,样本内,2026-04-03,F3≥5,F2转账笔数 + F3活跃地址 + F4新地址,closed,2026-04-04,0.13694,2026-04-04,2026-04-05,2026-04-06,0.51606,2,276.85117569738566,552.9023513947714,-8.835986563458453,935.7236746020154,2026-04-04成交量为持仓以来最高，2026-04-05首次缩小，下一日开盘卖出
calibrated_buy,CLO,新增样本外,2026-04-07,F1≥10,F1总转账量 + F2转账笔数 + F5巨额转账 + F6净流冲击,closed,2026-04-08,0.09193,2026-04-08,2026-04-09,2026-04-10,0.08007,2,-12.901120417709123,-26.602240835418247,-40.09572500815839,37.78962253888829,2026-04-08成交量为持仓以来最高，2026-04-09首次缩小，下一日开盘卖出
calibrated_buy,RAVE,样本内,2026-04-10,F1≥10,F1总转账量,closed,2026-04-11,1.60595,2026-04-11,2026-04-12,2026-04-13,5.97116,2,271.81481366169555,542.8296273233912,-5.423581057940785,1369.1559513060806,2026-04-11成交量为持仓以来最高，2026-04-12首次缩小，下一日开盘卖出
calibrated_buy,BULLA,新增样本外,2026-04-12,F1≥10,F1总转账量 + F2转账笔数 + F3活跃地址 + F4新地址 + F5巨额转账,closed,2026-04-13,0.010929,2026-04-13,2026-04-14,2026-04-15,0.008372,2,-23.396468112361614,-47.592936224723225,-63.95827614603349,37.8625674810138,2026-04-13成交量为持仓以来最高，2026-04-14首次缩小，下一日开盘卖出
calibrated_buy,EVAA,新增样本外,2026-04-17,F1≥10,F1总转账量 + F2转账笔数 + F3活跃地址 + F5巨额转账,closed,2026-04-18,0.7711,2026-04-18,2026-04-19,2026-04-20,0.6848,2,-11.191803916482957,-23.183607832965915,-47.931526390870175,22.694851510828684,2026-04-18成交量为持仓以来最高，2026-04-19首次缩小，下一日开盘卖出
calibrated_buy,RAVE,样本内,2026-04-21,F3≥5,F2转账笔数 + F3活跃地址 + F4新地址 + F5巨额转账 + F6净流冲击,closed,2026-04-22,1.6186,2026-04-22,2026-04-23,2026-04-24,1.06049,2,-34.481032991474116,-69.76206598294823,-96.20783393055727,1.8176201655752067,2026-04-22成交量为持仓以来最高，2026-04-23首次缩小，下一日开盘卖出
calibrated_buy,DEXE,样本内,2026-04-30,F1≥10,F1总转账量,closed,2026-05-01,11.24,2026-05-01,2026-05-02,2026-05-03,10.33,2,-8.096085409252673,-16.992170818505347,-19.893238434163706,6.45907473309606,2026-05-01成交量为持仓以来最高，2026-05-02首次缩小，下一日开盘卖出
calibrated_buy,ESPORTS,样本外,2026-05-12,F1≥10,F1总转账量,closed,2026-05-13,0.5576,2026-05-15,2026-05-16,2026-05-17,0.6975,4,25.08967001434721,49.37934002869442,-6.599713055954082,64.70588235294117,2026-05-15成交量为持仓以来最高，2026-05-16首次缩小，下一日开盘卖出
calibrated_buy,VELVET,样本内,2026-05-12,F1≥10；F3≥5,F1总转账量 + F2转账笔数 + F3活跃地址 + F4新地址 + F5巨额转账,closed,2026-05-13,0.09755,2026-05-13,2026-05-14,2026-05-15,0.10206,2,4.623270117888256,8.446540235776512,-2.1527421834956373,72.68067657611485,2026-05-13成交量为持仓以来最高，2026-05-14首次缩小，下一日开盘卖出
calibrated_buy,GWEI,新增样本外,2026-05-13,F1≥10,F1总转账量,closed,2026-05-14,0.13157,2026-05-15,2026-05-16,2026-05-17,0.14802,3,12.502850193813186,24.205700387626372,-14.790605761191756,51.72911757999543,2026-05-15成交量为持仓以来最高，2026-05-16首次缩小，下一日开盘卖出
calibrated_buy,GWEI,新增样本外,2026-05-22,F1≥10,F1总转账量 + F5巨额转账,closed,2026-05-23,0.11674,2026-05-23,2026-05-24,2026-05-25,0.12005,2,2.835360630460859,4.8707212609217185,-9.097138941236938,9.970875449717331,2026-05-23成交量为持仓以来最高，2026-05-24首次缩小，下一日开盘卖出
calibrated_buy,SOON,样本外,2026-05-22,F1≥10,F1总转账量 + F5巨额转账 + F6净流冲击,closed,2026-05-23,0.1569,2026-05-23,2026-05-24,2026-05-25,0.1589,2,1.2746972594009032,1.7493945188018063,-10.5799872530274,38.11344805608665,2026-05-23成交量为持仓以来最高，2026-05-24首次缩小，下一日开盘卖出
calibrated_buy,ESPORTS,样本外,2026-05-26,F1≥10；F3≥5,F1总转账量 + F2转账笔数 + F3活跃地址 + F4新地址 + F5巨额转账,closed,2026-05-27,0.0405,2026-05-28,2026-05-29,2026-05-30,0.0367,3,-9.382716049382712,-19.565432098765424,-33.08641975308644,162.96296296296293,2026-05-28成交量为持仓以来最高，2026-05-29首次缩小，下一日开盘卖出
calibrated_buy,CLO,新增样本外,2026-06-03,F1≥10,F1总转账量 + F2转账笔数,closed,2026-06-04,0.17841,2026-06-06,2026-06-07,2026-06-08,0.24011,4,34.58326326999605,68.36652653999211,-67.98946247407657,105.47615043999774,2026-06-06成交量为持仓以来最高，2026-06-07首次缩小，下一日开盘卖出
calibrated_buy,VELVET,样本内,2026-06-03,F1≥10,F1总转账量 + F5巨额转账,closed,2026-06-04,0.10878,2026-06-06,2026-06-07,2026-06-08,0.25019,4,129.99632285346573,259.19264570693144,-12.189740761169322,531.6418459275602,2026-06-06成交量为持仓以来最高，2026-06-07首次缩小，下一日开盘卖出
calibrated_buy,BIRB,样本内,2026-06-04,F1≥10,F1总转账量 + F4新地址 + F5巨额转账,closed,2026-06-05,0.08485,2026-06-05,2026-06-06,2026-06-07,0.07666,2,-9.652327637006476,-20.104655274012952,-30.500883912787245,2.2628167354154627,2026-06-05成交量为持仓以来最高，2026-06-06首次缩小，下一日开盘卖出
calibrated_buy,KOMA,样本外,2026-06-11,F1≥10,F1总转账量 + F5巨额转账,closed,2026-06-12,0.007065,2026-06-12,2026-06-13,2026-06-14,0.006849,2,-3.0573248407643305,-6.914649681528661,-18.48549186128803,6.227883934890288,2026-06-12成交量为持仓以来最高，2026-06-13首次缩小，下一日开盘卖出
calibrated_buy,CYS,新增样本外,2026-06-13,F1≥10,F1总转账量 + F5巨额转账,closed,2026-06-14,0.4652,2026-06-15,2026-06-16,2026-06-17,0.4469,3,-3.933791917454854,-8.667583834909708,-10.49011177987962,7.738607050730861,2026-06-15成交量为持仓以来最高，2026-06-16首次缩小，下一日开盘卖出
calibrated_buy,SIREN,样本内,2026-06-14,F1≥10,F1总转账量 + F2转账笔数 + F3活跃地址 + F4新地址 + F5巨额转账,closed,2026-06-15,0.0522,2026-06-15,2026-06-16,2026-06-17,0.0461,2,-11.68582375478927,-24.17164750957854,-44.444444444444464,50.95785440613025,2026-06-15成交量为持仓以来最高，2026-06-16首次缩小，下一日开盘卖出
calibrated_buy,GWEI,新增样本外,2026-06-26,F1≥10,F1总转账量 + F5巨额转账,closed,2026-06-27,0.1272,2026-06-29,2026-06-30,2026-07-01,0.126,4,-0.9433962264150941,-2.686792452830188,-25.31446540880504,193.0817610062893,2026-06-29成交量为持仓以来最高，2026-06-30首次缩小，下一日开盘卖出
calibrated_buy,BIRB,样本内,2026-06-30,F3≥5,F1总转账量 + F2转账笔数 + F3活跃地址 + F4新地址 + F5巨额转账 + F6净流冲击,closed,2026-07-01,0.05455,2026-07-02,2026-07-03,2026-07-04,0.07794,3,42.87809349220897,84.95618698441794,-7.5160403299725065,200.43996333638862,2026-07-02成交量为持仓以来最高，2026-07-03首次缩小，下一日开盘卖出
calibrated_buy,RAVE,样本内,2026-07-03,F1≥10,F1总转账量 + F4新地址,closed,2026-07-04,0.2793,2026-07-04,2026-07-05,2026-07-06,0.2906,2,4.045828857858935,7.291657715717871,-12.674543501611168,20.408163265306143,2026-07-04成交量为持仓以来最高，2026-07-05首次缩小，下一日开盘卖出
calibrated_buy,VELVET,样本内,2026-07-09,F1≥10,F1总转账量 + F5巨额转账,closed,2026-07-10,0.4821,2026-07-10,2026-07-11,2026-07-12,0.4396,2,-8.815598423563575,-18.43119684712715,-29.2885293507571,104.66708151835724,2026-07-10成交量为持仓以来最高，2026-07-11首次缩小，下一日开盘卖出
calibrated_buy,DEXE,样本内,2026-07-22,F1≥10；F3≥5,F1总转账量 + F2转账笔数 + F3活跃地址 + F4新地址,closed,2026-07-23,4.156,2026-07-23,,2026-07-23,2.078,0,-50.0,-100.0,-100.0,1.8286814244465877,2×理想化强平：盘中最低价触及入场价50%
any_factor,BULLA,新增样本外,2026-01-01,六因子至少1项触发,F2转账笔数 + F4新地址,closed,2026-01-02,0.04531,2026-01-05,2026-01-06,2026-01-07,0.02931,5,-35.31229309203267,-71.42458618406533,-77.77532553520194,134.27499448245422,2026-01-05成交量为持仓以来最高，2026-01-06首次缩小，下一日开盘卖出
any_factor,DEXE,样本内,2026-01-01,六因子至少1项触发,F1总转账量 + F2转账笔数 + F3活跃地址 + F4新地址,closed,2026-01-02,3.258,2026-01-02,2026-01-03,2026-01-04,3.33,2,2.20994475138121,3.61988950276242,-7.4278698588090775,10.374462860650713,2026-01-02成交量为持仓以来最高，2026-01-03首次缩小，下一日开盘卖出
any_factor,CLO,新增样本外,2026-01-07,六因子至少1项触发,F5巨额转账,closed,2026-01-08,0.5272,2026-01-09,2026-01-10,2026-01-11,0.6031,3,14.396813353565996,27.99362670713199,-2.541729893778477,124.73444613050076,2026-01-09成交量为持仓以来最高，2026-01-10首次缩小，下一日开盘卖出
any_factor,EVAA,新增样本外,2026-01-09,六因子至少1项触发,F4新地址,closed,2026-01-10,0.9863,2026-01-10,2026-01-11,2026-01-12,0.9515,2,-3.5283382338030966,-7.856676467606193,-19.32474906215147,9.67251343404647,2026-01-10成交量为持仓以来最高，2026-01-11首次缩小，下一日开盘卖出
any_factor,RAVE,样本内,2026-01-09,六因子至少1项触发,F2转账笔数 + F3活跃地址 + F4新地址,closed,2026-01-10,0.32856,2026-01-10,2026-01-11,2026-01-12,0.31845,2,-3.0770635500365295,-6.954127100073059,-14.724859995130291,3.4940345751156343,2026-01-10成交量为持仓以来最高，2026-01-11首次缩小，下一日开盘卖出
any_factor,ESPORTS,样本外,2026-01-10,六因子至少1项触发,F4新地址,closed,2026-01-11,0.42264,2026-01-15,2026-01-16,2026-01-17,0.46117,6,9.116505773234906,17.43301154646981,-4.164300586787828,27.14366837024418,2026-01-15成交量为持仓以来最高，2026-01-16首次缩小，下一日开盘卖出
any_factor,CLO,新增样本外,2026-01-11,六因子至少1项触发,F2转账笔数,closed,2026-01-12,0.7314,2026-01-13,2026-01-14,2026-01-15,0.7068,3,-3.3634126333059955,-7.526825266611991,-18.676510801203182,50.17774131802022,2026-01-13成交量为持仓以来最高，2026-01-14首次缩小，下一日开盘卖出
any_factor,KOMA,样本外,2026-01-12,六因子至少1项触发,F2转账笔数,closed,2026-01-13,0.01063,2026-01-15,2026-01-16,2026-01-17,0.01093,4,2.822201317027284,4.8444026340545685,-4.70366886171214,18.062088428974565,2026-01-15成交量为持仓以来最高，2026-01-16首次缩小，下一日开盘卖出
any_factor,BULLA,新增样本外,2026-01-15,六因子至少1项触发,F5巨额转账,closed,2026-01-16,0.0317,2026-01-16,2026-01-17,2026-01-18,0.03089,2,-2.5552050473186094,-5.910410094637219,-10.851735015772856,5.047318611987395,2026-01-16成交量为持仓以来最高，2026-01-17首次缩小，下一日开盘卖出
any_factor,VELVET,样本内,2026-01-15,六因子至少1项触发,F1总转账量,closed,2026-01-16,0.14951,2026-01-17,2026-01-18,2026-01-19,0.13904,3,-7.002876061801889,-14.805752123603778,-23.20914988963949,3.972978396093918,2026-01-17成交量为持仓以来最高，2026-01-18首次缩小，下一日开盘卖出
any_factor,ESPORTS,样本外,2026-01-20,六因子至少1项触发,F1总转账量,closed,2026-01-21,0.45348,2026-01-21,2026-01-22,2026-01-23,0.45355,2,0.015436182411576738,-0.7691276351768466,-0.6527299991179181,38.72276616388817,2026-01-21成交量为持仓以来最高，2026-01-22首次缩小，下一日开盘卖出
any_factor,KOMA,样本外,2026-01-20,六因子至少1项触发,F3活跃地址,closed,2026-01-21,0.00863,2026-01-21,2026-01-22,2026-01-23,0.00881,2,2.085747392815751,3.3714947856315023,-5.33024333719585,13.904982618771733,2026-01-21成交量为持仓以来最高，2026-01-22首次缩小，下一日开盘卖出
any_factor,RAVE,样本内,2026-01-22,六因子至少1项触发,F1总转账量,closed,2026-01-23,0.30534,2026-01-23,2026-01-24,2026-01-25,0.31964,2,4.683303857994359,8.566607715988717,-22.38160738848496,22.460208292395343,2026-01-23成交量为持仓以来最高，2026-01-24首次缩小，下一日开盘卖出
any_factor,VELVET,样本内,2026-01-23,六因子至少1项触发,F4新地址,closed,2026-01-24,0.1395,2026-01-25,2026-01-26,2026-01-27,0.13296,3,-4.688172043010763,-10.176344086021526,-20.17204301075268,1.8207885304659222,2026-01-25成交量为持仓以来最高，2026-01-26首次缩小，下一日开盘卖出
any_factor,BIRB,样本内,2026-01-29,六因子至少1项触发,F1总转账量 + F2转账笔数 + F3活跃地址 + F4新地址 + F5巨额转账 + F6净流冲击,closed,2026-01-30,0.25216,2026-01-30,2026-01-31,2026-02-01,0.23088,2,-8.439086294416242,-17.678172588832485,-34.85881979695431,23.50095177664975,2026-01-30成交量为持仓以来最高，2026-01-31首次缩小，下一日开盘卖出
any_factor,GWEI,新增样本外,2026-01-29,六因子至少1项触发,F2转账笔数 + F3活跃地址 + F5巨额转账 + F6净流冲击,closed,2026-01-30,0.044523,2026-01-30,2026-01-31,2026-02-01,0.041519,2,-6.747074545740405,-14.294149091480811,-49.90678974911844,7.712867506681942,2026-01-30成交量为持仓以来最高，2026-01-31首次缩小，下一日开盘卖出
any_factor,BULLA,新增样本外,2026-01-30,六因子至少1项触发,F3活跃地址,closed,2026-01-31,0.1114,2026-01-31,,2026-02-01,0.0557,1,-50.0,-100.0,-100.0,661.7594254937163,2×理想化强平：盘中最低价触及入场价50%
any_factor,BULLA,新增样本外,2026-02-01,六因子至少1项触发,F3活跃地址 + F4新地址,closed,2026-02-02,0.02176,2026-02-02,2026-02-03,2026-02-04,0.02797,2,28.53860294117645,56.2772058823529,-87.68382352941177,235.38602941176467,2026-02-02成交量为持仓以来最高，2026-02-03首次缩小，下一日开盘卖出
any_factor,CLO,新增样本外,2026-02-06,六因子至少1项触发,F5巨额转账 + F6净流冲击,closed,2026-02-07,0.0644,2026-02-07,2026-02-08,2026-02-09,0.0598,2,-7.14285714285714,-15.08571428571428,-33.54037267080745,5.2795031055900665,2026-02-07成交量为持仓以来最高，2026-02-08首次缩小，下一日开盘卖出
any_factor,DEXE,样本内,2026-02-06,六因子至少1项触发,F1总转账量 + F5巨额转账,closed,2026-02-07,2.219,2026-02-08,2026-02-09,2026-02-10,2.085,3,-6.038756196484895,-12.877512392969791,-17.575484452456045,4.776926543488047,2026-02-08成交量为持仓以来最高，2026-02-09首次缩小，下一日开盘卖出
any_factor,SIREN,样本内,2026-02-07,六因子至少1项触发,F1总转账量 + F2转账笔数 + F5巨额转账,closed,2026-02-08,0.26342,2026-02-08,,2026-02-08,0.13171,0,-50.0,-100.0,-100.0,31.569356920507197,2×理想化强平：盘中最低价触及入场价50%
any_factor,EVAA,新增样本外,2026-02-08,六因子至少1项触发,F1总转账量 + F5巨额转账 + F6净流冲击,closed,2026-02-09,0.4955,2026-02-09,2026-02-10,2026-02-11,0.4765,2,-3.8345105953582315,-8.469021190716463,-20.060544904137245,3.753784056508591,2026-02-09成交量为持仓以来最高，2026-02-10首次缩小，下一日开盘卖出
any_factor,CYS,新增样本外,2026-02-13,六因子至少1项触发,F1总转账量 + F3活跃地址 + F4新地址,closed,2026-02-14,0.4439,2026-02-15,2026-02-16,2026-02-17,0.528,3,18.9457084929038,37.091416985807605,-2.8384771344897697,55.688218067132226,2026-02-15成交量为持仓以来最高，2026-02-16首次缩小，下一日开盘卖出
any_factor,GWEI,新增样本外,2026-02-13,六因子至少1项触发,F5巨额转账,closed,2026-02-14,0.026382,2026-02-16,2026-02-17,2026-02-18,0.028262,4,7.12607080585248,13.45214161170496,-9.802137821241752,33.52285649306346,2026-02-16成交量为持仓以来最高，2026-02-17首次缩小，下一日开盘卖出
any_factor,CLO,新增样本外,2026-02-15,六因子至少1项触发,F1总转账量,closed,2026-02-16,0.06806,2026-02-17,2026-02-18,2026-02-19,0.08114,3,19.218336761680877,37.63667352336176,-4.907434616514816,76.57948868645312,2026-02-17成交量为持仓以来最高，2026-02-18首次缩小，下一日开盘卖出
any_factor,VELVET,样本内,2026-02-17,六因子至少1项触发,F1总转账量 + F3活跃地址,closed,2026-02-18,0.0847,2026-02-19,2026-02-20,2026-02-21,0.07984,3,-5.737898465171199,-12.275796930342398,-38.229043683589126,1.8654073199527943,2026-02-19成交量为持仓以来最高，2026-02-20首次缩小，下一日开盘卖出
any_factor,GWEI,新增样本外,2026-02-18,六因子至少1项触发,F5巨额转账,closed,2026-02-19,0.028445,2026-02-24,2026-02-25,2026-02-26,0.029113,7,2.3483916329759102,3.8967832659518207,-15.939532431007208,80.82264018280894,2026-02-24成交量为持仓以来最高，2026-02-25首次缩小，下一日开盘卖出
any_factor,RAVE,样本内,2026-02-23,六因子至少1项触发,F1总转账量,closed,2026-02-24,0.29837,2026-02-24,2026-02-25,2026-02-26,0.2892,2,-3.073365284713614,-6.946730569427228,-44.48168381539701,72.81563159835099,2026-02-24成交量为持仓以来最高，2026-02-25首次缩小，下一日开盘卖出
any_factor,CYS,新增样本外,2026-03-01,六因子至少1项触发,F1总转账量 + F5巨额转账,closed,2026-03-02,0.3154,2026-03-02,2026-03-03,2026-03-04,0.3163,2,0.28535193405199166,-0.22929613189601672,-13.633481293595452,48.509828788839556,2026-03-02成交量为持仓以来最高，2026-03-03首次缩小，下一日开盘卖出
any_factor,ESPORTS,样本外,2026-03-01,六因子至少1项触发,F2转账笔数,closed,2026-03-02,0.30947,2026-03-03,2026-03-04,2026-03-05,0.30721,3,-0.7302808026626306,-2.260561605325261,-14.928749151775623,6.831033702782152,2026-03-03成交量为持仓以来最高，2026-03-04首次缩小，下一日开盘卖出
any_factor,SOON,样本外,2026-03-03,六因子至少1项触发,F1总转账量 + F5巨额转账,closed,2026-03-04,0.1619,2026-03-05,2026-03-06,2026-03-07,0.1587,3,-1.9765287214329685,-4.753057442865937,-7.535515750463251,14.576899320568248,2026-03-05成交量为持仓以来最高，2026-03-06首次缩小，下一日开盘卖出
any_factor,BIRB,样本内,2026-03-04,六因子至少1项触发,F5巨额转账,closed,2026-03-05,0.14565,2026-03-05,2026-03-06,2026-03-07,0.14372,2,-1.3250944043941004,-3.4501888087882007,-8.788190868520406,11.150017164435289,2026-03-05成交量为持仓以来最高，2026-03-06首次缩小，下一日开盘卖出
any_factor,BULLA,新增样本外,2026-03-06,六因子至少1项触发,F5巨额转账,closed,2026-03-07,0.02656,2026-03-07,2026-03-08,2026-03-09,0.02414,2,-9.11144578313252,-19.02289156626504,-32.98192771084339,1.1295180722891818,2026-03-07成交量为持仓以来最高，2026-03-08首次缩小，下一日开盘卖出
any_factor,RAVE,样本内,2026-03-06,六因子至少1项触发,F4新地址,closed,2026-03-07,0.29479,2026-03-07,2026-03-08,2026-03-09,0.26007,2,-11.77787577597611,-24.35575155195222,-34.11920350079718,1.8046745140608333,2026-03-07成交量为持仓以来最高，2026-03-08首次缩小，下一日开盘卖出
any_factor,GWEI,新增样本外,2026-03-10,六因子至少1项触发,F5巨额转账,closed,2026-03-11,0.051241,2026-03-11,2026-03-12,2026-03-13,0.052099,2,1.6744403895318172,2.5488807790636345,-20.452372123885176,32.59108916687805,2026-03-11成交量为持仓以来最高，2026-03-12首次缩小，下一日开盘卖出
any_factor,CYS,新增样本外,2026-03-11,六因子至少1项触发,F4新地址,closed,2026-03-12,0.4397,2026-03-12,2026-03-13,2026-03-14,0.4461,2,1.4555378667273189,2.111075733454638,-23.379576984307484,43.939049351830796,2026-03-12成交量为持仓以来最高，2026-03-13首次缩小，下一日开盘卖出
any_factor,EVAA,新增样本外,2026-03-13,六因子至少1项触发,F3活跃地址 + F5巨额转账,closed,2026-03-14,0.5466,2026-03-14,2026-03-15,2026-03-16,0.5556,2,1.6465422612513825,2.493084522502765,-7.427735089645071,7.537504573728526,2026-03-14成交量为持仓以来最高，2026-03-15首次缩小，下一日开盘卖出
any_factor,KOMA,样本外,2026-03-13,六因子至少1项触发,F3活跃地址,closed,2026-03-14,0.008318,2026-03-14,2026-03-15,2026-03-16,0.007633,2,-8.235152680932922,-17.270305361865844,-19.475835537388807,1.130079345996604,2026-03-14成交量为持仓以来最高，2026-03-15首次缩小，下一日开盘卖出
any_factor,BULLA,新增样本外,2026-03-14,六因子至少1项触发,F4新地址,closed,2026-03-15,0.00871,2026-03-15,2026-03-16,2026-03-17,0.00833,2,-4.362801377726755,-9.52560275545351,-47.76119402985077,6.6590126291618645,2026-03-15成交量为持仓以来最高，2026-03-16首次缩小，下一日开盘卖出
any_factor,ESPORTS,样本外,2026-03-14,六因子至少1项触发,F1总转账量 + F5巨额转账 + F6净流冲击,closed,2026-03-15,0.30519,2026-03-16,2026-03-17,2026-03-18,0.3386,3,10.947278744388743,21.094557488777486,-4.0302762213703325,41.63308103148857,2026-03-16成交量为持仓以来最高，2026-03-17首次缩小，下一日开盘卖出
any_factor,DEXE,样本内,2026-03-15,六因子至少1项触发,F4新地址,closed,2026-03-16,5.213,2026-03-17,2026-03-18,2026-03-19,5.637,3,8.133512372913865,15.467024745827729,-8.977556109725683,43.54498369460962,2026-03-17成交量为持仓以来最高，2026-03-18首次缩小，下一日开盘卖出
any_factor,CLO,新增样本外,2026-03-19,六因子至少1项触发,F5巨额转账,closed,2026-03-20,0.07193,2026-03-20,2026-03-21,2026-03-22,0.06804,2,-5.408035590157089,-11.61607118031418,-15.070207145836223,1.0009731683581435,2026-03-20成交量为持仓以来最高，2026-03-21首次缩小，下一日开盘卖出
any_factor,GWEI,新增样本外,2026-03-21,六因子至少1项触发,F5巨额转账,closed,2026-03-22,0.045254,2026-03-22,2026-03-23,2026-03-24,0.042633,2,-5.791753215185413,-12.383506430370828,-36.45644583904184,33.34953816237238,2026-03-22成交量为持仓以来最高，2026-03-23首次缩小，下一日开盘卖出
any_factor,KOMA,样本外,2026-03-21,六因子至少1项触发,F1总转账量,closed,2026-03-22,0.006635,2026-03-22,2026-03-23,2026-03-24,0.006032,2,-9.088168801808594,-18.97633760361719,-20.859080633006787,11.785983421250945,2026-03-22成交量为持仓以来最高，2026-03-23首次缩小，下一日开盘卖出
any_factor,SIREN,样本内,2026-03-21,六因子至少1项触发,F2转账笔数 + F3活跃地址 + F4新地址,closed,2026-03-22,0.94337,2026-03-22,2026-03-23,2026-03-24,2.37293,2,151.5375727445223,302.2751454890446,-37.11587182123664,819.8861528350487,2026-03-22成交量为持仓以来最高，2026-03-23首次缩小，下一日开盘卖出
any_factor,BIRB,样本内,2026-03-22,六因子至少1项触发,F6净流冲击,closed,2026-03-23,0.14664,2026-03-23,2026-03-24,2026-03-25,0.14177,2,-3.3210583742498523,-7.442116748499704,-11.142935079105264,13.147845062738694,2026-03-23成交量为持仓以来最高，2026-03-24首次缩小，下一日开盘卖出
any_factor,CYS,新增样本外,2026-03-24,六因子至少1项触发,F4新地址,closed,2026-03-25,0.5456,2026-03-26,2026-03-27,2026-03-28,0.3439,3,-36.968475073313776,-74.73695014662755,-82.00146627565981,22.287390029325536,2026-03-26成交量为持仓以来最高，2026-03-27首次缩小，下一日开盘卖出
any_factor,DEXE,样本内,2026-03-26,六因子至少1项触发,F3活跃地址,closed,2026-03-27,7.207,2026-03-27,2026-03-28,2026-03-29,7.152,2,-0.763146940474535,-2.32629388094907,-8.436242541973083,7.825724989593441,2026-03-27成交量为持仓以来最高，2026-03-28首次缩小，下一日开盘卖出
any_factor,GWEI,新增样本外,2026-03-26,六因子至少1项触发,F5巨额转账,closed,2026-03-27,0.042846,2026-03-27,2026-03-28,2026-03-29,0.04009,2,-6.432339074826121,-13.664678149652243,-22.475843719367038,1.3070064883536237,2026-03-27成交量为持仓以来最高，2026-03-28首次缩小，下一日开盘卖出
any_factor,BIRB,样本内,2026-03-30,六因子至少1项触发,F5巨额转账,closed,2026-03-31,0.13024,2026-03-31,2026-04-01,2026-04-02,0.13256,2,1.7813267813267863,2.762653562653573,-4.929361179361158,14.588452088452097,2026-03-31成交量为持仓以来最高，2026-04-01首次缩小，下一日开盘卖出
any_factor,DEXE,样本内,2026-04-01,六因子至少1项触发,F4新地址,closed,2026-04-02,7.858,2026-04-02,2026-04-03,2026-04-04,8.052,2,2.4688215831000226,4.1376431662000455,-8.526342580809377,29.065920081445682,2026-04-02成交量为持仓以来最高，2026-04-03首次缩小，下一日开盘卖出
any_factor,CYS,新增样本外,2026-04-04,六因子至少1项触发,F2转账笔数 + F6净流冲击,closed,2026-04-05,0.2218,2026-04-05,2026-04-06,2026-04-07,0.2127,2,-4.102795311091068,-9.005590622182137,-17.40306582506761,51.668169522092015,2026-04-05成交量为持仓以来最高，2026-04-06首次缩小，下一日开盘卖出
any_factor,CLO,新增样本外,2026-04-06,六因子至少1项触发,F2转账笔数,closed,2026-04-07,0.09971,2026-04-08,2026-04-09,2026-04-10,0.08007,3,-19.697121652793093,-40.194243305586184,-52.57246013438972,19.235783772941552,2026-04-08成交量为持仓以来最高，2026-04-09首次缩小，下一日开盘卖出
any_factor,KOMA,样本外,2026-04-06,六因子至少1项触发,F2转账笔数 + F3活跃地址 + F4新地址,closed,2026-04-07,0.009423,2026-04-07,2026-04-08,2026-04-09,0.008547,2,-9.296402419611594,-19.39280483922319,-32.85577841451768,3.7567653613498564,2026-04-07成交量为持仓以来最高，2026-04-08首次缩小，下一日开盘卖出
any_factor,SOON,样本外,2026-04-07,六因子至少1项触发,F1总转账量,closed,2026-04-08,0.1195,2026-04-11,2026-04-12,2026-04-13,0.1226,5,2.594142259414234,4.388284518828468,-32.13389121338912,69.79079497907952,2026-04-11成交量为持仓以来最高，2026-04-12首次缩小，下一日开盘卖出
any_factor,BULLA,新增样本外,2026-04-08,六因子至少1项触发,F1总转账量 + F4新地址,closed,2026-04-09,0.015362,2026-04-09,,2026-04-10,0.007681,1,-50.0,-100.0,-100.0,123.89011847415703,2×理想化强平：盘中最低价触及入场价50%
any_factor,EVAA,新增样本外,2026-04-10,六因子至少1项触发,F3活跃地址,closed,2026-04-11,0.6604,2026-04-11,2026-04-12,2026-04-13,0.6305,2,-4.527559055118113,-9.855118110236226,-16.777710478497877,123.41005451241674,2026-04-11成交量为持仓以来最高，2026-04-12首次缩小，下一日开盘卖出
any_factor,RAVE,样本内,2026-04-10,六因子至少1项触发,F1总转账量,closed,2026-04-11,1.60595,2026-04-11,2026-04-12,2026-04-13,5.97116,2,271.81481366169555,542.8296273233912,-5.423581057940785,1369.1559513060806,2026-04-11成交量为持仓以来最高，2026-04-12首次缩小，下一日开盘卖出
any_factor,DEXE,样本内,2026-04-11,六因子至少1项触发,F2转账笔数,closed,2026-04-12,9.595,2026-04-12,2026-04-13,2026-04-14,9.744,2,1.5528921313183952,2.3057842626367906,-2.3970818134445127,16.404377279833238,2026-04-12成交量为持仓以来最高，2026-04-13首次缩小，下一日开盘卖出
any_factor,DEXE,样本内,2026-04-16,六因子至少1项触发,F2转账笔数,closed,2026-04-17,11.044,2026-04-19,2026-04-20,2026-04-21,14.109,4,27.75262586019558,54.70525172039116,-0.23542194856935872,93.5530604853314,2026-04-19成交量为持仓以来最高，2026-04-20首次缩小，下一日开盘卖出
any_factor,EVAA,新增样本外,2026-04-17,六因子至少1项触发,F1总转账量 + F2转账笔数 + F3活跃地址 + F5巨额转账,closed,2026-04-18,0.7711,2026-04-18,2026-04-19,2026-04-20,0.6848,2,-11.191803916482957,-23.183607832965915,-47.931526390870175,22.694851510828684,2026-04-18成交量为持仓以来最高，2026-04-19首次缩小，下一日开盘卖出
any_factor,GWEI,新增样本外,2026-04-17,六因子至少1项触发,F3活跃地址,closed,2026-04-18,0.08637,2026-04-19,2026-04-20,2026-04-21,0.10448,3,20.96792867893944,41.13585735787888,-15.56095866620355,101.00729419937475,2026-04-19成交量为持仓以来最高，2026-04-20首次缩小，下一日开盘卖出
any_factor,SOON,样本外,2026-04-18,六因子至少1项触发,F2转账笔数 + F3活跃地址 + F4新地址,closed,2026-04-19,0.1862,2026-04-20,2026-04-21,2026-04-22,0.1652,3,-11.2781954887218,-23.3563909774436,-27.712137486573596,5.907626208378103,2026-04-20成交量为持仓以来最高，2026-04-21首次缩小，下一日开盘卖出
any_factor,KOMA,样本外,2026-04-20,六因子至少1项触发,F2转账笔数,closed,2026-04-21,0.008561,2026-04-21,2026-04-22,2026-04-23,0.00855,2,-0.12848966242260396,-1.056979324845208,-8.737297044737758,10.466067048242023,2026-04-21成交量为持仓以来最高，2026-04-22首次缩小，下一日开盘卖出
any_factor,DEXE,样本内,2026-04-24,六因子至少1项触发,F2转账笔数,closed,2026-04-25,12.988,2026-04-25,2026-04-26,2026-04-27,13.712,2,5.574376347397592,10.348752694795182,-4.373267631659972,28.24145364952262,2026-04-25成交量为持仓以来最高，2026-04-26首次缩小，下一日开盘卖出
any_factor,BULLA,新增样本外,2026-04-26,六因子至少1项触发,F5巨额转账,closed,2026-04-27,0.007288,2026-04-28,2026-04-29,2026-04-30,0.007113,3,-2.401207464324917,-5.602414928649834,-19.950603732162463,10.208562019758505,2026-04-28成交量为持仓以来最高，2026-04-29首次缩小，下一日开盘卖出
any_factor,ESPORTS,样本外,2026-04-26,六因子至少1项触发,F1总转账量,closed,2026-04-27,0.332,2026-04-27,2026-04-28,2026-04-29,0.3664,2,10.361445783132517,19.922891566265033,-1.987951807228927,42.16867469879517,2026-04-27成交量为持仓以来最高，2026-04-28首次缩小，下一日开盘卖出
any_factor,BIRB,样本内,2026-04-29,六因子至少1项触发,F5巨额转账,closed,2026-04-30,0.1343,2026-04-30,2026-05-01,2026-05-02,0.13206,2,-1.667907669396862,-4.135815338793724,-7.5204765450483935,5.152643335815332,2026-04-30成交量为持仓以来最高，2026-05-01首次缩小，下一日开盘卖出
any_factor,DEXE,样本内,2026-04-29,六因子至少1项触发,F1总转账量,closed,2026-04-30,12.379,2026-04-30,2026-05-01,2026-05-02,10.678,2,-13.741013005897074,-28.282026011794148,-35.673317715485894,1.9549236610388654,2026-04-30成交量为持仓以来最高，2026-05-01首次缩小，下一日开盘卖出
any_factor,GWEI,新增样本外,2026-05-05,六因子至少1项触发,F1总转账量,closed,2026-05-06,0.12877,2026-05-06,2026-05-07,2026-05-08,0.12929,2,0.40382076570628644,0.007641531412572844,-9.645103673215804,22.722683854935166,2026-05-06成交量为持仓以来最高，2026-05-07首次缩小，下一日开盘卖出
any_factor,ESPORTS,样本外,2026-05-06,六因子至少1项触发,F2转账笔数,closed,2026-05-07,0.415,2026-05-08,2026-05-09,2026-05-10,0.3515,3,-15.301204819277114,-31.40240963855423,-33.34939759036144,4.530120481927735,2026-05-08成交量为持仓以来最高，2026-05-09首次缩小，下一日开盘卖出
any_factor,KOMA,样本外,2026-05-07,六因子至少1项触发,F1总转账量 + F5巨额转账,closed,2026-05-08,0.00768,2026-05-08,2026-05-09,2026-05-10,0.008809,2,14.700520833333353,28.601041666666706,-4.427083333333326,31.30208333333333,2026-05-08成交量为持仓以来最高，2026-05-09首次缩小，下一日开盘卖出
any_factor,EVAA,新增样本外,2026-05-08,六因子至少1项触发,F4新地址,closed,2026-05-09,0.7267,2026-05-09,2026-05-10,2026-05-11,0.6681,2,-8.063850282097151,-16.927700564194303,-41.77790009632587,6.9905050227053955,2026-05-09成交量为持仓以来最高，2026-05-10首次缩小，下一日开盘卖出
any_factor,GWEI,新增样本外,2026-05-08,六因子至少1项触发,F1总转账量,closed,2026-05-09,0.13236,2026-05-09,2026-05-10,2026-05-11,0.12508,2,-5.5001511030522865,-11.800302206104574,-21.124206708975525,3.9891205802357277,2026-05-09成交量为持仓以来最高，2026-05-10首次缩小，下一日开盘卖出
any_factor,VELVET,样本内,2026-05-11,六因子至少1项触发,F1总转账量 + F5巨额转账,closed,2026-05-12,0.09014,2026-05-13,2026-05-14,2026-05-15,0.10206,3,13.2238739738185,25.647747947637,-1.087197692478381,95.09651652984248,2026-05-13成交量为持仓以来最高，2026-05-14首次缩小，下一日开盘卖出
any_factor,ESPORTS,样本外,2026-05-12,六因子至少1项触发,F1总转账量,closed,2026-05-13,0.5576,2026-05-15,2026-05-16,2026-05-17,0.6975,4,25.08967001434721,49.37934002869442,-6.599713055954082,64.70588235294117,2026-05-15成交量为持仓以来最高，2026-05-16首次缩小，下一日开盘卖出
any_factor,GWEI,新增样本外,2026-05-13,六因子至少1项触发,F1总转账量,closed,2026-05-14,0.13157,2026-05-15,2026-05-16,2026-05-17,0.14802,3,12.502850193813186,24.205700387626372,-14.790605761191756,51.72911757999543,2026-05-15成交量为持仓以来最高，2026-05-16首次缩小，下一日开盘卖出
any_factor,CLO,新增样本外,2026-05-21,六因子至少1项触发,F2转账笔数,closed,2026-05-22,0.06788,2026-05-23,2026-05-24,2026-05-25,0.06511,3,-4.080730701237467,-8.961461402474935,-19.740718915733634,14.437242192103739,2026-05-23成交量为持仓以来最高，2026-05-24首次缩小，下一日开盘卖出
any_factor,GWEI,新增样本外,2026-05-22,六因子至少1项触发,F1总转账量 + F5巨额转账,closed,2026-05-23,0.11674,2026-05-23,2026-05-24,2026-05-25,0.12005,2,2.835360630460859,4.8707212609217185,-9.097138941236938,9.970875449717331,2026-05-23成交量为持仓以来最高，2026-05-24首次缩小，下一日开盘卖出
any_factor,SOON,样本外,2026-05-22,六因子至少1项触发,F1总转账量 + F5巨额转账 + F6净流冲击,closed,2026-05-23,0.1569,2026-05-23,2026-05-24,2026-05-25,0.1589,2,1.2746972594009032,1.7493945188018063,-10.5799872530274,38.11344805608665,2026-05-23成交量为持仓以来最高，2026-05-24首次缩小，下一日开盘卖出
any_factor,ESPORTS,样本外,2026-05-25,六因子至少1项触发,F5巨额转账,closed,2026-05-26,0.0529,2026-05-26,2026-05-27,2026-05-28,0.0383,2,-27.5992438563327,-55.998487712665394,-69.94328922495274,77.88279773156899,2026-05-26成交量为持仓以来最高，2026-05-27首次缩小，下一日开盘卖出
any_factor,BIRB,样本内,2026-05-29,六因子至少1项触发,F5巨额转账,closed,2026-05-30,0.10009,2026-06-02,2026-06-03,2026-06-04,0.08954,5,-10.540513537815965,-21.88102707563193,-37.56619042861424,4.2361874313118,2026-06-02成交量为持仓以来最高，2026-06-03首次缩小，下一日开盘卖出
any_factor,CLO,新增样本外,2026-05-29,六因子至少1项触发,F2转账笔数,closed,2026-05-30,0.07196,2026-05-30,2026-05-31,2026-06-01,0.08205,2,14.021678710394658,27.243357420789316,-0.1945525291828787,107.47637576431353,2026-05-30成交量为持仓以来最高，2026-05-31首次缩小，下一日开盘卖出
any_factor,BULLA,新增样本外,2026-06-03,六因子至少1项触发,F4新地址,closed,2026-06-04,0.005353,2026-06-05,2026-06-06,2026-06-07,0.00438,3,-18.17672333271063,-37.15344666542126,-49.61703717541566,1.756024659069677,2026-06-05成交量为持仓以来最高，2026-06-06首次缩小，下一日开盘卖出
any_factor,SIREN,样本内,2026-06-03,六因子至少1项触发,F1总转账量,closed,2026-06-04,0.5954,2026-06-04,2026-06-05,2026-06-06,0.7456,2,25.226738327175013,49.65347665435003,-15.115888478333916,92.50923748740342,2026-06-04成交量为持仓以来最高，2026-06-05首次缩小，下一日开盘卖出
any_factor,VELVET,样本内,2026-06-03,六因子至少1项触发,F1总转账量 + F5巨额转账,closed,2026-06-04,0.10878,2026-06-06,2026-06-07,2026-06-08,0.25019,4,129.99632285346573,259.19264570693144,-12.189740761169322,531.6418459275602,2026-06-06成交量为持仓以来最高，2026-06-07首次缩小，下一日开盘卖出
any_factor,DEXE,样本内,2026-06-04,六因子至少1项触发,F2转账笔数 + F3活跃地址 + F4新地址,closed,2026-06-05,20.448,2026-06-05,2026-06-06,2026-06-07,19.975,2,-2.3131846635367714,-5.426369327073543,-15.512519561815363,7.756259780907682,2026-06-05成交量为持仓以来最高，2026-06-06首次缩小，下一日开盘卖出
any_factor,BULLA,新增样本外,2026-06-07,六因子至少1项触发,F4新地址,closed,2026-06-08,0.004935,2026-06-08,2026-06-09,2026-06-10,0.004827,2,-2.188449848024321,-5.1768996960486415,-8.551165146909835,26.018237082066875,2026-06-08成交量为持仓以来最高，2026-06-09首次缩小，下一日开盘卖出
any_factor,KOMA,样本外,2026-06-07,六因子至少1项触发,F1总转账量 + F5巨额转账,closed,2026-06-08,0.006498,2026-06-08,2026-06-09,2026-06-10,0.006341,2,-2.4161280393967366,-5.632256078793473,-8.802708525700243,18.190212373037838,2026-06-08成交量为持仓以来最高，2026-06-09首次缩小，下一日开盘卖出
any_factor,CLO,新增样本外,2026-06-08,六因子至少1项触发,F1总转账量 + F2转账笔数 + F3活跃地址,closed,2026-06-09,0.15385,2026-06-09,2026-06-10,2026-06-11,0.10866,2,-29.37276568085797,-59.54553136171594,-69.43126421839452,11.69970750731233,2026-06-09成交量为持仓以来最高，2026-06-10首次缩小，下一日开盘卖出
any_factor,BIRB,样本内,2026-06-11,六因子至少1项触发,F4新地址,closed,2026-06-12,0.07931,2026-06-12,2026-06-13,2026-06-14,0.07642,2,-3.6439288866473407,-8.087857773294681,-12.079182952969369,16.92094313453536,2026-06-12成交量为持仓以来最高，2026-06-13首次缩小，下一日开盘卖出
any_factor,SOON,样本外,2026-06-11,六因子至少1项触发,F5巨额转账,closed,2026-06-12,0.1678,2026-06-12,2026-06-13,2026-06-14,0.1736,2,3.456495828367112,6.112991656734224,-1.907032181168078,17.759237187127532,2026-06-12成交量为持仓以来最高，2026-06-13首次缩小，下一日开盘卖出
any_factor,RAVE,样本内,2026-06-12,六因子至少1项触发,F3活跃地址 + F4新地址,closed,2026-06-13,0.3309,2026-06-15,2026-06-16,2026-06-17,0.2906,4,-12.17890601390148,-25.15781202780296,-40.61650045330918,4.049561801148371,2026-06-15成交量为持仓以来最高，2026-06-16首次缩小，下一日开盘卖出
any_factor,BULLA,新增样本外,2026-06-13,六因子至少1项触发,F1总转账量,closed,2026-06-14,0.004906,2026-06-15,2026-06-16,2026-06-17,0.00486,3,-0.9376273950264968,-2.6752547900529935,-8.397880146759062,22.99225438238892,2026-06-15成交量为持仓以来最高，2026-06-16首次缩小，下一日开盘卖出
any_factor,CYS,新增样本外,2026-06-13,六因子至少1项触发,F1总转账量 + F5巨额转账,closed,2026-06-14,0.4652,2026-06-15,2026-06-16,2026-06-17,0.4469,3,-3.933791917454854,-8.667583834909708,-10.49011177987962,7.738607050730861,2026-06-15成交量为持仓以来最高，2026-06-16首次缩小，下一日开盘卖出
any_factor,VELVET,样本内,2026-06-13,六因子至少1项触发,F2转账笔数,closed,2026-06-14,0.4001,2026-06-14,2026-06-15,2026-06-16,0.3704,2,-7.423144213946509,-15.646288427893019,-48.82779305173705,93.47663084228941,2026-06-14成交量为持仓以来最高，2026-06-15首次缩小，下一日开盘卖出
any_factor,GWEI,新增样本外,2026-06-14,六因子至少1项触发,F2转账笔数,closed,2026-06-15,0.17138,2026-06-15,2026-06-16,2026-06-17,0.12525,2,-26.91679309137589,-54.63358618275178,-67.66250437623992,8.040611506593542,2026-06-15成交量为持仓以来最高，2026-06-16首次缩小，下一日开盘卖出
any_factor,SIREN,样本内,2026-06-14,六因子至少1项触发,F1总转账量 + F2转账笔数 + F3活跃地址 + F4新地址 + F5巨额转账,closed,2026-06-15,0.0522,2026-06-15,2026-06-16,2026-06-17,0.0461,2,-11.68582375478927,-24.17164750957854,-44.444444444444464,50.95785440613025,2026-06-15成交量为持仓以来最高，2026-06-16首次缩小，下一日开盘卖出
any_factor,BIRB,样本内,2026-06-15,六因子至少1项触发,F4新地址,closed,2026-06-16,0.07678,2026-06-17,2026-06-18,2026-06-19,0.06891,3,-10.250065121125296,-21.300130242250592,-21.698358947642625,0.4688721021099074,2026-06-17成交量为持仓以来最高，2026-06-18首次缩小，下一日开盘卖出
any_factor,DEXE,样本内,2026-06-15,六因子至少1项触发,F1总转账量,closed,2026-06-16,18.99,2026-06-18,2026-06-19,2026-06-20,16.9,4,-11.005792522380197,-22.811585044760395,-62.03264876250658,6.63507109004744,2026-06-18成交量为持仓以来最高，2026-06-19首次缩小，下一日开盘卖出
any_factor,EVAA,新增样本外,2026-06-16,六因子至少1项触发,F3活跃地址 + F4新地址,closed,2026-06-17,0.7183,2026-06-17,2026-06-18,2026-06-19,0.6147,2,-14.42294306000279,-29.64588612000558,-35.639704858694145,39.45426701935122,2026-06-17成交量为持仓以来最高，2026-06-18首次缩小，下一日开盘卖出
any_factor,CLO,新增样本外,2026-06-17,六因子至少1项触发,F4新地址,closed,2026-06-18,0.17729,2026-06-18,2026-06-19,2026-06-20,0.21831,2,23.137232782446837,45.47446556489368,-13.10846635456031,142.1851204241638,2026-06-18成交量为持仓以来最高，2026-06-19首次缩小，下一日开盘卖出
any_factor,KOMA,样本外,2026-06-18,六因子至少1项触发,F1总转账量 + F3活跃地址 + F4新地址 + F5巨额转账,closed,2026-06-19,0.008149,2026-06-19,2026-06-20,2026-06-21,0.008413,2,3.239661308135977,5.679322616271954,-3.5832617499079733,20.959626948091792,2026-06-19成交量为持仓以来最高，2026-06-20首次缩小，下一日开盘卖出
any_factor,CLO,新增样本外,2026-06-21,六因子至少1项触发,F1总转账量 + F2转账笔数 + F3活跃地址 + F4新地址,closed,2026-06-22,0.1799,2026-06-23,2026-06-24,2026-06-25,0.223,3,23.957754307948864,47.11550861589773,-3.7020566981656566,137.69872151195105,2026-06-23成交量为持仓以来最高，2026-06-24首次缩小，下一日开盘卖出
any_factor,ESPORTS,样本外,2026-06-21,六因子至少1项触发,F5巨额转账 + F6净流冲击,closed,2026-06-22,0.0325,2026-06-23,2026-06-24,2026-06-25,0.03029,3,-6.799999999999995,-14.399999999999991,-58.33846153846156,38.95384615384616,2026-06-23成交量为持仓以来最高，2026-06-24首次缩小，下一日开盘卖出
any_factor,GWEI,新增样本外,2026-06-23,六因子至少1项触发,F5巨额转账,closed,2026-06-24,0.1192,2026-06-25,2026-06-26,2026-06-27,0.1272,3,6.711409395973167,12.622818791946333,-6.040268456375841,31.04026845637584,2026-06-25成交量为持仓以来最高，2026-06-26首次缩小，下一日开盘卖出
any_factor,RAVE,样本内,2026-06-24,六因子至少1项触发,F1总转账量,closed,2026-06-25,0.252,2026-06-25,2026-06-26,2026-06-27,0.2276,2,-9.682539682539682,-20.165079365079364,-37.69841269841272,35.158730158730165,2026-06-25成交量为持仓以来最高，2026-06-26首次缩小，下一日开盘卖出
any_factor,BIRB,样本内,2026-06-29,六因子至少1项触发,F5巨额转账,closed,2026-06-30,0.05862,2026-06-30,2026-07-01,2026-07-02,0.05479,2,-6.533606277720915,-13.867212555441832,-20.880245649948815,172.63732514500168,2026-06-30成交量为持仓以来最高，2026-07-01首次缩小，下一日开盘卖出
any_factor,GWEI,新增样本外,2026-07-02,六因子至少1项触发,F4新地址,closed,2026-07-03,0.1237,2026-07-04,2026-07-05,2026-07-06,0.143,3,15.602263540824568,30.404527081649135,-16.653193209377527,49.797898140662866,2026-07-04成交量为持仓以来最高，2026-07-05首次缩小，下一日开盘卖出
any_factor,DEXE,样本内,2026-07-08,六因子至少1项触发,F2转账笔数,closed,2026-07-09,29.15,2026-07-10,2026-07-11,2026-07-12,38.24,3,31.183533447684407,61.56706689536882,-26.072041166380778,142.98456260720417,2026-07-10成交量为持仓以来最高，2026-07-11首次缩小，下一日开盘卖出
any_factor,EVAA,新增样本外,2026-07-08,六因子至少1项触发,F2转账笔数,closed,2026-07-09,2.7734,2026-07-09,2026-07-10,2026-07-11,2.452,2,-11.588663734044857,-23.977327468089715,-87.04117689478619,14.054950602149008,2026-07-09成交量为持仓以来最高，2026-07-10首次缩小，下一日开盘卖出
any_factor,VELVET,样本内,2026-07-09,六因子至少1项触发,F1总转账量 + F5巨额转账,closed,2026-07-10,0.4821,2026-07-10,2026-07-11,2026-07-12,0.4396,2,-8.815598423563575,-18.43119684712715,-29.2885293507571,104.66708151835724,2026-07-10成交量为持仓以来最高，2026-07-11首次缩小，下一日开盘卖出
any_factor,CYS,新增样本外,2026-07-12,六因子至少1项触发,F4新地址,closed,2026-07-13,0.2973,2026-07-14,2026-07-15,2026-07-16,0.308,3,3.599058190380089,6.398116380760178,-3.161789438277829,26.30339724184325,2026-07-14成交量为持仓以来最高，2026-07-15首次缩小，下一日开盘卖出
any_factor,KOMA,样本外,2026-07-12,六因子至少1项触发,F5巨额转账,closed,2026-07-13,0.006987,2026-07-13,2026-07-14,2026-07-15,0.006856,2,-1.8749105481608686,-4.549821096321737,-9.04536997280665,23.386288822098187,2026-07-13成交量为持仓以来最高，2026-07-14首次缩小，下一日开盘卖出
any_factor,CLO,新增样本外,2026-07-17,六因子至少1项触发,F5巨额转账,closed,2026-07-18,0.18603,2026-07-19,2026-07-20,2026-07-21,0.13574,3,-27.033274203085522,-54.86654840617104,-76.13825727033274,0.3225286244154191,2026-07-19成交量为持仓以来最高，2026-07-20首次缩小，下一日开盘卖出
any_factor,BULLA,新增样本外,2026-07-20,六因子至少1项触发,F1总转账量 + F2转账笔数 + F3活跃地址 + F4新地址,closed,2026-07-21,0.011611,2026-07-21,2026-07-22,2026-07-23,0.011282,2,-2.833519937989837,-6.4670398759796734,-23.494961674274407,17.035569718370525,2026-07-21成交量为持仓以来最高，2026-07-22首次缩小，下一日开盘卖出
any_factor,ESPORTS,样本外,2026-07-21,六因子至少1项触发,F4新地址 + F5巨额转账 + F6净流冲击,closed,2026-07-22,0.03102,2026-07-22,2026-07-23,2026-07-24,0.03988,2,28.56221792392004,56.324435847840086,-25.209542230818837,114.11992263056092,2026-07-22成交量为持仓以来最高，2026-07-23首次缩小，下一日开盘卖出
any_factor,GWEI,新增样本外,2026-07-21,六因子至少1项触发,F4新地址,closed,2026-07-22,0.0259,2026-07-25,2026-07-26,2026-07-27,0.02064,5,-20.30888030888032,-41.417760617760635,-66.02316602316603,30.810810810810807,2026-07-25成交量为持仓以来最高，2026-07-26首次缩小，下一日开盘卖出
any_factor,SOON,样本外,2026-07-21,六因子至少1项触发,F5巨额转账 + F6净流冲击,closed,2026-07-22,0.1645,2026-07-24,2026-07-25,2026-07-26,0.17,4,3.3434650455927084,5.886930091185417,-2.917933130699102,53.00911854103343,2026-07-24成交量为持仓以来最高，2026-07-25首次缩小，下一日开盘卖出
any_factor,DEXE,样本内,2026-07-22,六因子至少1项触发,F1总转账量 + F2转账笔数 + F3活跃地址 + F4新地址,closed,2026-07-23,4.156,2026-07-23,,2026-07-23,2.078,0,-50.0,-100.0,-100.0,1.8286814244465877,2×理想化强平：盘中最低价触及入场价50%
any_factor,KOMA,样本外,2026-07-22,六因子至少1项触发,F5巨额转账,closed,2026-07-23,0.008298,2026-07-24,2026-07-25,2026-07-26,0.007833,3,-5.60375994215474,-12.007519884309481,-19.088937093275483,3.3743070619426163,2026-07-24成交量为持仓以来最高，2026-07-25首次缩小，下一日开盘卖出
any_factor,BULLA,新增样本外,2026-07-29,六因子至少1项触发,F1总转账量 + F3活跃地址 + F5巨额转账,not_entered,,,,,,,,,,,,
any_factor,SOON,样本外,2026-07-29,六因子至少1项触发,F4新地址,not_entered,,,,,,,,,,,,
price_event,CYS,新增样本外,2026-01-01,|日涨跌|≥20%，事件#1，首日+20.82%,,closed,2026-01-02,0.3517,2026-01-02,2026-01-03,2026-01-04,0.3713,2,5.572931475689513,10.345862951379026,-25.931191356269558,60.79044640318454,2026-01-02成交量为持仓以来最高，2026-01-03首次缩小，下一日开盘卖出
price_event,BULLA,新增样本外,2026-01-02,|日涨跌|≥20%，事件#1，首日+32.83%,F2转账笔数 + F4新地址,closed,2026-01-03,0.06031,2026-01-05,,2026-01-06,0.030155,3,-50.0,-100.0,-100.0,51.135798375062166,2×理想化强平：盘中最低价触及入场价50%
price_event,EVAA,新增样本外,2026-01-03,|日涨跌|≥20%，事件#1，首日+26.69%,,closed,2026-01-04,1.2651,2026-01-04,2026-01-05,2026-01-06,1.3712,2,8.38668879930442,15.973377598608838,-23.318314757726654,41.43545964745869,2026-01-04成交量为持仓以来最高，2026-01-05首次缩小，下一日开盘卖出
price_event,CLO,新增样本外,2026-01-05,|日涨跌|≥20%，事件#1，首日+45.38%,,closed,2026-01-06,0.4079,2026-01-06,2026-01-07,2026-01-08,0.5272,2,29.247364550134836,57.694729100269676,-14.121108114733993,172.64035302770287,2026-01-06成交量为持仓以来最高，2026-01-07首次缩小，下一日开盘卖出
price_event,CYS,新增样本外,2026-01-12,|日涨跌|≥20%，事件#2，首日+23.81%,,closed,2026-01-13,0.498,2026-01-13,2026-01-14,2026-01-15,0.4609,2,-7.449799196787154,-15.699598393574309,-27.469879518072293,24.337349397590337,2026-01-13成交量为持仓以来最高，2026-01-14首次缩小，下一日开盘卖出
price_event,CYS,新增样本外,2026-01-28,|日涨跌|≥20%，事件#3，首日-27.46%,,closed,2026-01-29,0.2358,2026-01-29,,2026-01-30,0.1179,1,-50.0,-100.0,-100.0,4.071246819338414,2×理想化强平：盘中最低价触及入场价50%
price_event,BULLA,新增样本外,2026-01-29,|日涨跌|≥20%，事件#2，首日+145.04%,,closed,2026-01-30,0.08615,2026-01-31,,2026-02-01,0.043075,2,-50.0,-100.0,-100.0,914.3354614045269,2×理想化强平：盘中最低价触及入场价50%
price_event,BIRB,样本内,2026-02-03,|日涨跌|≥20%，事件#1，首日+20.82%,F1总转账量 + F2转账笔数 + F3活跃地址 + F4新地址 + F5巨额转账 + F6净流冲击,closed,2026-02-04,0.29687,2026-02-04,2026-02-05,2026-02-06,0.19914,2,-32.920133391720285,-66.64026678344057,-81.22747330481354,7.390440260046471,2026-02-04成交量为持仓以来最高，2026-02-05首次缩小，下一日开盘卖出
price_event,CLO,新增样本外,2026-02-04,|日涨跌|≥20%，事件#2，首日-21.22%,,closed,2026-02-05,0.101,2026-02-06,2026-02-07,2026-02-08,0.056,3,-44.55445544554456,-89.90891089108912,-95.04950495049506,0.0,2026-02-06成交量为持仓以来最高，2026-02-07首次缩小，下一日开盘卖出
price_event,EVAA,新增样本外,2026-02-05,|日涨跌|≥20%，事件#2，首日-21.76%,,closed,2026-02-06,0.4752,2026-02-06,2026-02-07,2026-02-08,0.5024,2,5.723905723905709,10.647811447811417,-33.12289562289561,20.07575757575757,2026-02-06成交量为持仓以来最高，2026-02-07首次缩小，下一日开盘卖出
price_event,SIREN,样本内,2026-02-07,|日涨跌|≥20%，事件#1，首日+187.38%,F1总转账量 + F2转账笔数 + F5巨额转账,closed,2026-02-08,0.26342,2026-02-08,,2026-02-08,0.13171,0,-50.0,-100.0,-100.0,31.569356920507197,2×理想化强平：盘中最低价触及入场价50%
price_event,RAVE,样本内,2026-02-19,|日涨跌|≥20%，事件#1，首日+28.15%,,closed,2026-02-20,0.48919,2026-02-20,2026-02-21,2026-02-22,0.66956,2,36.87115435720272,72.94230871440544,-9.378768985465769,97.144258876919,2026-02-20成交量为持仓以来最高，2026-02-21首次缩小，下一日开盘卖出
price_event,BULLA,新增样本外,2026-02-23,|日涨跌|≥20%，事件#3，首日+81.75%,,closed,2026-02-24,0.04919,2026-02-24,,2026-02-24,0.024595,0,-50.0,-100.0,-100.0,8.944907501524701,2×理想化强平：盘中最低价触及入场价50%
price_event,GWEI,新增样本外,2026-02-26,|日涨跌|≥20%，事件#1，首日+24.17%,,closed,2026-02-27,0.036134,2026-02-28,2026-03-01,2026-03-02,0.041531,3,14.936071290197606,29.072142580395212,-15.486799136547313,95.19566059666795,2026-02-28成交量为持仓以来最高，2026-03-01首次缩小，下一日开盘卖出
price_event,CLO,新增样本外,2026-02-27,|日涨跌|≥20%，事件#3，首日-25.54%,,closed,2026-02-28,0.06975,2026-02-28,2026-03-01,2026-03-02,0.06974,2,-0.014336917562740581,-0.8286738351254812,-8.20071684587813,23.283154121863745,2026-02-28成交量为持仓以来最高，2026-03-01首次缩小，下一日开盘卖出
price_event,SIREN,样本内,2026-03-02,|日涨跌|≥20%，事件#2，首日+68.31%,,closed,2026-03-03,0.42141,2026-03-03,2026-03-04,2026-03-05,0.36675,2,-12.970741083505366,-26.741482167010734,-61.00946821385349,60.26909660425712,2026-03-03成交量为持仓以来最高，2026-03-04首次缩小，下一日开盘卖出
price_event,BULLA,新增样本外,2026-03-10,|日涨跌|≥20%，事件#4，首日-48.43%,,closed,2026-03-11,0.01166,2026-03-11,2026-03-12,2026-03-13,0.00842,2,-27.787307032590046,-56.37461406518009,-62.778730703259015,8.919382504288142,2026-03-11成交量为持仓以来最高，2026-03-12首次缩小，下一日开盘卖出
price_event,SIREN,样本内,2026-03-16,|日涨跌|≥20%，事件#3，首日-21.62%,,closed,2026-03-17,0.46916,2026-03-18,2026-03-19,2026-03-20,0.78822,3,68.00665018330633,135.21330036661266,-2.425611731605426,222.03086367124217,2026-03-18成交量为持仓以来最高，2026-03-19首次缩小，下一日开盘卖出
price_event,CYS,新增样本外,2026-03-24,|日涨跌|≥20%，事件#4，首日-23.79%,F4新地址,closed,2026-03-25,0.5456,2026-03-26,2026-03-27,2026-03-28,0.3439,3,-36.968475073313776,-74.73695014662755,-82.00146627565981,22.287390029325536,2026-03-26成交量为持仓以来最高，2026-03-27首次缩小，下一日开盘卖出
price_event,BULLA,新增样本外,2026-03-31,|日涨跌|≥20%，事件#5，首日+23.53%,,closed,2026-04-01,0.00609,2026-04-01,2026-04-02,2026-04-03,0.006041,2,-0.8045977011494232,-2.409195402298846,-23.875205254515606,29.885057471264354,2026-04-01成交量为持仓以来最高，2026-04-02首次缩小，下一日开盘卖出
price_event,GWEI,新增样本外,2026-04-01,|日涨跌|≥20%，事件#2，首日+31.71%,,closed,2026-04-02,0.056299,2026-04-02,2026-04-03,2026-04-04,0.053675,2,-4.660828789143679,-10.121657578287358,-25.2260253290467,10.437130322030574,2026-04-02成交量为持仓以来最高，2026-04-03首次缩小，下一日开盘卖出
price_event,ESPORTS,样本外,2026-04-04,|日涨跌|≥20%，事件#1，首日+20.50%,,closed,2026-04-05,0.44398,2026-04-05,2026-04-06,2026-04-07,0.44361,2,-0.0833370872561745,-0.966674174512349,-9.049957205279524,14.239380152259118,2026-04-05成交量为持仓以来最高，2026-04-06首次缩小，下一日开盘卖出
price_event,KOMA,样本外,2026-04-05,|日涨跌|≥20%，事件#1，首日+56.90%,,closed,2026-04-06,0.010116,2026-04-06,2026-04-07,2026-04-08,0.008512,2,-15.856069592724397,-32.512139185448795,-44.306049822064054,35.053380782918175,2026-04-06成交量为持仓以来最高，2026-04-07首次缩小，下一日开盘卖出
price_event,CLO,新增样本外,2026-04-09,|日涨跌|≥20%，事件#4，首日-24.76%,F1总转账量 + F2转账笔数 + F5巨额转账 + F6净流冲击,closed,2026-04-10,0.08007,2026-04-10,2026-04-11,2026-04-12,0.08973,2,12.064443611839648,23.328887223679295,-16.410640689396793,27.950543274634665,2026-04-10成交量为持仓以来最高，2026-04-11首次缩小，下一日开盘卖出
price_event,CYS,新增样本外,2026-04-09,|日涨跌|≥20%，事件#5，首日-24.83%,F1总转账量 + F2转账笔数 + F6净流冲击,closed,2026-04-10,0.17,2026-04-10,2026-04-11,2026-04-12,0.2365,2,39.1176470588235,77.435294117647,-1.764705882352935,121.76470588235296,2026-04-10成交量为持仓以来最高，2026-04-11首次缩小，下一日开盘卖出
price_event,RAVE,样本内,2026-04-09,|日涨跌|≥20%，事件#2，首日+215.78%,,closed,2026-04-10,0.99767,2026-04-10,2026-04-11,2026-04-12,2.16937,2,117.4436436897972,234.0872873795944,-19.5796205158018,1054.4929686168775,2026-04-10成交量为持仓以来最高，2026-04-11首次缩小，下一日开盘卖出
price_event,GWEI,新增样本外,2026-04-11,|日涨跌|≥20%，事件#3，首日+33.17%,,closed,2026-04-12,0.06934,2026-04-12,2026-04-13,2026-04-14,0.06606,2,-4.7303143928468465,-10.260628785693694,-17.940582636284972,8.912604557254111,2026-04-12成交量为持仓以来最高，2026-04-13首次缩小，下一日开盘卖出
price_event,VELVET,样本内,2026-04-12,|日涨跌|≥20%，事件#1，首日+27.11%,,closed,2026-04-13,0.09102,2026-04-13,2026-04-14,2026-04-15,0.0922,2,1.2964183695890918,1.7928367391781836,-31.11404087013845,39.13425620742692,2026-04-13成交量为持仓以来最高，2026-04-14首次缩小，下一日开盘卖出
price_event,EVAA,新增样本外,2026-04-13,|日涨跌|≥20%，事件#3，首日+58.12%,F3活跃地址 + F4新地址,closed,2026-04-14,0.9957,2026-04-14,2026-04-15,2026-04-16,0.755,2,-24.17394797629808,-49.14789595259616,-54.6550165712564,28.181179070000972,2026-04-14成交量为持仓以来最高，2026-04-15首次缩小，下一日开盘卖出
price_event,DEXE,样本内,2026-04-15,|日涨跌|≥20%，事件#1，首日+20.93%,,closed,2026-04-16,12.028,2026-04-19,2026-04-20,2026-04-21,14.109,5,17.301296973727954,33.80259394745591,-17.50914532756902,69.53774526105754,2026-04-19成交量为持仓以来最高，2026-04-20首次缩小，下一日开盘卖出
price_event,SIREN,样本内,2026-04-16,|日涨跌|≥20%，事件#4，首日+151.55%,,closed,2026-04-17,1.9752,2026-04-17,,2026-04-17,0.9876,0,-50.0,-100.0,-100.0,26.609963547995143,2×理想化强平：盘中最低价触及入场价50%
price_event,SOON,样本外,2026-04-17,|日涨跌|≥20%，事件#1，首日+38.34%,,closed,2026-04-18,0.2173,2026-04-18,2026-04-19,2026-04-20,0.1792,2,-17.53336401288541,-35.86672802577082,-48.5043718361712,2.577082374597328,2026-04-18成交量为持仓以来最高，2026-04-19首次缩小，下一日开盘卖出
price_event,GWEI,新增样本外,2026-04-21,|日涨跌|≥20%，事件#4，首日+23.20%,,closed,2026-04-22,0.12882,2026-04-22,2026-04-23,2026-04-24,0.09866,2,-23.412513584847073,-47.62502716969414,-48.90544946436888,0.6831237385499733,2026-04-22成交量为持仓以来最高，2026-04-23首次缩小，下一日开盘卖出
price_event,ESPORTS,样本外,2026-04-24,|日涨跌|≥20%，事件#2，首日+31.34%,,closed,2026-04-25,0.4622,2026-04-25,2026-04-26,2026-04-27,0.332,2,-28.169623539593246,-57.13924707918649,-59.84422327996537,7.3561228905235865,2026-04-25成交量为持仓以来最高，2026-04-26首次缩小，下一日开盘卖出
price_event,RAVE,样本内,2026-05-04,|日涨跌|≥20%，事件#3，首日+26.54%,,closed,2026-05-05,0.7901,2026-05-05,2026-05-06,2026-05-07,0.6469,2,-18.12428806480192,-37.04857612960384,-45.48791292241488,16.048601442855357,2026-05-05成交量为持仓以来最高，2026-05-06首次缩小，下一日开盘卖出
price_event,CLO,新增样本外,2026-05-07,|日涨跌|≥20%，事件#5，首日+30.49%,,closed,2026-05-08,0.14075,2026-05-08,2026-05-09,2026-05-10,0.13252,2,-5.847246891651858,-12.494493783303717,-40.85257548845469,23.51687388987567,2026-05-08成交量为持仓以来最高，2026-05-09首次缩小，下一日开盘卖出
price_event,EVAA,新增样本外,2026-05-07,|日涨跌|≥20%，事件#4，首日+28.48%,,closed,2026-05-08,0.7904,2026-05-08,2026-05-09,2026-05-10,0.7193,2,-8.99544534412955,-18.7908906882591,-40.05566801619433,4.579959514170051,2026-05-08成交量为持仓以来最高，2026-05-09首次缩小，下一日开盘卖出
price_event,ESPORTS,样本外,2026-05-11,|日涨跌|≥20%，事件#3，首日+24.88%,,closed,2026-05-12,0.4629,2026-05-12,2026-05-13,2026-05-14,0.5668,2,22.445452581551084,44.09090516310217,-6.869734283862594,118.85936487362284,2026-05-12成交量为持仓以来最高，2026-05-13首次缩小，下一日开盘卖出
price_event,SIREN,样本内,2026-05-14,|日涨跌|≥20%，事件#5，首日-51.75%,,closed,2026-05-15,0.5499,2026-05-15,2026-05-16,2026-05-17,0.5134,2,-6.637570467357712,-14.075140934715424,-35.897435897435926,14.002545917439546,2026-05-15成交量为持仓以来最高，2026-05-16首次缩小，下一日开盘卖出
price_event,CLO,新增样本外,2026-05-16,|日涨跌|≥20%，事件#6，首日-28.27%,,closed,2026-05-17,0.08229,2026-05-17,2026-05-18,2026-05-19,0.06944,2,-15.615506136833146,-32.03101227366629,-66.2534937416454,3.888686353141324,2026-05-17成交量为持仓以来最高，2026-05-18首次缩小，下一日开盘卖出
price_event,CLO,新增样本外,2026-05-30,|日涨跌|≥20%，事件#7，首日+26.42%,F1总转账量 + F2转账笔数,closed,2026-05-31,0.09099,2026-06-03,2026-06-04,2026-06-05,0.12558,5,38.01516650181338,75.23033300362677,-21.211122101329828,237.1029783492691,2026-06-03成交量为持仓以来最高，2026-06-04首次缩小，下一日开盘卖出
price_event,SIREN,样本内,2026-06-01,|日涨跌|≥20%，事件#6，首日+20.01%,,closed,2026-06-02,0.5944,2026-06-02,2026-06-03,2026-06-04,0.5954,2,0.1682368775235643,-0.4635262449528714,-26.68236877523553,70.65948855989231,2026-06-02成交量为持仓以来最高，2026-06-03首次缩小，下一日开盘卖出
price_event,VELVET,样本内,2026-06-05,|日涨跌|≥20%，事件#2，首日+27.33%,F1总转账量 + F5巨额转账,closed,2026-06-06,0.15429,2026-06-06,2026-06-07,2026-06-08,0.25019,2,62.155680860716835,123.51136172143367,-10.460820532763005,315.83381943094173,2026-06-06成交量为持仓以来最高，2026-06-07首次缩小，下一日开盘卖出
price_event,GWEI,新增样本外,2026-06-06,|日涨跌|≥20%，事件#5，首日+36.43%,,closed,2026-06-07,0.14362,2026-06-07,2026-06-08,2026-06-09,0.17178,2,19.6072970338393,38.4145940676786,-29.884417212087435,54.630274335050856,2026-06-07成交量为持仓以来最高，2026-06-08首次缩小，下一日开盘卖出
price_event,EVAA,新增样本外,2026-06-09,|日涨跌|≥20%，事件#5，首日+32.70%,,closed,2026-06-10,0.4656,2026-06-10,2026-06-11,2026-06-12,0.4001,2,-14.067869415807566,-28.935738831615133,-46.3487972508591,1.0309278350515427,2026-06-10成交量为持仓以来最高，2026-06-11首次缩小，下一日开盘卖出
price_event,DEXE,样本内,2026-06-17,|日涨跌|≥20%，事件#2，首日-21.44%,F1总转账量,closed,2026-06-18,14.51,2026-06-18,2026-06-19,2026-06-20,16.9,2,16.47139903514816,32.14279807029632,-19.434872501722957,37.077877325982065,2026-06-18成交量为持仓以来最高，2026-06-19首次缩小，下一日开盘卖出
price_event,GWEI,新增样本外,2026-06-22,|日涨跌|≥20%，事件#6，首日+21.21%,,closed,2026-06-23,0.1207,2026-06-23,2026-06-24,2026-06-25,0.135,2,11.847555923777975,22.89511184755595,-9.113504556752282,28.169014084507005,2026-06-23成交量为持仓以来最高，2026-06-24首次缩小，下一日开盘卖出
price_event,VELVET,样本内,2026-06-26,|日涨跌|≥20%，事件#3，首日+31.52%,,closed,2026-06-27,0.6775,2026-06-27,2026-06-28,2026-06-29,1.8929,2,179.3948339483395,357.989667896679,-0.14760147601473594,440.61992619926207,2026-06-27成交量为持仓以来最高，2026-06-28首次缩小，下一日开盘卖出
price_event,RAVE,样本内,2026-06-28,|日涨跌|≥20%，事件#4，首日+28.58%,F1总转账量,closed,2026-06-29,0.3282,2026-06-29,2026-06-30,2026-07-01,0.3207,2,-2.2851919561243217,-5.370383912248643,-32.053625837903695,127.48324192565508,2026-06-29成交量为持仓以来最高，2026-06-30首次缩小，下一日开盘卖出
price_event,EVAA,新增样本外,2026-06-29,|日涨跌|≥20%，事件#6，首日+22.58%,,closed,2026-06-30,0.8566,2026-06-30,2026-07-01,2026-07-02,0.9114,2,6.39738501050664,11.994770021013279,-25.939761849171127,49.4513191688069,2026-06-30成交量为持仓以来最高，2026-07-01首次缩小，下一日开盘卖出
price_event,BIRB,样本内,2026-07-02,|日涨跌|≥20%，事件#2，首日+65.83%,F1总转账量 + F2转账笔数 + F3活跃地址 + F4新地址 + F5巨额转账 + F6净流冲击,closed,2026-07-03,0.09081,2026-07-03,2026-07-04,2026-07-05,0.07217,2,-20.526373747384653,-41.852747494769304,-47.81411738795289,9.228058583856402,2026-07-03成交量为持仓以来最高，2026-07-04首次缩小，下一日开盘卖出
price_event,CLO,新增样本外,2026-07-07,|日涨跌|≥20%，事件#8，首日+36.61%,,closed,2026-07-08,0.20192,2026-07-08,2026-07-09,2026-07-10,0.19367,2,-4.085776545166397,-8.971553090332796,-28.892630744849445,27.71394611727418,2026-07-08成交量为持仓以来最高，2026-07-09首次缩小，下一日开盘卖出
price_event,EVAA,新增样本外,2026-07-07,|日涨跌|≥20%，事件#7，首日+164.16%,,closed,2026-07-08,2.6388,2026-07-08,2026-07-09,2026-07-10,2.2321,2,-15.412308625132631,-31.624617250265263,-78.8994997726239,91.7235106866758,2026-07-08成交量为持仓以来最高，2026-07-09首次缩小，下一日开盘卖出
price_event,ESPORTS,样本外,2026-07-09,|日涨跌|≥20%，事件#4，首日+32.37%,,closed,2026-07-10,0.02142,2026-07-10,2026-07-11,2026-07-12,0.01559,2,-27.217553688141926,-55.23510737628385,-72.64239028944912,5.695611577964499,2026-07-10成交量为持仓以来最高，2026-07-11首次缩小，下一日开盘卖出
price_event,DEXE,样本内,2026-07-10,|日涨跌|≥20%，事件#3，首日+24.71%,F2转账笔数,closed,2026-07-11,35.01,2026-07-12,2026-07-13,2026-07-14,42.64,3,21.793773207654965,42.78754641530993,-0.7997714938589029,85.57554984290205,2026-07-12成交量为持仓以来最高，2026-07-13首次缩小，下一日开盘卖出
price_event,VELVET,样本内,2026-07-13,|日涨跌|≥20%，事件#4，首日+23.98%,F1总转账量 + F5巨额转账,closed,2026-07-14,0.602,2026-07-14,2026-07-15,2026-07-16,0.5074,2,-15.714285714285714,-32.22857142857143,-38.87043189368771,24.418604651162788,2026-07-14成交量为持仓以来最高，2026-07-15首次缩小，下一日开盘卖出
price_event,BULLA,新增样本外,2026-07-20,|日涨跌|≥20%，事件#6，首日+30.58%,F1总转账量 + F2转账笔数 + F3活跃地址 + F4新地址,closed,2026-07-21,0.011611,2026-07-21,2026-07-22,2026-07-23,0.011282,2,-2.833519937989837,-6.4670398759796734,-23.494961674274407,17.035569718370525,2026-07-21成交量为持仓以来最高，2026-07-22首次缩小，下一日开盘卖出
price_event,DEXE,样本内,2026-07-21,|日涨跌|≥20%，事件#4，首日-83.63%,,closed,2026-07-22,5.8,2026-07-22,,2026-07-23,2.9,1,-50.0,-100.0,-100.0,20.000000000000018,2×理想化强平：盘中最低价触及入场价50%
price_event,GWEI,新增样本外,2026-07-24,|日涨跌|≥20%，事件#7，首日+28.26%,F4新地址,closed,2026-07-25,0.02552,2026-07-25,2026-07-26,2026-07-27,0.02064,2,-19.12225705329155,-39.044514106583094,-64.0282131661442,34.247648902821304,2026-07-25成交量为持仓以来最高，2026-07-26首次缩小，下一日开盘卖出
price_event,SOON,样本外,2026-07-26,|日涨跌|≥20%，事件#2，首日+20.71%,F1总转账量 + F5巨额转账 + F6净流冲击,open_waiting_exit,2026-07-27,0.2051,2026-07-28,2026-07-29,,,2,-2.8278888347147757,-6.455777669429551,-15.602145294978076,87.66455387615797,
