rank,symbol,base_asset,project_name,chain,external_chain_id,contract_address,candidate_score,market_cap_usd,is_meme,event_count,max_volume_ratio,server_kline_available,server_kline_date,pg_state,pg_membership_status,pg_holder_count,pg_relationship_count,pg_transfer_member_count,pg_transfer_event_count
1,ZEREBROUSDT,ZEREBRO,zerebro,solana,CT_501,8x5VqbHA8D7NkD52uNuS5nnt3PwA8pLD34ymskeSo2Wn,212.5313926596282,39645798.76761253,True,42,105.87310131388156,True,2026-08-03,pg_ready,success,300,260,157,1881
2,TSTUSDT,TST,Test Token,bsc,56,0x86bb94ddd16efc8bc58e6b056e8df71d9e666429,207.93935220684136,9431302.555430152,True,29,290.76041285210783,True,2026-08-03,pg_missing,,,,,
3,TACUSDT,TAC,TAC Token,ton,CT_607,UQBE_gBrU3mPI9hHjlJoR_kYyrhQgyCFD6EUWfa42W8T7B2K,206.45973258136775,12798370.60737508,False,39,287.53128712629285,True,2026-08-03,pg_missing,,,,,
4,FHEUSDT,FHE,Mind Network,bsc,56,0xd55c9fb62e176a8eb6968f32958fefdd0962727e,205.18572885982218,18467374.11319455,False,42,236.70976119970618,True,2026-08-03,pg_ready,success,300,310,186,5865
5,SAPIENUSDT,SAPIEN,Sapien,base,8453,0xc729777d0470f30612b1564fd96e8dd26f5814e3,205.00265196869563,19466584.471010584,False,22,238.42048707677023,True,2026-08-03,pg_ready,success,300,259,147,8785
6,TNSRUSDT,TNSR,Tensor,solana,CT_501,TNSRxcUxoT9xBG3de7PiJyTDYu7kskLqcpddxnEJAS6,204.27283167435925,24016919.114095416,False,22,1077.3632840658136,True,2026-08-03,pg_ready,success,300,137,76,919
7,NILUSDT,NIL,Nillion,eth,1,0x7cf9a80db3b29ee8efe3710aadb7b95270572d47,203.02424867764148,34402513.18851809,False,19,183.07643093729618,True,2026-08-03,pg_ready,success,300,261,217,9979
8,BANKUSDT,BANK,Lorenzo Governance Token,bsc,56,0x3aee7602b612de36088f3ffed8c8f10e86ebf2bf,200.9840897998994,61888510.39796355,False,46,800.1057010213958,True,2026-08-03,pg_latest_failed,unavailable,0,0,0,0
9,BASUSDT,BAS,BNB Attestation,bsc,56,0x0f0df6cb17ee5e883eddfef9153fc6036bdb4e37,200.60586207414684,69006260.84082167,False,39,82.60656171730416,True,2026-08-03,pg_ready,success,300,175,120,4224
10,PIPPINUSDT,PIPPIN,Pippin,solana,CT_501,Dfh5DzRgSvvCFDoYc2ciTkMrbDfRKybA4SoFbPmApump,199.6501013967224,17297120.53046314,True,41,94.15713895146212,True,2026-08-03,pg_ready,success,300,353,150,6197
11,ALLOUSDT,ALLO,Allora,bsc,56,0xcce5f304fd043d6a4e8ccb5376a4a4fb583b98d5,197.05962116864907,3442204.1336530726,False,24,471.4187561622052,True,2026-08-03,pg_ready,success,300,73,65,288
12,ACTUSDT,ACT,Act I : The AI Prophecy,solana,CT_501,GJAFwWjJ3vnTsrQVabjBVK2TYB1YtRCQXRDfDgUnpump,195.4889168870716,8518482.634410882,True,19,216.1743884079753,True,2026-08-03,pg_missing,,,,,
13,PUMPBTCUSDT,PUMPBTC,pumpBTC Governance Token,bsc,56,0xb7c0007ab75350c582d5eab1862b872b5cf53f0c,194.67084785651627,5356831.793455685,False,36,216.66536572028733,True,2026-08-03,pg_missing,,,,,
14,TRADOORUSDT,TRADOOR,Tradoor,bsc,56,0x9123400446a56176eb1b6be9ee5cf703e409f492,194.58138119613588,33086031.86178686,False,38,134.73007558675403,True,2026-08-03,pg_ready,success,300,244,161,3366
15,CROSSUSDT,CROSS,CROSS Protocol,bsc,56,0x6bf62ca91e397b5a7d1d6bce97d9092065d7a510,194.0346121183292,98050871.09597391,False,18,161.23585270119898,True,2026-08-03,pg_ready,success,300,148,85,2110
16,BICOUSDT,BICO,Biconomy Token,eth,1,0xf17e65822b568b3903685a7c9f496cf7656cc6c2,193.51979681476627,22282933.784289807,False,21,443.7015031403908,True,2026-08-03,pg_ready,success,300,279,146,12270
17,TAIKOUSDT,TAIKO,Taiko,eth,1,0x10dea67478c5f8c5e2d90e5e9b26dbe60c54d800,193.48634669883867,69739329.62442136,False,18,963.7988468337348,True,2026-08-03,pg_ready,success,300,75,76,9793
18,AGTUSDT,AGT,Alaya Governance Token,bsc,56,0x5dbde81fce337ff4bcaaee4ca3466c00aecae274,193.22502717278795,75758901.82839952,False,20,86.73663365012922,True,2026-08-03,pg_ready,success,300,181,209,4402
19,DOLOUSDT,DOLO,Dolomite,eth,1,0x0f81001ef0a83ecce5ccebf63eb302c70a39a654,192.7800335840744,5758522.042938877,False,18,118.13126040594432,True,2026-08-03,pg_ready,success,300,179,119,4441
20,STOUSDT,STO,StakeStone,bsc,56,0xdaf1695c41327b61b9b9965ac6a5843a3198cf07,192.50957789770058,19725045.887022477,False,34,439.56661415505073,True,2026-08-03,pg_ready,success,300,237,167,3000
21,BANUSDT,BAN,Comedian,solana,CT_501,9PR7nCP9DpcUotnDPVLUBUZKu5WAYkwrCUx9wDnSpump,191.36263411859284,70436651.90349506,True,16,44.67384870744419,True,2026-08-03,pg_ready,success,300,177,171,1440
22,BRUSDT,BR,Bedrock,bsc,56,0xff7d6a96ae471bbcd7713af9cb1feeb16cf56b41,191.27677406065376,144060905.6156741,False,38,744.3862209169787,True,2026-08-03,pg_ready,success,300,235,131,6287
23,PIXELUSDT,PIXEL,PIXEL,ronin,BN_2020,0x7eae20d11ef8c779433eb24503def900b9d28ad7,191.21449487385928,11053793.96852149,False,14,1390.6694251346544,True,2026-08-03,pg_chain_not_present,,,,,
24,SOLVUSDT,SOLV,Solv,bsc,56,0xabe8e5cabe24cb36df9540088fd7ce1175b9bc52,190.9572296072197,18708631.34112456,False,22,145.0327116946483,True,2026-08-03,pg_ready,success,300,215,140,4502
25,PORTALUSDT,PORTAL,PORTAL,eth,1,0x1bbe973bef3a977fc51cbed703e8ffdefe001fed,190.45652512881497,10914725.504078442,False,25,344.8382565667353,True,2026-08-03,pg_ready,success,300,320,172,6904
26,UBUSDT,UB,Unibase,bsc,56,0x40b8129b786d766267a7a118cf8c07e31cdb6fde,189.90161153775375,264475817.51808265,False,21,120.06158874732921,True,2026-08-03,pg_ready,success,300,46,34,419
27,DOGSUSDT,DOGS,Dogs,ton,CT_607,UQCvxJy4eG8hyHBFsZ7eePxrRsUQSFE_jpptRAYBmcG_DLxX,189.16336785200218,19013178.025690567,False,19,548.6558964504736,True,2026-08-03,pg_missing,,,,,
28,MELANIAUSDT,MELANIA,Melania Meme,solana,CT_501,FUAfBo2jgks6gB4Z4LfZkqSZgzNucisEHqnNebaRxM1P,188.4877093506369,75005352.46990055,True,13,49.33212475536171,True,2026-08-03,pg_ready,success,300,364,164,3192
29,AINUSDT,AIN,Infinity Ground,bsc,56,0x9558a9254890b2a8b057a789f413631b9084f4a3,187.43839064198318,12634696.655398723,False,31,121.92103268849299,True,2026-08-03,pg_missing,,,,,
30,API3USDT,API3,API3,eth,1,0x0b38210ea11411557c13457d4da7dc6ea731b88a,187.12286402950272,33743631.4215798,False,19,180.014631812263,True,2026-08-03,pg_ready,success,300,305,138,20703
31,TUTUSDT,TUT,Tutorial,solana,CT_501,54uUKttrQT2GBzLQdh4qB4rVyzLzYbopXG9Cbek2saeY,186.94138718255698,20997900.84802848,False,22,144.08028666302764,True,2026-08-03,pg_missing,,,,,
32,POWERUSDT,POWER,Power Protocol,bsc,56,0x9dc44ae5be187eca9e2a67e33f27a4c91cea1223,184.94851372812354,3827166.410409087,False,23,57.858601477676075,True,2026-08-03,pg_ready,success,300,236,140,6801
33,VANRYUSDT,VANRY,VANRY,eth,1,0x8de5b80a0c1b02fe4976851d030b36122dbb8624,184.4537587970022,7646333.421676319,False,19,536.3750058247837,True,2026-08-03,pg_ready,success,300,228,137,2649
34,INUSDT,IN,INFINIT,bsc,56,0x61fac5f038515572d6f42d4bcb6b581642753d50,183.66371860812407,3190381.1147094294,False,30,205.60033438108294,True,2026-08-03,pg_ready,success,300,209,123,4525
35,AXSUSDT,AXS,Axie Infinity Shard,bsc,56,0x715d400f88c167884bbcc41c5fea407ed4d2f8a0,183.6100211959401,6084563.0918426085,False,21,175.2464949513736,True,2026-08-03,pg_ready,success,300,336,195,2374
36,LSKUSDT,LSK,Lisk,eth,1,0x6033f7f88332b8db6ad452b7c6d5bb643990ae3f,183.43451050256084,28990840.33130346,False,15,671.2335414879124,True,2026-08-03,pg_ready,success,300,261,177,7897
37,HYPERUSDT,HYPER,Hyperlane,bsc,56,0xc9d23ed2adb0f551369946bd377f8644ce1ca5c4,183.10669355528745,10829817.640862448,False,11,365.4920688039067,True,2026-08-03,pg_ready,success,300,187,160,4221
38,MYXUSDT,MYX,MYX Finance,bsc,56,0xd82544bf0dfe8385ef8fa34d67e6e4940cc63e16,183.03524370612928,78111129.42151834,False,32,85.88951452914763,True,2026-08-03,pg_ready,success,300,263,147,5884
39,WALUSDT,WAL,Walrus,sui,CT_784,0x356a26eb9e012a68958082340d4c4116e7f55615cf27affcff209cf0ae544f59::wal::wal,182.55621244149614,123575591.34986915,False,12,55.79339174483388,True,2026-08-03,pg_chain_not_present,,,,,
40,TAUSDT,TA,Trusta.AI,bsc,56,0x539ae81a166e5e80aed211731563e549c411b140,182.41661289449422,59350429.90552563,False,41,119.40379461646117,True,2026-08-03,pg_ready,success,300,158,111,2408
41,RESOLVUSDT,RESOLV,Resolv,eth,1,0x259338656198ec7a76c729514d3cb45dfbf768a1,182.39066901857763,16428559.57696543,False,35,80.18031953612451,True,2026-08-03,pg_ready,success,300,293,148,6873
42,TAKEUSDT,TAKE,TAKE,sui,CT_784,0x76a49ebaf991fa2d4cb6a352af14425d453fe2ba6802b5ed2361b227150b6689::take::take,182.36042956420306,49361091.921750195,False,31,191.0026561844328,True,2026-08-03,pg_chain_not_present,,,,,
43,ALCHUSDT,ALCH,Alchemist AI,solana,CT_501,HNg5PYJmtqcmzXrv6S9zP1CDKk5BgDuyFBxbvNApump,182.29079920719636,28242669.19031303,True,27,68.0989261423952,True,2026-08-03,pg_ready,success,300,293,157,2016
44,SIGNUSDT,SIGN,Sign,bsc,56,0x868fced65edbf0056c4163515dd840e9f287a4c3,181.6573295412889,3302105.969884708,False,17,200.5508963585025,True,2026-08-03,pg_ready,success,300,213,138,2796
45,XPLUSDT,XPL,XPL,plasma,9745,0xeeeeeeeeeeeeeeeeeeeeeeeeeeeeeeeeeeeeeeee,181.6075381851794,210700030.43171763,False,13,58.54336352668965,True,2026-08-03,pg_chain_not_present,,,,,
46,PHAUSDT,PHA,Phala,eth,1,0x6c5ba91642f10282b576d91922ae6448c9d52f4e,181.57155642619432,20668675.461287517,False,23,382.3024740506663,True,2026-08-03,pg_ready,success,300,297,151,10702
47,SAHARAUSDT,SAHARA,Sahara AI,bsc,56,0xfdffb411c4a70aa7c95d5c981a6fb4da867e1111,181.00661046858087,14970015.679249072,False,25,170.35671061236306,True,2026-08-03,pg_ready,success,300,226,168,2004
48,AIOTUSDT,AIOT,OKZOO,bsc,56,0x55ad16bd573b3365f43a9daeb0cc66a73821b4a5,180.44960208274014,44712013.25904061,False,43,287.20215526288774,True,2026-08-03,pg_ready,success,300,485,234,19326
49,PIEVERSEUSDT,PIEVERSE,Pieverse,bsc,56,0x0e63b9c287e32a05e6b9ab8ee8df88a2760225a9,180.25242628291275,70361825.13096008,False,13,663.8960098632924,True,2026-08-03,pg_ready,success,300,220,139,2861
50,PROMPTUSDT,PROMPT,Wayfinder,eth,1,0x28d38df637db75533bd3f71426f3410a82041544,179.6676594759946,16884251.399030145,False,29,398.14302566996224,True,2026-08-03,pg_ready,success,300,232,167,3875
51,SKYAIUSDT,SKYAI,SKYAI,bsc,56,0x92aa03137385f18539301349dcfc9ebc923ffb10,179.6646218951816,60440557.3716276,False,41,282.9885511530491,True,2026-08-03,pg_ready,success,300,21,10,187
52,NAORISUSDT,NAORIS,Naoris Protocol,eth,1,0x1b379a79c91a540b2bcd612b4d713f31de1b80cc,177.97322238013066,132007716.53430048,False,48,232.43244963046388,True,2026-08-03,pg_ready,success,300,243,189,6132
53,DUSKUSDT,DUSK,Dusk Network,eth,1,0x940a2db1b7008b6c776d4faaca729d6d4a4aa551,177.60835199640968,29632470.668171477,False,27,486.8279486973005,True,2026-08-03,pg_ready,success,300,384,170,4665
54,AUCTIONUSDT,AUCTION,Bounce Token,eth,1,0xa9b1eb5908cfc3cdf91f9b8b3a74108598009096,177.51576020253304,22526653.9333385,False,14,133.209522070344,True,2026-08-03,pg_ready,success,300,230,122,19128
55,C98USDT,C98,Coin98,bsc,56,0xaec945e04baf28b135fa7c640f624f8d90f1c3a6,177.42399150311462,4663490.124391732,False,14,66.198133109098,True,2026-08-03,pg_ready,success,300,311,178,3337
56,ANIMEUSDT,ANIME,Animecoin,arbitrum,42161,0x37a645648df29205c6261289983fb04ecd70b4b3,176.90310417831734,11896055.865996093,False,15,145.53433628693824,True,2026-08-03,pg_ready,success,300,244,196,3704
57,SWARMSUSDT,SWARMS,swarms,solana,CT_501,74SBV4zDXxTRgv1pEMoECskKBkZHc2yGPnc7GYVepump,176.88490289768447,6922058.476615619,True,24,91.61076760729786,True,2026-08-03,pg_ready,success,300,432,180,4480
58,CLANKERUSDT,CLANKER,tokenbot,base,8453,0x1bc0c42215582d5a085795f4badbac3ff36d1bcb,176.44952471095317,11905741.7176383,False,12,58.61440919678087,True,2026-08-03,pg_missing,,,,,
59,ZENUSDT,ZEN,Horizen,base,8453,0xf43eb8de897fbc7f2502483b2bef7bb9ea179229,176.04640892851438,86101969.31687024,False,16,51.94448779152877,True,2026-08-03,pg_missing,,,,,
60,BANANAS31USDT,BANANAS31,Banana For Scale,bsc,56,0x3d4f0513e8a29669b960f9dbca61861548a9a760,175.44279099841057,70343847.24281839,True,26,306.31749927782505,True,2026-08-03,pg_ready,success,300,182,162,449
61,BARDUSDT,BARD,Lombard,eth,1,0xf0db65d17e30a966c2ae6a21f6bba71cea6e9754,175.4054768135005,111565856.53749469,False,17,74.27489003414846,True,2026-08-03,pg_ready,success,300,310,148,21745
62,KERNELUSDT,KERNEL,KERNEL,eth,1,0x3f80b1c54ae920be41a77f8b902259d48cf24ccf,174.61374832494147,31368884.51430756,False,16,108.95210269151183,True,2026-08-03,pg_ready,success,300,248,147,11783
63,BOMEUSDT,BOME,BOOK OF MEME,solana,CT_501,ukHH6c7mMyiWCf1b9pnWe25TSpkDDt3H5pQZgZ74J82,173.8368072940771,39463021.88480696,True,10,55.980203047151555,True,2026-08-03,pg_ready,success,300,218,137,2557
64,HMSTRUSDT,HMSTR,Hamster Kombat,ton,CT_607,UQAJ8uWd7EBqsmpSWaRdf_I-8R8-XHwh3gsNKhy-UrdrPZjt,173.7600808333265,17371249.55024793,False,26,98.12781185525648,True,2026-08-03,pg_missing,,,,,
65,ARCUSDT,ARC,AI Rig Complex,solana,CT_501,61V8vBaqAGMpgDQi4JcAwo1dmBGHsyhzodcPqnEVpump,173.68346517702952,54335449.183956504,True,32,48.95092807980546,True,2026-08-03,pg_missing,,,,,
66,ZKCUSDT,ZKC,ZK Coin,eth,1,0x000006c2a22ff4a44ff1f5d0f2ed65f781f55555,173.15276593495526,39701079.74135234,False,13,89.18391407195006,True,2026-08-03,pg_ready,success,300,256,147,14464
67,NMRUSDT,NMR,Numeraire,eth,1,0x1776e1f26f98b1a5df9cd347953a26dd3cb46671,171.65220896917657,93031712.06033239,False,15,800.88834420809,True,2026-08-03,pg_ready,success,300,417,154,53684
68,XNYUSDT,XNY,Codatta XNY,bsc,56,0xe3225e11cab122f1a126a28997788e5230838ab9,171.5918416419854,18045500.297782395,False,21,289.1323582209528,True,2026-08-03,pg_ready,success,300,88,50,1991
69,PARTIUSDT,PARTI,PARTI Token,base,8453,0x59264f02d301281f3393e1385c0aefd446eb0f00,171.56975396161397,9351289.346431239,False,24,78.99689793106755,True,2026-08-03,pg_ready,success,300,49,38,1074
70,FIDAUSDT,FIDA,Bonfida,solana,CT_501,EchesyfXePKdLtoiZSL8pBe8Myagyy8ZRqsACNCFGnvp,171.52670666287185,17335679.370674457,False,18,257.76918393366117,True,2026-08-03,pg_ready,success,300,271,144,6636
71,CETUSUSDT,CETUS,Cetus Protocol,sui,CT_784,0x06864a6f921804860930db6ddbe2e16acdf8504495ea7481637a1c8b9a8fe54b::cetus::cetus,171.5151907043562,17712842.52327325,False,12,52.10007365862604,True,2026-08-03,pg_chain_not_present,,,,,
72,ZORAUSDT,ZORA,Zora,base,8453,0x1111111111166b7fe7bd91427724b487980afc69,171.38382946482542,58737912.30005169,False,17,69.20443067498935,True,2026-08-03,pg_ready,success,300,321,181,12709
73,HANAUSDT,HANA,Hana Network,bsc,56,0x6261963ebe9ff014aad10ecc3b0238d4d04e8353,170.69688284107002,32078149.5631511,False,26,91.70505115425567,True,2026-08-03,pg_missing,,,,,
74,PROMUSDT,PROM,Token Prometeus Network,eth,1,0xfc82bb4ba86045af6f327323a46e80412b91b27d,170.3384567232881,37749055.873733,False,27,160.75669859685937,True,2026-08-03,pg_ready,success,300,80,70,3443
75,JELLYJELLYUSDT,JELLYJELLY,jelly-my-jelly,solana,CT_501,FeR8VBqNRSUD5NtXAj2n3j1dAHkZHfyDktKuLXD4pump,170.31706334981612,55673709.59310551,False,45,135.89439522269228,True,2026-08-03,pg_ready,success,300,365,148,5857
76,SKLUSDT,SKL,SKALE,eth,1,0x00c83aecc790e8a4453e5dd3b0b4b3680501a7a7,169.53043487090676,23379153.751902163,False,25,393.15822012634186,True,2026-08-03,pg_ready,success,300,202,105,6574
77,BLURUSDT,BLUR,Blur,eth,1,0x5283d291dbcf85356a21ba090e6db59121208b44,169.20429845811236,40065158.69135749,False,13,184.20105013204662,True,2026-08-03,pg_ready,success,300,213,123,4910
78,ENJUSDT,ENJ,Enjin Coin,eth,1,0xf629cbd94d3791c9250152bd8dfbdf380e2a3b9c,169.20038601705937,17317902.688167527,False,20,249.9557554342115,True,2026-08-03,pg_ready,success,300,111,72,1845
79,XVGUSDT,XVG,Verge,solana,CT_501,H1pR8fiLYuzvZ44q8URZz1binj2XNKTh4jUgjYJ9NzyR,168.97430066389884,19201998.80893301,False,21,65.17506185699868,True,2026-08-03,pg_missing,,,,,
80,ARIAUSDT,ARIA,AriaAI,bsc,56,0x5d3a12c42e5372b2cc3264ab3cdcf660a1555238,168.90455958452293,27273292.936030377,False,24,130.59517720883034,True,2026-08-03,pg_missing,,,,,
81,CARVUSDT,CARV,CARV,arbitrum,42161,0xc08cd26474722ce93f4d0c34d16201461c10aa8c,168.81398409943972,4615101.909819923,False,13,47.98615132753672,True,2026-08-03,pg_ready,success,300,208,196,9559
82,HOMEUSDT,HOME,Home,solana,CT_501,J3umBWqhSjd13sag1E1aUojViWvPYA5dFNyqpKuX3WXj,168.65597325391647,34883077.07207504,False,27,56.94302541611426,True,2026-08-03,pg_ready,success,300,181,142,1051
83,DIAUSDT,DIA,DIAToken,eth,1,0x84ca8bc7997272c7cfb4d0cd3d55cd942b3c9419,168.5130314079755,18610146.070769064,False,18,324.6984744503605,True,2026-08-03,pg_missing,,,,,
84,BANDUSDT,BAND,BandToken,eth,1,0xba11d00c5f74255f56a5e366f4f77f5a186d7f55,168.35018421748333,15345378.062048186,False,10,53.41034297950986,True,2026-08-03,pg_ready,success,300,232,135,3994
85,DRIFTUSDT,DRIFT,Drift,solana,CT_501,DriFtupJYLTosbwoN8koMbEYSx54aFAVLddWsbksjwg7,168.20603919000573,12103088.876466826,False,28,111.05457150566984,True,2026-08-03,pg_ready,success,300,322,135,19372
86,SONICUSDT,SONIC,Sonic SVM,solana,CT_501,SonicxvLud67EceaEzCLRnMTBqzYUUYNr93DBkBdDES,168.0477765256775,43208103.0020819,False,15,57.28857699493085,True,2026-08-03,pg_missing,,,,,
87,SLPUSDT,SLP,Smooth Love Potion,eth,1,0xcc8fa225d80b9c7d42f96e9570156c65d6caaa25,167.39923716462985,8824004.742032005,False,16,86.84447165207075,True,2026-08-03,pg_ready,success,300,256,150,1055
88,ORCAUSDT,ORCA,Orca,solana,CT_501,orcaEKTdK7LKz57vaAYr9QeNsVEPfiu6QeMU1kektZE,166.85627148860976,81280830.07869595,False,22,541.7392320806949,True,2026-08-03,pg_ready,success,300,406,126,4753
89,FLOCKUSDT,FLOCK,FLock.io,base,8453,0x5ab3d4c385b400f3abb49e80de2faf6a88a7b691,166.77873555735346,12030660.858276678,False,15,78.81198428691064,True,2026-08-03,pg_ready,success,300,608,171,43364
90,XPINUSDT,XPIN,XPIN Network,bsc,56,0xd955c9ba56fb1ab30e34766e252a97ccce3d31a6,166.67110855991422,9138716.663182832,False,23,102.43767563694612,True,2026-08-03,pg_ready,success,300,226,169,6365
91,BIOUSDT,BIO,BIO,eth,1,0xcb1592591996765ec0efc1f92599a19767ee5ffa,166.30950041461412,72399834.7102127,False,30,133.76043569185234,True,2026-08-03,pg_ready,success,300,278,130,11507
92,ZKUSDT,ZK,ZKsync,zksync,324,0x5a7d6b2f92c77fad6ccabd7ee0624e64907eaf3e,166.24666349247187,116159043.13650657,False,16,128.56534528160213,True,2026-08-03,pg_chain_not_present,,,,,
93,GIGGLEUSDT,GIGGLE,Giggle Fund,bsc,56,0x20d6015660b3fe52e6690a889b5c51f69902ce0e,166.20162339689503,32906287.801813085,False,13,111.52866501691355,True,2026-08-03,pg_ready,success,300,365,163,2257
94,EULUSDT,EUL,Euler Finance,eth,1,0xd9fcd98c322942075a5c3860693e9f4f03aae07b,165.75811665321,38775730.660896555,False,19,860.27151527134,True,2026-08-03,pg_ready,success,300,231,124,6666
95,AGLDUSDT,AGLD,Adventure Gold,eth,1,0x32353a6c91143bfd6c7d363b546e62a9a2489a20,165.63807613574625,13882591.138998277,False,20,382.1705626084651,True,2026-08-03,pg_ready,success,300,170,106,8812
96,EPICUSDT,EPIC,Epic Chain,eth,1,0x94314a14df63779c99c0764a30e0cd22fa78fc0e,165.4869042139196,37982382.6340014,False,24,68.38573094553749,True,2026-08-03,pg_ready,success,300,207,133,1240
97,ASRUSDT,ASR,AS Roma Fan Token,solana,CT_501,H4YrzxkjQZFUVxKi9NDp9sJnHUrzWWH71TtjkiC3xdSY,165.35701673282182,100773639.44328906,False,12,128.75101622919303,True,2026-08-03,pg_missing,,,,,
98,LUMIAUSDT,LUMIA,Lumia Token,eth,1,0xd9343a049d5dbd89cd19dc6bca8c48fb3a0a42a7,165.13866613129608,18294000.432770785,False,25,181.9664235652212,True,2026-08-03,pg_ready,success,300,129,115,1878
99,RPLUSDT,RPL,Rocket Pool Protocol,eth,1,0xd33526068d116ce69f19a9ee46f0bd304f21a51f,164.64238427238047,34840405.488486394,False,13,324.2216631670955,True,2026-08-03,pg_ready,success,300,425,177,14304
100,APEUSDT,APE,ApeCoin,eth,1,0x4d224452801aced8b2f0aebe155379bb5d594381,164.63410602879136,131142268.55111876,False,5,141.9239646016888,True,2026-08-03,pg_ready,success,300,176,92,4141
101,TRUTHUSDT,TRUTH,Swarm Network,sui,CT_784,0x0a48f85a3905cfa49a652bdb074d9e9fabad27892d54afaa5c9e0adeb7ac3cdf::swarm_network_token::swarm_network_token,164.63108970530135,127351558.77518728,False,24,226.7888751550486,True,2026-08-03,pg_chain_not_present,,,,,
102,ZKPUSDT,ZKP,zkPass,bsc,56,0xd89b7dd376e671c124352267516bef1c2cc231a3,164.5166336283486,3707221.313667091,False,9,100.09041576852545,True,2026-08-03,pg_missing,,,,,
103,REDUSDT,RED,Redstone,eth,1,0xc43c6bfeda065fe2c4c11765bf838789bd0bb5de,164.36780804507325,51679410.642369896,False,15,465.1877444507719,True,2026-08-03,pg_ready,success,300,271,159,15220
104,MANTAUSDT,MANTA,Manta,manta,169,0x95cef13441be50d20ca4558cc0a27b601ac544e5,164.2899773732312,59219522.823041156,False,11,112.78133662729039,True,2026-08-03,pg_chain_not_present,,,,,
105,MMTUSDT,MMT,MMT,sui,CT_784,0x35169bc93e1fddfcf3a82a9eae726d349689ed59e4b065369af8789fe59f8608::mmt::mmt,164.00375683028767,154197811.90575188,False,22,102.12767755930743,True,2026-08-03,pg_chain_not_present,,,,,
106,STORJUSDT,STORJ,StorjToken,eth,1,0xb64ef51c888972c908cfacf59b47c1afbc0ab8ac,163.9881355620071,19049651.1051175,False,17,265.6839433688073,True,2026-08-03,pg_ready,success,300,178,97,18971
107,REZUSDT,REZ,Renzo,eth,1,0x3b50805453023a91a8bf641e279401a0b23fa6f9,163.7966327110171,24772678.127163887,False,10,108.66654820655575,True,2026-08-03,pg_ready,success,300,242,150,9084
108,IDUSDT,ID,SPACE ID,eth,1,0x2dff88a56767223a5529ea5960da7a3f5f766406,163.7593089853511,50092043.56303765,False,16,199.56014109768972,True,2026-08-03,pg_ready,success,300,254,159,6856
109,OGNUSDT,OGN,OriginToken,eth,1,0x8207c1ffc5b6804f6024322ccf34f29c3541ae26,163.60078892430158,22218814.321328074,False,17,87.69480481255957,True,2026-08-03,pg_ready,success,300,350,139,15357
110,FLUIDUSDT,FLUID,Fluid,eth,1,0x6f40d4a6237c257fff2db00fa0510deeecd303eb,163.38600472207122,124409034.377097,False,14,131.363573055788,True,2026-08-03,pg_ready,success,300,191,104,10060
111,BANANAUSDT,BANANA,Banana,eth,1,0x38e68a37e401f7271568cecaac63c6b1e19130b4,162.4486877769221,28773270.211946853,False,17,83.26966274108793,True,2026-08-03,pg_missing,,,,,
112,1000CHEEMSUSDT,1000CHEEMS,Cheems,bsc,56,0x0df0587216a4a1bb7d5082fdc491d93d2dd4b413,161.78621650633272,104440737.79248282,False,9,104.3492891942066,True,2026-08-03,pg_missing,,,,,
113,EDUUSDT,EDU,EDU Coin,bsc,56,0xbdeae1ca48894a1759a8374d63925f21f2ee2639,161.6792674305997,32280029.272677604,False,14,79.90405916803955,True,2026-08-03,pg_ready,success,300,264,171,7152
114,HOLOUSDT,HOLO,Holoworld AI,solana,CT_501,69RX85eQoEsnZvXGmLNjYcWgVkp9r2JjahVm99KbJETU,161.42159131947892,70311446.84207223,False,11,105.62267736357823,True,2026-08-03,pg_ready,success,300,43,23,462
115,SXTUSDT,SXT,Space and Time,eth,1,0xe6bfd33f52d82ccb5b37e16d3dd81f9ffdabb195,160.7359757638678,34302316.15378433,False,10,96.22342810761533,True,2026-08-03,pg_ready,success,300,129,123,8409
116,MOODENGUSDT,MOODENG,Moo Deng,solana,CT_501,ED5nyyWEzpPPiWimP8vYm7sD7TD3LAt3Q3gRTWHzPJBY,160.64298631034168,37229071.655452974,False,11,50.1793511088933,True,2026-08-03,pg_ready,success,300,321,133,17118
117,AEVOUSDT,AEVO,Aevo,eth,1,0xb528edbef013aff855ac3c50b381f253af13b997,160.55493608551396,17272569.23083612,False,11,60.12947085274708,True,2026-08-03,pg_ready,success,300,350,168,4285
118,FLUXUSDT,FLUX,Flux,base,8453,0xb008bdcf9cdff9da684a190941dc3dca8c2cdd44,160.3917971078823,17298415.923207026,False,9,358.162969742168,True,2026-08-03,pg_missing,,,,,
119,RECALLUSDT,RECALL,Recall,base,8453,0x1f16e03c1a5908818f47f6ee7bb16690b40d0671,159.89184748883247,39671950.82844625,False,18,65.53034379112556,True,2026-08-03,pg_ready,success,300,221,152,10514
120,ICNTUSDT,ICNT,Impossible Cloud Network,base,8453,0xe0cd4cacddcbf4f36e845407ce53e87717b6601d,159.76464554448742,72465462.68723114,False,25,87.71118758044912,True,2026-08-03,pg_ready,success,300,238,150,5446
121,FORMUSDT,FORM,FORM Token,bsc,56,0x5b73a93b4e5e4f1fd27d8b3f8c97d69908b5e284,159.3492839785718,62417805.00506271,False,21,72.56427471651818,True,2026-08-03,pg_ready,success,300,210,124,1765
122,ZECUSDT,ZEC,Zcash Token,bsc,56,0x1ba42e5193dfa8b03d15dd1b86a3113bbbef8eeb,159.16444614713808,112246919.26326172,False,19,127.58740032037647,True,2026-08-03,pg_ready,success,300,333,157,4846
123,METISUSDT,METIS,Metis Token,eth,1,0x9e32b13ce7f2e80a01932b42553652e053d6ed8e,157.93820738877554,24274775.628210697,False,7,131.67495546468908,True,2026-08-03,pg_ready,success,300,240,155,10158
124,SPKUSDT,SPK,Spark,eth,1,0xc20059e0317de91738d13af027dfc4a50781b066,157.9235157880958,153440413.02049327,False,9,705.2175928703167,True,2026-08-03,pg_ready,success,300,298,145,19622
125,CVCUSDT,CVC,Civic,eth,1,0x41e5560054824ea6b0732e656e3ad64e20e94e45,157.7854942611374,18011174.703548405,False,10,93.77142499035754,True,2026-08-03,pg_ready,success,300,128,68,15831
126,PUNDIXUSDT,PUNDIX,Pundi X Token,eth,1,0x0fd10b9899882a6f2fcb5c371e17e70fdee00c38,157.65987167761688,14193842.491942162,False,10,91.84148580008488,True,2026-08-03,pg_ready,success,300,169,87,9109
127,MEMEUSDT,MEME,Memecoin,eth,1,0xb131f4a55907b10d1f0a50d8ab8fa09ec342cd74,157.5925707795428,34524906.26723617,True,15,43.1813157285299,True,2026-08-03,pg_missing,,,,,
128,PLAYUSDT,PLAY,PlaysOut,base,8453,0x853a7c99227499dba9db8c3a02aa691afdebf841,157.29380031143387,136243700.45394146,False,35,149.90586616606058,True,2026-08-03,pg_latest_failed,unavailable,0,0,0,0
129,ATHUSDT,ATH,Aethir Token,eth,1,0xbe0ed4138121ecfc5c0e56b40517da27e6c5226b,156.13224877874882,167008920.85452232,False,15,72.67612126982245,True,2026-08-03,pg_ready,success,300,286,157,10349
130,VTHOUSDT,VTHO,VeThor Token,eth,1,0x97ef4ffb093750c41c4573ba2dca178d9382224c,155.7021060297213,41172050.783414274,False,10,135.93277647755696,True,2026-08-03,pg_missing,,,,,
131,HFTUSDT,HFT,Hashflow,eth,1,0xb3999f658c0391d94a37f7ff328f3fec942bcadc,155.65204612224983,11601816.393103352,False,8,89.05977840744156,True,2026-08-03,pg_ready,success,300,280,162,11702
132,WETUSDT,WET,Humidifi,solana,CT_501,WETZjtprkDMCcUxPi9PfWnowMRZkiGGHDb9rABuRZ2U,155.5104892816622,65426448.60235208,False,6,102.39266923155343,True,2026-08-03,pg_ready,success,300,240,101,15098
133,MAGMAUSDT,MAGMA,Magma Finance,sui,CT_784,0x9f854b3ad20f8161ec0886f15f4a1752bf75d22261556f14cc8d3a1c5d50e529::magma::magma,155.18373360916243,264191132.56389067,False,25,68.44256629853918,True,2026-08-03,pg_chain_not_present,,,,,
134,JOEUSDT,JOE,JoeToken,avalanche,43114,0x6e84a6216ea6dacc71ee8e6b0a5b7322eebc0fdd,153.6399173515006,12084626.609368958,False,8,650.561810036272,True,2026-08-03,pg_ready,success,300,494,112,9525
135,SOPHUSDT,SOPH,Sophon,eth,1,0x6b7774cb12ed7573a7586e7d0e62a2a563ddd3f0,152.9957895721213,38077292.74857816,False,10,215.46783108717335,True,2026-08-03,pg_ready,success,300,164,144,1522
136,MITOUSDT,MITO,Mitosis,bsc,56,0x8e1e6bf7e13c400269987b65ab2b5724b016caef,151.91393536451616,5545325.974023778,False,14,38.48561078769957,True,2026-08-03,pg_ready,success,300,181,123,461
137,BATUSDT,BAT,Basic Attention Token,eth,1,0x0d8775f648430679a709e98d2b0cb6250d2887ef,151.77011011594342,99748067.1704016,False,12,43.97697731555389,True,2026-08-03,pg_ready,success,300,176,81,18149
138,RLCUSDT,RLC,iEx.ec Network Token,eth,1,0x607f4c5bb672230e8672085532f7e901544a7375,151.66949364065817,22971914.561468292,False,8,105.93999312877786,True,2026-08-03,pg_ready,success,300,176,92,6897
139,LPTUSDT,LPT,Livepeer Token,arbitrum,42161,0x289ba1701c2f088cf0faf8b3705246331cb8a839,151.08149600993087,45904642.96967777,False,12,42.40587740387102,True,2026-08-03,pg_ready,success,300,322,172,5097
140,UAIUSDT,UAI,UnifAI Network,bsc,56,0x3e5d4f8aee0d9b3082d5f6da5d6e225d17ba9ea0,150.36015096486284,223175812.437001,False,33,45.39911283014124,True,2026-08-03,pg_missing,,,,,
141,TURBOUSDT,TURBO,Turbo,eth,1,0xa35923162c49cf95e6bf26623385eb431ad920d3,149.56527917891938,56892522.08160994,False,11,45.37048077806791,True,2026-08-03,pg_ready,success,300,211,133,6498
142,APRUSDT,APR,aPriori,eth,1,0x5a9610919f5e81183823a2be4bd1beb2b4da2a20,149.2434334673972,184842634.28748098,False,20,44.94823464255081,True,2026-08-03,pg_ready,success,300,162,143,845
143,SNXUSDT,SNX,Synthetix Network Token,optimism,10,0x8700daec35af8ff88c16bdf0418774cb3d7599b4,148.82506550887058,6823843.6005099295,False,17,35.879918959842975,True,2026-08-03,pg_chain_not_present,,,,,
144,FIGHTUSDT,FIGHT,Fight,solana,CT_501,8f62NyJGo7He5uWeveTA2JJQf4xzf8aqxkmzxRQ3mxfU,147.96595303835176,31089203.1729003,False,8,49.97424677908729,True,2026-08-03,pg_ready,success,300,126,81,8615
145,ZETAUSDT,ZETA,Zeta,eth,1,0xf091867ec603a6628ed83d274e835539d82e9cc8,147.14971116013223,16954595.720569238,False,8,48.38861618941421,True,2026-08-03,pg_ready,success,300,182,119,3184
146,GMTUSDT,GMT,GreenMetaverseToken,polygon,137,0x714db550b574b3e927af3d93e26127d15721d4c2,146.98240746583136,12168588.717577009,False,7,88.39670255428275,True,2026-08-03,pg_ready,success,300,1495,205,44428
147,TOWNSUSDT,TOWNS,Towns,base,8453,0x00000000a22c618fd6b4d7e9a335c4b96b189a38,146.83613722474092,4039490.107331636,False,14,37.552478826053196,True,2026-08-03,pg_ready,success,300,171,140,9934
148,CHILLGUYUSDT,CHILLGUY,Just a chill guy,solana,CT_501,Df6yfrKC8kZE3KNkrHERKzAetSxbrWeniQfyJY4Jpump,146.615130804782,9527777.152303595,True,10,36.5230676249816,True,2026-08-03,pg_ready,success,300,350,147,4426
149,SHELLUSDT,SHELL,MyShell Token,bsc,56,0xf2c88757f8d03634671208935974b60a2a28bdb3,146.40935515463033,8910373.338920968,False,15,38.67607438544495,True,2026-08-03,pg_ready,success,300,249,178,2797
150,ANKRUSDT,ANKR,Ankr,bsc,56,0xf307910a4c7bbc79691fd374889b36d8531b08e3,145.0613828361751,33417994.112588067,False,8,134.25310309741616,True,2026-08-03,pg_ready,success,300,351,228,1065
151,VELODROMEUSDT,VELODROME,Velodrome Finance,eth,1,0xfb966cdb7e17c9acb7f53afcafacbe8973cd778c,142.94480955257208,16361716.102257518,False,12,40.16318757657224,True,2026-08-03,pg_missing,,,,,
152,ACXUSDT,ACX,Across Protocol Token,eth,1,0x44108f0223a3c3028f5fe7aec7f9bb2e66bef82f,142.57758514135145,37185189.62552814,False,6,441.15601599125654,True,2026-08-03,pg_ready,success,300,374,157,5534
153,LISTAUSDT,LISTA,Lista DAO,bsc,56,0xfceb31a79f71ac9cbdcf853519c1b12d379edc46,141.46335693013,40948583.55974052,False,13,39.45119636325057,True,2026-08-03,pg_ready,success,300,854,173,13610
154,WAXPUSDT,WAXP,WAXP Token,eth,1,0x2a79324c19ef2b89ea98b23bc669b7e7c9f8a517,138.4296034077063,14261161.70576384,False,4,306.32636248943174,True,2026-08-03,pg_ready,success,300,239,157,1793
155,HOTUSDT,HOT,HoloToken,eth,1,0x6c6ee5e31d828de241282b9606c8e98ea48526e2,138.02465970610356,59331092.13548872,False,7,93.97388020520732,True,2026-08-03,pg_ready,success,300,154,83,4837
156,SKRUSDT,SKR,Seeker,solana,CT_501,SKRbvo6Gf7GondiT3BbTfuRDPqLWei4j2Qy2NPGZhW3,137.05506745067058,98254073.91248977,False,5,69.23958401924376,True,2026-08-03,pg_missing,,,,,
157,TOSHIUSDT,TOSHI,Toshi,base,8453,0xac1bd2486aaf3b5c0fc3fd868558b082a531b2b4,136.2141879881188,43288178.83051482,False,10,41.086832636344475,True,2026-08-03,pg_ready,success,300,243,98,8011
158,ZRXUSDT,ZRX,0x Protocol Token,eth,1,0xe41d2489571d322189246dafa5ebde1f4699f498,133.98526612598022,79280411.63459827,False,5,224.40678145097306,True,2026-08-03,pg_ready,success,300,189,97,21178
159,PNUTUSDT,PNUT,Peanut the Squirrel,solana,CT_501,2qEHjDLDLbuBgRYvsxhc5D6uDWAivNFZGan56P1tpump,133.4863101125896,39090672.9511773,True,5,37.37798915481653,True,2026-08-03,pg_missing,,,,,
160,AWEUSDT,AWE,AWE Network,base,8453,0x1b4617734c43f6159f3a70b7e06d883647512778,133.41643500987288,108214255.03216045,False,21,36.73085706407759,True,2026-08-03,pg_ready,success,300,238,171,14800
161,STRKUSDT,STRK,StarkNet,starknet,CT_9004,0x4718f5a0fc34cc1af16a1cdee98ffb20c31f5cd61d6ab07201858f4287c938d,133.29148554881107,41119178.01504338,False,18,33.92843491131707,True,2026-08-03,pg_chain_not_present,,,,,
162,STABLEUSDT,STABLE,Stable,bsc,56,0x011ebe7d75e2c9d1e0bd0be0bef5c36f0a90075f,132.39894891423342,23581361.576552734,False,20,33.937543362331404,True,2026-08-03,pg_missing,,,,,
163,POWRUSDT,POWR,PowerLedger,eth,1,0x595832f8fc6bf59c85c527fec3740a1b7a361269,132.3438025463672,39101068.744054995,False,4,105.54909845802584,True,2026-08-03,pg_ready,success,300,264,111,14268
164,NEIROUSDT,NEIRO,Neiro,eth,1,0x812ba41e071c7b7fa4ebcfb62df5f45f6fa853ee,132.07917584244584,26189607.300890908,False,5,39.13504464861428,True,2026-08-03,pg_ready,success,300,199,106,4112
165,YFIUSDT,YFI,yearn.finance,eth,1,0x0bc529c00c6401aef6d220be8c6ea1667f6ad93e,131.46508567765335,77131095.07170331,False,2,171.1025701000979,True,2026-08-03,pg_ready,success,300,254,119,19413
166,GRIFFAINUSDT,GRIFFAIN,test griffain.com,solana,CT_501,KENJSUYLASHUMfHyy5o4Hp2FdNqZg1AsUPhfH2kYvEP,131.2730370342768,8888455.538223218,True,15,27.892231421116247,True,2026-08-03,pg_ready,success,300,349,157,4781
167,LYNUSDT,LYN,Everlyn AI,bsc,56,0x302dfaf2cdbe51a18d97186a7384e87cf599877d,131.24578390646948,34719864.44463248,False,27,30.76229835094114,True,2026-08-03,pg_missing,,,,,
168,JASMYUSDT,JASMY,JasmyCoin,eth,1,0x7420b4b9a0110cdc71fb720908340c03f9bc03ec,129.7405947828461,208103333.93343404,False,4,51.596389284652396,True,2026-08-03,pg_ready,success,300,228,140,2775
169,PLUMEUSDT,PLUME,Plume,eth,1,0x4c1746a800d224393fe2470c70a35717ed4ea5f1,129.41386463158423,105771417.60279873,False,10,39.233166563099296,True,2026-08-03,pg_ready,success,300,258,159,7261
170,UMAUSDT,UMA,UMA Voting Token v1,eth,1,0x04fa0d235c4abf4bcf4787af4cf447de572ef828,129.1250731401534,43876865.77850519,False,14,34.25837143767919,True,2026-08-03,pg_ready,success,300,250,114,11162
171,TRUSTUSDT,TRUST,Intuition,base,8453,0x6cd905df2ed214b22e0d48ff17cd4200c1c6d8a3,128.1546184835319,53671289.99664987,False,9,38.248396985389434,True,2026-08-03,pg_missing,,,,,
172,MTLUSDT,MTL,Metal,eth,1,0xf433089366899d83a9f26a773d59ec7ecf30355e,127.7633174892907,15561020.317620642,False,3,54.71746042223058,True,2026-08-03,pg_missing,,,,,
173,CVXUSDT,CVX,Convex Token,eth,1,0x4e3fbd56cd56c3e72c1403e103b45db9da5b9d2b,126.1358126743868,139878807.77506313,False,2,112.93030248548948,True,2026-08-03,pg_missing,,,,,
174,MAGICUSDT,MAGIC,MAGIC,arbitrum,42161,0x539bde0d7dbd336b79148aa742883198bbf60342,125.02544919734092,12861004.045132164,False,13,29.067722884641558,True,2026-08-03,pg_ready,success,300,444,124,13289
175,MASKUSDT,MASK,Mask Network,eth,1,0x69af81e73a73b40adf4f3d4223cd9b1ece623074,124.68557585374492,36087174.04493603,False,3,49.27410403168395,True,2026-08-03,pg_ready,success,300,199,107,8583
176,SFPUSDT,SFP,SafePal Token,bsc,56,0xd41fdb03ba84762dd66a0af1a6c8540ff1ba5dfb,123.85219994127232,64317149.04465116,False,2,77.15260893001461,True,2026-08-03,pg_ready,success,300,583,174,7540
177,IOSTUSDT,IOST,IOSToken,bsc,56,0xaf48b7e315a52518cfbf7d96c455d9dfad94cb48,123.71996828187224,12980403.29646498,False,7,40.462268624124896,True,2026-08-03,pg_ready,success,300,327,238,6197
178,DEEPUSDT,DEEP,DeepBook Token,sui,CT_784,0xdeeb7a4662eec9f2f3def03fb937a663dddaa2e215b8078a284d026b7946c270::deep::deep,121.6271718272469,152083878.980639,False,11,35.71014894611118,True,2026-08-03,pg_chain_not_present,,,,,
179,WLDUSDT,WLD,Worldcoin,optimism,10,0xdc6ff44d5d932cbd77b52e5612ba0529dc6226f1,120.63505739993286,136775684.98712835,False,14,28.811331094308503,True,2026-08-03,pg_chain_not_present,,,,,
180,MUBARAKUSDT,MUBARAK,mubarak,bsc,56,0x5c85d6c6825ab4032337f11ee92a72df936b46f6,119.02796867131596,13110046.130944846,True,15,17.904328137797357,True,2026-08-03,pg_ready,success,300,243,159,1875
181,CELOUSDT,CELO,CELO,celo,42220,0xeeeeeeeeeeeeeeeeeeeeeeeeeeeeeeeeeeeeeeee,112.44634061710677,60627355.5937896,False,7,33.924848745912875,True,2026-08-03,pg_chain_not_present,,,,,
182,USELESSUSDT,USELESS,USELESS COIN,solana,CT_501,Dz9mQ9NzkBcCsuGPFJ3r1bS4wgqKMHBPiVuniW8Mbonk,109.69922678543738,47522910.690287374,False,9,29.651848363511814,True,2026-08-03,pg_ready,success,300,688,159,9620
183,AVNTUSDT,AVNT,Avantis,base,8453,0x696f9436b67233384889472cd7cd58a6fb5df4f1,109.66116869790002,81567837.44116683,False,12,24.96542226240299,True,2026-08-03,pg_ready,success,300,176,80,3752
184,ACHUSDT,ACH,Alchemy,eth,1,0xed04915c23f00a313a544955524eb7dbd823143d,108.40372371514196,66345473.356108345,False,9,30.11129147794518,True,2026-08-03,pg_ready,success,300,261,148,5886
185,RIVERUSDT,RIVER,River,eth,1,0xda7ad9dea9397cffddae2f8a052b82f1484252b3,107.8483978331805,144386161.52599725,False,14,19.75181879212149,True,2026-08-03,pg_ready,success,300,144,97,1296
186,AIXBTUSDT,AIXBT,aixbt by Virtuals,base,8453,0x4f9fd6be4a90f2620860d680c0d4d5fb53d1a825,106.72077147321255,17132009.224280536,False,10,25.03333456428863,True,2026-08-03,pg_ready,success,300,189,96,3772
187,NEWTUSDT,NEWT,Newton,eth,1,0xd0ec028a3d21533fdd200838f39c85b03679285d,104.7558996324576,39443438.2125969,False,8,29.94072268644655,True,2026-08-03,pg_ready,success,300,246,203,6728
188,GMXUSDT,GMX,GMX,arbitrum,42161,0xfc5a1a6eb076a2c7ad06ed22c90d7e710e35ad0a,104.67045597238463,68174260.37171736,False,3,40.083576120936094,True,2026-08-03,pg_ready,success,300,382,127,8021
189,ZROUSDT,ZRO,LayerZero,arbitrum,42161,0x6985884c4392d348587b19cb9eaaf157f13271cd,98.87829657870441,20467241.348275103,False,12,15.257528179399348,True,2026-08-03,pg_ready,success,300,301,163,1985
190,CATIUSDT,CATI,Catizen,mantle,5000,0x1bdd8878252daddd3af2ba30628813271294edc0,97.26563135325668,39228387.419727184,False,11,17.59282502357755,True,2026-08-03,pg_chain_not_present,,,,,
191,VIRTUALUSDT,VIRTUAL,Virtual Protocol,solana,CT_501,3iQL8BFS2vE7mww4ehAqQHAsbmRNCrPxizWAT2Zfyr9y,96.49746061774995,14790444.323358085,False,10,15.54674475279764,True,2026-08-03,pg_ready,success,300,415,172,2401
192,XVSUSDT,XVS,Venus,bsc,56,0xcf6bb5389c92bdda8a3747ddb454cb7a64626c63,95.35221136125887,80819180.46746689,False,9,24.34468360094993,True,2026-08-03,pg_ready,success,300,471,164,7750
193,GOATUSDT,GOAT,Goatseus Maximus,solana,CT_501,CzLSujWBLFsSjncfkh59rUFqvafWcY5tzedWJSuypump,92.06481866434864,13042381.117903225,True,8,15.05804218146292,True,2026-08-03,pg_missing,,,,,
194,SANTOSUSDT,SANTOS,FC Santos Fan Token,bsc,56,0xa64455a4553c9034236734faddaddbb64ace4cc7,91.73560571131016,14280330.445184942,False,9,19.40820927142153,True,2026-08-03,pg_ready,success,300,249,193,647
195,BSVUSDT,BSV,BSV,solana,CT_501,5aQGEj88iPFteSeC2rj5N5uy9cSEST5w2SZkgt84Ex9o,89.39449749001659,46514070.287740864,False,7,24.318826442765143,True,2026-08-03,pg_missing,,,,,
196,USUALUSDT,USUAL,USUAL,eth,1,0xc4441c2be5d8fa8126822b9929ca0b81ea0de38e,88.3972073216292,15297440.002387185,False,8,20.412626969811782,True,2026-08-03,pg_ready,success,300,248,128,9089
197,COOKIEUSDT,COOKIE,Cookie DAO,bsc,56,0xc0041ef357b183448b235a8ea73ce4e4ec8c265f,87.38126124753761,6145556.922218619,False,6,21.253388006998435,True,2026-08-03,pg_ready,success,300,338,137,17731
198,BMTUSDT,BMT,Bubblemaps,solana,CT_501,FQgtfugBdpFN7PZ6NdPrZpVLDBrPGxXesi4gVu3vErhY,86.49481070086276,6126102.751213162,False,7,19.18786165707526,True,2026-08-03,pg_ready,success,300,473,233,6365
199,GLMUSDT,GLM,Golem Network Token,eth,1,0x7dd9c5cba05e151c895fde1cf355c9a1d5da6429,84.18786551799099,73333485.72830969,False,8,20.859639255427037,True,2026-08-03,pg_ready,success,300,142,82,17966
200,NIGHTUSDT,NIGHT,Midnight,bsc,56,0xfe930c2d63aed9b82fc4dbc801920dd2c1a3224f,82.16117560929665,9892420.4297934,False,6,15.890872374834176,True,2026-08-03,pg_missing,,,,,
201,HAEDALUSDT,HAEDAL,Haedal,sui,CT_784,0x3a304c7feba2d819ea57c3542d68439ca2c386ba02159c740f7b406e592c62ea::haedal::haedal,81.29271098184863,14708989.778183986,False,9,13.838410362324446,True,2026-08-03,pg_chain_not_present,,,,,
202,NXPCUSDT,NXPC,NXPC,avalanche,43114,0x5e0e90e268bc247cc850c789a0db0d5c7621fb59,81.19888178682706,28965690.663842376,False,2,30.70450767382082,True,2026-08-03,pg_ready,success,300,369,127,20649
203,OPENUSDT,OPEN,OpenLedger,bsc,56,0xa227cc36938f0c9e09ce0e64dfab226cad739447,76.67227537317356,12427221.753057126,False,8,14.644729263098036,True,2026-08-03,pg_missing,,,,,
204,POPCATUSDT,POPCAT,Popcat,solana,CT_501,7GCihgDB8fe6KNjn2MYtkzZcRjQy3t9GHdC8uHYmW2hr,76.62850584532225,44039695.408235885,False,6,15.162570142729452,True,2026-08-03,pg_ready,success,300,311,113,5195
205,1000SHIBUSDT,1000SHIB,SHIBA INU,eth,1,0x95ad61b0a150d79219dcf64e1e6cc01f0b64c4ce,75.42276223613135,2916844947.887782,True,2,26.14294782080388,True,2026-08-03,pg_missing,,,,,
206,BEAMXUSDT,BEAMX,Beam (Formerly Merit Circle),eth,1,0xadb3e4cdd081890fd403f7bb39ce07d223f92e11,74.68393266290393,74236811.25516401,False,4,23.970007781784858,True,2026-08-03,pg_missing,,,,,
207,1INCHUSDT,1INCH,1INCH Token,robinhood,4663,0x1755c2910c126ee1b0cf1e08a307dc9e787285a0,74.06651379993166,3198836.408074672,False,5,16.630808218763658,True,2026-08-03,pg_chain_not_present,,,,,
208,BIGTIMEUSDT,BIGTIME,Big Time,eth,1,0x64bc2ca1be492be7185faa2c8835d9b824c8a194,73.33764007253112,27179777.444738712,False,5,20.104315680558134,True,2026-08-03,pg_ready,success,300,332,180,9198
209,1000BONKUSDT,1000BONK,Bonk,solana,CT_501,DezXAZ8z7PnrnRJjz3wXBoRgixCa6xjnB7YaB1pPB263,73.17701017017887,247193489.24402648,True,3,18.73249713504396,True,2026-08-03,pg_ready,success,300,335,102,17524
210,TRBUSDT,TRB,Tellor Tributes,eth,1,0x88df592f8eb5d7bd38bfef7deb0fbc02cf3778a0,71.21930935207114,38709594.992603086,False,7,14.498802899142103,True,2026-08-03,pg_ready,success,300,201,117,5318
211,KMNOUSDT,KMNO,Kamino,solana,CT_501,KMNo3nJsBXfcpJTVhZcXLW7RmTwTt4GVFE7suUBo9sS,66.71502386265573,180026479.27413017,False,5,19.72708993875056,True,2026-08-03,pg_ready,success,300,247,134,20613
212,1MBABYDOGEUSDT,1MBABYDOGE,1M x BABYDOGE,eth,1,0x8799c444c6ecb49a957853e3f958b3f4e74bebde,66.16296393445717,55732477.506360546,True,1,20.710328651847874,True,2026-08-03,pg_missing,,,,,
213,ARKMUSDT,ARKM,Arkham,eth,1,0x6e2a43be0b1d33b726f0ca3b8de60b3482b8b050,56.70405249816346,96206286.34061345,False,6,10.919748257567496,True,2026-08-03,pg_ready,success,300,262,147,3998
214,BNTUSDT,BNT,Bancor Network Token,eth,1,0x1f573d6fb3f13d689ff844b4ce37794d79a7ff1c,55.08808841202297,28632712.553229965,False,1,19.15148562514765,True,2026-08-03,pg_ready,success,300,404,99,12506
215,1000CATUSDT,1000CAT,Simons Cat,bsc,56,0x6894cde390a3f51155ea41ed24a33a4827d3063d,54.78728865238854,11477504.825662758,False,6,7.872603896514154,True,2026-08-03,pg_missing,,,,,
216,ELSAUSDT,ELSA,HeyElsa,base,8453,0x29cc30f9d113b356ce408667aa6433589cecbdca,54.60382711247008,55636419.53082967,False,5,12.296649071732697,True,2026-08-03,pg_ready,success,300,71,40,14471
217,LINEAUSDT,LINEA,Linea,linea,59144,0x1789e0043623282d5dcc7f213d703c6d8bafbb04,54.084222160761314,157856834.02277368,False,5,10.612558073270847,True,2026-08-03,pg_chain_not_present,,,,,
218,PEOPLEUSDT,PEOPLE,ConstitutionDAO,eth,1,0x7a58c0be72be218b41c608b7fe7c5bb630736c71,53.07685886612106,35820450.11206565,False,5,8.904545987744111,True,2026-08-03,pg_ready,success,300,221,129,810
219,1000FLOKIUSDT,1000FLOKI,FLOKI,bsc,56,0xfb5b838b6cfeedc2873ab27866079ac55363d37e,52.858948659442504,84463098.53981546,True,3,10.9734712996073,True,2026-08-03,pg_ready,success,300,362,150,10819
220,WLFIUSDT,WLFI,World Liberty Financial,solana,CT_501,WLFinEv6ypjkczcS83FZqFpgFZYwQXutRbxGe7oC16g,51.28630297608898,51308134.101121135,False,4,11.769236544494309,True,2026-08-03,pg_ready,success,300,296,147,2808
221,WOOUSDT,WOO,Wootrade Network,eth,1,0x4691937a7508860f876c9c0a2a617e7d9e945d4b,50.15536979630312,21550914.67889911,False,4,9.144399070587644,True,2026-08-03,pg_ready,success,300,265,143,13670
222,IOTAUSDT,IOTA,MIOTAC,bsc,56,0xd944f1d1e9d5f9bb90b62f9d45e447d989580782,45.972931819656715,10153350.515298579,False,2,10.279256506081788,True,2026-08-03,pg_missing,,,,,
223,IMXUSDT,IMX,Immutable X,eth,1,0xf57e7e7c23978c3caec3c3548e3d615c346e79ff,45.38170779840824,223887377.7228029,False,4,12.63762729081903,True,2026-08-03,pg_ready,success,300,172,85,8446
224,FARTCOINUSDT,FARTCOIN,Fartcoin,solana,CT_501,9BB6NFEcjBCtnNLFko2FqVQBq8HHM13kCyYcdQbgpump,41.89965069474853,135018731.46492133,True,2,7.607664367772069,True,2026-08-03,pg_ready,success,300,377,125,7084
225,ACUUSDT,ACU,ACU,eth,1,0x216b3643ff8b7bb30d8a48e9f1bd550126202add,41.1815050766284,12340503.008126272,False,2,8.44362183416159,True,2026-08-03,pg_ready,success,300,190,172,1670
226,LQTYUSDT,LQTY,LQTY,eth,1,0x6dea81c8171d0ba574754ef6f8b412f2ed88c54d,38.693525381148426,18104776.465843476,False,2,7.678842901865031,True,2026-08-03,pg_ready,success,300,305,133,7683
227,MEWUSDT,MEW,cat in a dogs world,solana,CT_501,MEW1gQWJ3nEXg2qgERiKu7FAFj79PHvQVREQUzScPP5,38.074101320810676,29958669.967546064,False,3,6.107714276757962,True,2026-08-03,pg_ready,success,300,149,96,11656
228,SSVUSDT,SSV,SSV Token,eth,1,0x9d65ff81a3c488d585bbfb0bfe3c7707c7917f54,35.571709630365234,38524540.72335245,False,1,6.615597409225718,True,2026-08-03,pg_ready,success,300,272,166,10033
229,STBLUSDT,STBL,STBL,bsc,56,0x8dedf84656fa932157e27c060d8613824e7979e3,35.44586053387013,16765584.660967559,False,1,8.09802401619567,True,2026-08-03,pg_ready,success,300,379,129,8958
230,SEIUSDT,SEI,SEI,eth,1,0xbdf43ecadc5cef51b7d1772f722e40596bc1788b,35.16369879522951,3297360.1848552856,False,1,5.430876146630452,True,2026-08-03,pg_ready,success,300,93,68,1114
231,HYPEUSDT,HYPE,HYPE,solana,CT_501,98sMhvDwXj1RQi5c5Mndm3vPe9cBqPrbLaufMXFNMh5g,32.215160285161346,41800779.93648786,False,2,7.012814490422985,True,2026-08-03,pg_missing,,,,,
232,PUMPUSDT,PUMP,Pump.fun,solana,CT_501,pumpCmXqMfrsAkQ5r49WcJnRayYRqmXz6ae8H7H9Dfn,31.499924451141446,2045824575.8269465,True,1,6.21385414204099,True,2026-08-03,pg_missing,,,,,
233,ARBUSDT,ARB,Arbitrum,eth,1,0xb50721bcf8d664c30412cfbc6cf7a15145234ad1,30.913966901318307,17872682.613859694,False,1,5.3775172076039786,True,2026-08-03,pg_ready,success,300,129,121,1148
