candidate_score,project_name,symbol,base_asset,identity_symbol,market_cap_usd,is_small_project,is_meme,event_count,max_volume_ratio,peak_event_date,peak_abs_return_pct,peak_intraday_range_pct,bar_count,first_bar_date,last_bar_date,chain_id,contract_address,last_close,normalized_token_price,web3_price_usd,identity_price_ratio,web3_tags
212.5313926596282,zerebro,ZEREBROUSDT,ZEREBRO,ZEREBRO,39645798.76761253,True,True,42,105.87310131388156,2025-10-11,264.424778761062,436.2397820163488,399,2025-07-02,2026-08-04,CT_501,8x5VqbHA8D7NkD52uNuS5nnt3PwA8pLD34ymskeSo2Wn,0.040547,0.040547,0.03964785462421219,1.022678285730969,Pumpfun|Alpha|DEX Paid
207.93935220684136,Test Token,TSTUSDT,TST,TST,9431302.555430152,True,True,29,290.76041285210783,2026-05-04,70.67096011040286,135.00810372771474,399,2025-07-02,2026-08-04,56,0x86bb94ddd16efc8bc58e6b056e8df71d9e666429,0.00997,0.00997,0.010040341388396505,1.0070553047539124,Fourmeme|Community Recognized
206.45973258136775,TAC Token,TACUSDT,TAC,TAC,12798370.60737508,True,False,39,287.53128712629285,2026-06-29,171.73411711508027,206.7970547630005,386,2025-07-15,2026-08-04,CT_607,UQBE_gBrU3mPI9hHjlJoR_kYyrhQgyCFD6EUWfa42W8T7B2K,0.003385,0.003385,0.003391922422722193,1.0020450288691856,
205.18572885982218,Mind Network,FHEUSDT,FHE,FHE,18467374.11319455,True,False,42,236.70976119970618,2025-12-07,148.46938775510208,220.9242618741977,399,2025-07-02,2026-08-04,56,0xd55c9fb62e176a8eb6968f32958fefdd0962727e,0.02328,0.02328,0.024212941546341998,1.0400748086916667,Alpha
205.00265196869563,Sapien,SAPIENUSDT,SAPIEN,SAPIEN,19466584.471010584,True,False,22,238.42048707677023,2025-11-06,178.83499838865617,373.91970057842803,350,2025-08-20,2026-08-04,8453,0xc729777d0470f30612b1564fd96e8dd26f5814e3,0.07823,0.07823,0.07786633788404235,1.0046703379899438,Community Recognized|DEX Paid
204.27283167435925,Tensor,TNSRUSDT,TNSR,TNSR,24016919.114095416,True,False,22,1077.3632840658136,2025-11-20,221.52437451637869,390.2399568616878,399,2025-07-02,2026-08-04,CT_501,TNSRxcUxoT9xBG3de7PiJyTDYu7kskLqcpddxnEJAS6,0.03059,0.03059,0.030641998284483416,1.0016998458477744,Community Recognized
203.02424867764148,Nillion,NILUSDT,NIL,NIL,34402513.18851809,True,False,19,183.07643093729618,2026-05-07,111.16193961573649,153.25984990619136,399,2025-07-02,2026-08-04,1,0x7cf9a80db3b29ee8efe3710aadb7b95270572d47,0.03524,0.03524,0.03411026203640684,1.0331201783905195,
200.9840897998994,Lorenzo Governance Token,BANKUSDT,BANK,BANK,61888510.39796355,True,False,46,800.1057010213958,2026-07-19,103.26673866090714,153.56119307929097,399,2025-07-02,2026-08-04,56,0x3aee7602b612de36088f3ffed8c8f10e86ebf2bf,0.05244,0.05244,0.0510548780686194,1.0271300605109457,TGE
200.60586207414684,BNB Attestation,BASUSDT,BAS,BAS,69006260.84082167,True,False,39,82.60656171730416,2025-10-13,134.20207396531154,319.44444444444446,344,2025-08-26,2026-08-04,56,0x0f0df6cb17ee5e883eddfef9153fc6036bdb4e37,0.026702,0.026702,0.027602504336328666,1.0337242280102115,Alpha|DEX Paid
199.6501013967224,Pippin,PIPPINUSDT,PIPPIN,PIPPIN,17297120.53046314,True,True,41,94.15713895146212,2025-10-25,45.56307202546756,135.64102564102564,399,2025-07-02,2026-08-04,CT_501,Dfh5DzRgSvvCFDoYc2ciTkMrbDfRKybA4SoFbPmApump,0.01768,0.01768,0.01729825750272283,1.0220682630731497,Pumpfun|Alpha|DEX Paid
197.05962116864907,Allora,ALLOUSDT,ALLO,ALLO,3442204.1336530726,True,False,24,471.4187561622052,2026-05-29,57.62219613174317,127.5453004823361,267,2025-11-11,2026-08-04,56,0xcce5f304fd043d6a4e8ccb5376a4a4fb583b98d5,0.25187,0.25187,0.2592112448956691,1.0291469603194867,Community Recognized
195.4889168870716,Act I : The AI Prophecy,ACTUSDT,ACT,ACT,8518482.634410882,True,True,19,216.1743884079753,2026-06-28,40.3061224489796,100.25542784163473,399,2025-07-02,2026-08-04,CT_501,GJAFwWjJ3vnTsrQVabjBVK2TYB1YtRCQXRDfDgUnpump,0.008757,0.008757,0.008983473420366537,1.0258619870236996,Pumpfun|Community Recognized
194.67084785651627,pumpBTC Governance Token,PUMPBTCUSDT,PUMPBTC,PUMPBTC,5356831.793455685,True,False,36,216.66536572028733,2025-09-22,40.74056758146711,911.0000000000001,399,2025-07-02,2026-08-04,56,0xb7c0007ab75350c582d5eab1862b872b5cf53f0c,0.00989,0.00989,0.01030701264211348,1.042165080092364,Alpha|DEX Paid
194.58138119613588,Tradoor,TRADOORUSDT,TRADOOR,TRADOOR,33086031.86178686,True,False,38,134.73007558675403,2025-12-01,65.68627450980394,359.60082587749486,320,2025-09-19,2026-08-04,56,0x9123400446a56176eb1b6be9ee5cf703e409f492,0.5406,0.5406,0.5514338643764245,1.0200404446474742,Alpha
194.0346121183292,CROSS Protocol,CROSSUSDT,CROSS,CROSS,98050871.09597391,True,False,18,161.23585270119898,2025-11-15,103.28400954653935,114.32835820895524,391,2025-07-10,2026-08-04,56,0x6bf62ca91e397b5a7d1d6bce97d9092065d7a510,0.0967,0.0967,0.09952151443889251,1.0291780190164685,Alpha|DEX Paid
193.51979681476627,Biconomy Token,BICOUSDT,BICO,BICO,22282933.784289807,True,False,21,443.7015031403908,2026-06-20,77.85653529912105,113.48314606741572,399,2025-07-02,2026-08-04,1,0xf17e65822b568b3903685a7c9f496cf7656cc6c2,0.02111,0.02111,0.02228298115273941,1.0555651896134255,Token Volume Surging
193.48634669883867,Taiko,TAIKOUSDT,TAIKO,TAIKO,69739329.62442136,True,False,18,963.7988468337348,2026-07-02,71.66879523201362,330.60344827586204,399,2025-07-02,2026-08-04,1,0x10dea67478c5f8c5e2d90e5e9b26dbe60c54d800,0.06918,0.06918,0.0697393296244283,1.0080851347850288,Token Volume Plunging
193.22502717278795,Alaya Governance Token,AGTUSDT,AGT,AGT,75758901.82839952,True,False,20,86.73663365012922,2026-04-09,93.38577046835897,113.98055922236887,399,2025-07-02,2026-08-04,56,0x5dbde81fce337ff4bcaaee4ca3466c00aecae274,0.014789,0.014789,0.015151780790018872,1.0245304476312713,Alpha
192.7800335840744,Dolomite,DOLOUSDT,DOLO,DOLO,5758522.042938877,True,False,18,118.13126040594432,2026-01-12,72.05739299610894,86.87469044081229,399,2025-07-02,2026-08-04,1,0x0f81001ef0a83ecce5ccebf63eb302c70a39a654,0.02193,0.02193,0.022352472859492906,1.0192646082760102,Token Volume Surging
192.50957789770058,StakeStone,STOUSDT,STO,STO,19725045.887022477,True,False,34,439.56661415505073,2026-04-02,50.21100815005024,906.7741761501537,399,2025-07-02,2026-08-04,56,0xdaf1695c41327b61b9b9965ac6a5843a3198cf07,0.04103,0.04103,0.03914813875298508,1.0480702609870929,TGE
191.36263411859284,Comedian,BANUSDT,BAN,BAN,70436651.90349506,True,True,16,44.67384870744419,2026-03-18,65.92142520056629,197.98422436459248,399,2025-07-02,2026-08-04,CT_501,9PR7nCP9DpcUotnDPVLUBUZKu5WAYkwrCUx9wDnSpump,0.07397,0.07397,0.07318685814949635,1.0107005802722662,Pumpfun|Community Recognized
191.27677406065376,Bedrock,BRUSDT,BR,BR,144060905.6156741,True,False,38,744.3862209169787,2026-03-22,72.91269258987528,302.8978978978979,399,2025-07-02,2026-08-04,56,0xff7d6a96ae471bbcd7713af9cb1feeb16cf56b41,0.14317,0.14317,0.14406090588685702,1.0062227134655097,Alpha
191.21449487385928,PIXEL,PIXELUSDT,PIXEL,PIXEL,11053793.96852149,True,False,14,1390.6694251346544,2026-03-11,62.57918552036197,107.33879586747418,399,2025-07-02,2026-08-04,BN_2020,0x7eae20d11ef8c779433eb24503def900b9d28ad7,0.004084,0.004084,0.00411458279401135,1.0074884412368634,
190.9572296072197,Solv,SOLVUSDT,SOLV,SOLV,18708631.34112456,True,False,22,145.0327116946483,2026-04-02,44.0629839958699,148.67233138608606,399,2025-07-02,2026-08-04,56,0xabe8e5cabe24cb36df9540088fd7ce1175b9bc52,0.002328,0.002328,0.002227218026046681,1.0452501608619824,Token Volume Plunging|Community Recognized
190.45652512881497,PORTAL,PORTALUSDT,PORTAL,PORTAL,10914725.504078442,True,False,25,344.8382565667353,2026-06-01,33.77463054187192,172.53829321663022,399,2025-07-02,2026-08-04,1,0x1bbe973bef3a977fc51cbed703e8ffdefe001fed,0.0104,0.0104,0.010914725504078442,1.0494928369306196,
189.90161153775375,Unibase,UBUSDT,UB,UB,264475817.51808265,True,False,21,120.06158874732921,2026-05-01,84.26425550532299,135.98443579766538,327,2025-09-12,2026-08-04,56,0x40b8129b786d766267a7a118cf8c07e31cdb6fde,0.12485,0.12485,0.1359680703886599,1.0890514248190621,Alpha|DEX Paid
189.16336785200218,Dogs,DOGSUSDT,DOGS,DOGS,19013178.025690567,True,False,19,548.6558964504736,2026-05-05,63.28745367919535,105.04648074369189,399,2025-07-02,2026-08-04,CT_607,UQCvxJy4eG8hyHBFsZ7eePxrRsUQSFE_jpptRAYBmcG_DLxX,3.483e-05,3.483e-05,3.487266896716403e-05,1.0012250636567335,
188.4877093506369,Melania Meme,MELANIAUSDT,MELANIA,MELANIA,75005352.46990055,True,True,13,49.33212475536171,2025-11-10,45.7968476357268,103.72010628875113,399,2025-07-02,2026-08-04,CT_501,FUAfBo2jgks6gB4Z4LfZkqSZgzNucisEHqnNebaRxM1P,0.07547,0.07547,0.0750056603099315,1.006190728648342,Community Recognized
187.43839064198318,Infinity Ground,AINUSDT,AIN,AIN,12634696.655398723,True,False,31,121.92103268849299,2026-03-10,50.516327100195355,105.36571589946347,391,2025-07-10,2026-08-04,56,0x9558a9254890b2a8b057a789f413631b9084f4a3,0.06804,0.06804,0.06818508718509834,1.0021323807333677,Alpha
187.12286402950272,API3,API3USDT,API3,API3,33743631.4215798,True,False,19,180.014631812263,2025-08-19,57.381776239907744,114.57322987390883,399,2025-07-02,2026-08-04,1,0x0b38210ea11411557c13457d4da7dc6ea731b88a,0.1893,0.1893,0.18989075250663512,1.0031207211127053,Token Volume Surging
186.94138718255698,Tutorial,TUTUSDT,TUT,TUT,20997900.84802848,True,False,22,144.08028666302764,2025-09-20,34.64297630964297,140.27386741745588,399,2025-07-02,2026-08-04,CT_501,54uUKttrQT2GBzLQdh4qB4rVyzLzYbopXG9Cbek2saeY,0.02157,0.02157,0.02099790084802848,1.0272455402143321,
184.94851372812354,Power Protocol,POWERUSDT,POWER,POWER,3827166.410409087,True,False,23,57.858601477676075,2026-02-10,46.896118183246884,67.13688610240334,242,2025-12-06,2026-08-04,56,0x9dc44ae5be187eca9e2a67e33f27a4c91cea1223,0.08373,0.08373,0.08597321217558733,1.0267910208478124,Alpha
184.4537587970022,VANRY,VANRYUSDT,VANRY,VANRY,7646333.421676319,True,False,19,536.3750058247837,2026-07-06,33.934042169760325,101.47269380241357,399,2025-07-02,2026-08-04,1,0x8de5b80a0c1b02fe4976851d030b36122dbb8624,0.003331,0.003331,0.003272816730516906,1.0177777352885582,Token Volume Plunging
183.66371860812407,INFINIT,INUSDT,IN,IN,3190381.1147094294,True,False,30,205.60033438108294,2026-01-23,35.46075085324234,73.41534255937128,363,2025-08-07,2026-08-04,56,0x61fac5f038515572d6f42d4bcb6b581642753d50,0.03242,0.03242,0.032736566233228216,1.0097645352630542,Alpha
183.6100211959401,Axie Infinity Shard,AXSUSDT,AXS,AXS,6084563.0918426085,True,False,21,175.2464949513736,2026-01-17,45.722937168811505,70.90768037238169,399,2025-07-02,2026-08-04,56,0x715d400f88c167884bbcc41c5fea407ed4d2f8a0,0.821,0.821,0.8415719654035251,1.0250572051200062,Token Volume Surging|Community Recognized
183.43451050256084,Lisk,LSKUSDT,LSK,LSK,28990840.33130346,True,False,15,671.2335414879124,2025-11-11,61.121951219512205,80.23426061493413,399,2025-07-02,2026-08-04,1,0x6033f7f88332b8db6ad452b7c6d5bb643990ae3f,0.07189,0.07189,0.07247710082825864,1.0081666550042934,
183.10669355528745,Hyperlane,HYPERUSDT,HYPER,HYPER,10829817.640862448,True,False,11,365.4920688039067,2026-04-25,59.83430500153422,84.05410944865753,399,2025-07-02,2026-08-04,56,0xc9d23ed2adb0f551369946bd377f8644ce1ca5c4,0.05755,0.05755,0.05729327455376386,1.0044809002144786,Token Volume Surging|TGE
183.03524370612928,MYX Finance,MYXUSDT,MYX,MYX,78111129.42151834,True,False,32,85.88951452914763,2025-08-06,31.439908029826434,166.1662251005789,399,2025-07-02,2026-08-04,56,0xd82544bf0dfe8385ef8fa34d67e6e4940cc63e16,0.0792,0.0792,0.07811112942171014,1.0139400183603955,Alpha|DEX Paid
182.55621244149614,Walrus,WALUSDT,WAL,WAL,123575591.34986915,True,False,12,55.79339174483388,2025-10-10,35.89881593110872,584.6283783783783,399,2025-07-02,2026-08-04,CT_784,0x356a26eb9e012a68958082340d4c4116e7f55615cf27affcff209cf0ae544f59::wal::WAL,0.02463,0.02463,0.02471540142109004,1.0034673739784832,
182.41661289449422,Trusta.AI,TAUSDT,TA,TA,59350429.90552563,True,False,41,119.40379461646117,2025-09-02,25.14813523875914,244.89997308692924,380,2025-07-21,2026-08-04,56,0x539ae81a166e5e80aed211731563e549c411b140,0.06391,0.06391,0.06372973981777447,1.0028285096211118,Alpha
182.39066901857763,Resolv,RESOLVUSDT,RESOLV,RESOLV,16428559.57696543,True,False,35,80.18031953612451,2025-11-16,43.4913695635788,89.50434990821292,399,2025-07-02,2026-08-04,1,0x259338656198ec7a76c729514d3cb45dfbf768a1,0.01556,0.01556,0.016428559774999376,1.0558200369536874,Token Volume Surging
182.36042956420306,TAKE,TAKEUSDT,TAKE,TAKE,49361091.921750195,True,False,31,191.0026561844328,2026-02-12,57.74907749077494,91.02178812922614,336,2025-09-03,2026-08-04,CT_784,0x76a49ebaf991fa2d4cb6a352af14425d453fe2ba6802b5ed2361b227150b6689::take::TAKE,0.04622,0.04622,0.04936109192175019,1.0679595829024275,
182.29079920719636,Alchemist AI,ALCHUSDT,ALCH,ALCH,28242669.19031303,True,True,27,68.0989261423952,2025-10-04,13.665209420392044,84.4318181818182,399,2025-07-02,2026-08-04,CT_501,HNg5PYJmtqcmzXrv6S9zP1CDKk5BgDuyFBxbvNApump,0.02801,0.02801,0.028243993128421394,1.0083539139029416,Pumpfun|Alpha
181.6573295412889,Sign,SIGNUSDT,SIGN,SIGN,3302105.969884708,True,False,17,200.5508963585025,2026-03-06,37.16275021758051,57.999999999999986,399,2025-07-02,2026-08-04,56,0x868fced65edbf0056c4163515dd840e9f287a4c3,0.006621,0.006621,0.007078280485008288,1.069065169159989,Token Volume Surging|Community Recognized
181.6075381851794,XPL,XPLUSDT,XPL,XPL,210700030.43171763,True,False,13,58.54336352668965,2025-09-25,62.43803228676752,111.80251241600936,348,2025-08-22,2026-08-04,9745,0xeeeeeeeeeeeeeeeeeeeeeeeeeeeeeeeeeeeeeeee,0.0779,0.0779,0.07835951544981201,1.0058987862620283,Community Recognized
181.57155642619432,Phala,PHAUSDT,PHA,PHA,20668675.461287517,True,False,23,382.3024740506663,2026-03-03,47.82958199356913,82.13128038897892,399,2025-07-02,2026-08-04,1,0x6c5ba91642f10282b576d91922ae6448c9d52f4e,0.0202,0.0202,0.02066904735934068,1.0232201663039941,
181.00661046858087,Sahara AI,SAHARAUSDT,SAHARA,SAHARA,14970015.679249072,True,False,25,170.35671061236306,2026-02-27,46.89793195463643,72.44623655913978,399,2025-07-02,2026-08-04,56,0xfdffb411c4a70aa7c95d5c981a6fb4da867e1111,0.008006,0.008006,0.007338242980024055,1.0909968533058516,Community Recognized
180.44960208274014,OKZOO,AIOTUSDT,AIOT,AIOT,44712013.25904061,True,False,43,287.20215526288774,2026-04-03,13.344103392568663,160.64981949458485,399,2025-07-02,2026-08-04,56,0x55ad16bd573b3365f43a9daeb0cc66a73821b4a5,0.04424,0.04424,0.04471201325912025,1.0106693774665516,Alpha
180.25242628291275,Pieverse,PIEVERSEUSDT,PIEVERSE,PIEVERSE,70361825.13096008,True,False,13,663.8960098632924,2026-04-20,18.856612058773848,196.8960863697706,264,2025-11-14,2026-08-04,56,0x0e63b9c287e32a05e6b9ab8ee8df88a2760225a9,0.7957,0.7957,0.7755562839488445,1.0259732484515387,Alpha|DEX Paid
179.6676594759946,Wayfinder,PROMPTUSDT,PROMPT,PROMPT,16884251.399030145,True,False,29,398.14302566996224,2025-08-24,41.568791946308735,75.18897287683417,399,2025-07-02,2026-08-04,1,0x28d38df637db75533bd3f71426f3410a82041544,0.01988,0.01988,0.019952880126959827,1.0036660023621644,Alpha
179.6646218951816,SKYAI,SKYAIUSDT,SKYAI,SKYAI,60440557.3716276,True,False,41,282.9885511530491,2025-10-13,19.03685281483155,142.2604422604423,399,2025-07-02,2026-08-04,56,0x92aa03137385f18539301349dcfc9ebc923ffb10,0.05242,0.05242,0.06053838086994157,1.1548718212503162,Alpha
177.97322238013066,Naoris Protocol,NAORISUSDT,NAORIS,NAORIS,132007716.53430048,True,False,48,232.43244963046388,2026-01-21,18.48418756815703,170.90371621621622,370,2025-07-31,2026-08-04,1,0x1b379a79c91a540b2bcd612b4d713f31de1b80cc,0.03286,0.03286,0.03300192913357512,1.0043192067430042,
177.60835199640968,Dusk Network,DUSKUSDT,DUSK,DUSK,29632470.668171477,True,False,27,486.8279486973005,2026-01-19,30.6823174941937,92.63296993723156,399,2025-07-02,2026-08-04,1,0x940a2db1b7008b6c776d4faaca729d6d4a4aa551,0.05889,0.05889,0.05926494133634295,1.0063668082245365,Token Volume Surging
177.51576020253304,Bounce Token,AUCTIONUSDT,AUCTION,AUCTION,22526653.9333385,True,False,14,133.209522070344,2026-01-25,48.76408938105594,55.528942115768466,399,2025-07-02,2026-08-04,1,0xa9b1eb5908cfc3cdf91f9b8b3a74108598009096,2.934,2.934,2.9506625734361642,1.005679132050499,Token Volume Plunging
177.42399150311462,Coin98,C98USDT,C98,C98,4663490.124391732,True,False,14,66.198133109098,2026-02-05,25.541125541125552,57.14285714285716,399,2025-07-02,2026-08-04,56,0xaec945e04baf28b135fa7c640f624f8d90f1c3a6,0.01239,0.01239,0.012357981279080492,1.0025909345706576,Community Recognized
176.90310417831734,Animecoin,ANIMEUSDT,ANIME,ANIME,11896055.865996093,True,False,15,145.53433628693824,2025-12-20,39.407540394973076,52.24982001439884,399,2025-07-02,2026-08-04,42161,0x37a645648df29205c6261289983fb04ecd70b4b3,0.002402,0.002402,0.002419566033918782,1.0073130865606919,
176.88490289768447,swarms,SWARMSUSDT,SWARMS,SWARMS,6922058.476615619,True,True,24,91.61076760729786,2026-04-08,5.951746201013064,28.679189469013465,399,2025-07-02,2026-08-04,CT_501,74SBV4zDXxTRgv1pEMoECskKBkZHc2yGPnc7GYVepump,0.006851,0.006851,0.006922273567082943,1.0104033815622453,Pumpfun|Alpha
176.44952471095317,tokenbot,CLANKERUSDT,CLANKER,CLANKER,11905741.7176383,True,False,12,58.61440919678087,2026-01-31,34.62223352836429,57.22031963470322,266,2025-11-12,2026-08-04,8453,0x1bc0c42215582d5a085795f4badbac3ff36d1bcb,12.24,12.24,12.071394954079285,1.0139673208077529,Alpha|DEX Paid
176.04640892851438,Horizen,ZENUSDT,ZEN,ZEN,86101969.31687024,True,False,16,51.94448779152877,2025-10-10,4.83817427385892,201.61458333333337,399,2025-07-02,2026-08-04,8453,0xf43eb8de897fbc7f2502483b2bef7bb9ea179229,4.103,4.103,4.100094900888406,1.0007085443585622,Community Recognized|DEX Paid
175.44279099841057,Banana For Scale,BANANAS31USDT,BANANAS31,BANANAS31,70343847.24281839,True,True,26,306.31749927782505,2025-11-17,3.137146029983351,77.46228926353152,399,2025-07-02,2026-08-04,56,0x3d4f0513e8a29669b960f9dbca61861548a9a760,0.007101,0.007101,0.007073590161089107,1.003874954342375,Fourmeme|Community Recognized
175.4054768135005,Lombard,BARDUSDT,BARD,BARD,111565856.53749469,True,False,17,74.27489003414846,2026-03-05,56.20754716981131,66.1124694376528,321,2025-09-18,2026-08-04,1,0xf0db65d17e30a966c2ae6a21f6bba71cea6e9754,0.1125,0.1125,0.11156585653749468,1.0083730228180643,DEX Paid
174.61374832494147,KERNEL,KERNELUSDT,KERNEL,KERNEL,31368884.51430756,True,False,16,108.95210269151183,2026-03-31,35.30968766543143,66.27565982404693,399,2025-07-02,2026-08-04,1,0x3f80b1c54ae920be41a77f8b902259d48cf24ccf,0.0315,0.0315,0.031368884516232806,1.0041797942703172,
173.8368072940771,BOOK OF MEME,BOMEUSDT,BOME,BOME,39463021.88480696,True,True,10,55.980203047151555,2026-04-19,16.125101543460584,85.05389718076285,399,2025-07-02,2026-08-04,CT_501,ukHH6c7mMyiWCf1b9pnWe25TSpkDDt3H5pQZgZ74J82,0.0005772,0.0005772,0.000573033783713019,1.0072704549110276,Community Recognized
173.7600808333265,Hamster Kombat,HMSTRUSDT,HMSTR,HMSTR,17371249.55024793,True,False,26,98.12781185525648,2025-12-18,21.00202429149798,70.74168797953963,399,2025-07-02,2026-08-04,CT_607,UQAJ8uWd7EBqsmpSWaRdf_I-8R8-XHwh3gsNKhy-UrdrPZjt,0.000171,0.000171,0.00017371251299066535,1.0158626490682183,
173.68346517702952,AI Rig Complex,ARCUSDT,ARC,ARC,54335449.183956504,True,True,32,48.95092807980546,2025-11-25,4.95534428118698,70.70979335130278,399,2025-07-02,2026-08-04,CT_501,61V8vBaqAGMpgDQi4JcAwo1dmBGHsyhzodcPqnEVpump,0.05316,0.05316,0.05433638690564638,1.022129174297336,Pumpfun|Alpha
173.15276593495526,ZK Coin,ZKCUSDT,ZKC,ZKC,39701079.74135234,True,False,13,89.18391407195006,2026-01-25,30.114135206321336,70.65120428189115,324,2025-09-15,2026-08-04,1,0x000006c2a22ff4a44ff1f5d0f2ed65f781f55555,0.03701,0.03701,0.037352926093819384,1.0092657685441606,Token Volume Plunging
171.65220896917657,Numeraire,NMRUSDT,NMR,NMR,93031712.06033239,True,False,15,800.88834420809,2025-08-27,32.62738258377978,76.18294261469869,399,2025-07-02,2026-08-04,1,0x1776e1f26f98b1a5df9cd347953a26dd3cb46671,8.685,8.685,8.753265474862495,1.0078601583031082,
171.5918416419854,Codatta XNY,XNYUSDT,XNY,XNY,18045500.297782395,True,False,21,289.1323582209528,2025-12-05,7.3593073593073655,79.90664120517717,357,2025-08-13,2026-08-04,56,0xe3225e11cab122f1a126a28997788e5230838ab9,0.007447,0.007447,0.0072182001191129575,1.0316976361297059,Alpha|DEX Paid
171.56975396161397,PARTI Token,PARTIUSDT,PARTI,PARTI,9351289.346431239,True,False,24,78.99689793106755,2025-11-13,20.420624151967427,42.76399897724368,399,2025-07-02,2026-08-04,8453,0x59264f02d301281f3393e1385c0aefd446eb0f00,0.02377,0.02377,0.02375632765031957,1.0005755245457832,Community Recognized
171.52670666287185,Bonfida,FIDAUSDT,FIDA,FIDA,17335679.370674457,True,False,18,257.76918393366117,2026-05-21,17.718587145338738,61.27744510978044,399,2025-07-02,2026-08-04,CT_501,EchesyfXePKdLtoiZSL8pBe8Myagyy8ZRqsACNCFGnvp,0.01688,0.01688,0.017494694947388735,1.0364155774519392,Community Recognized
171.5151907043562,Cetus Protocol,CETUSUSDT,CETUS,CETUS,17712842.52327325,True,False,12,52.10007365862604,2026-03-30,16.59388646288209,63.57370095440085,399,2025-07-02,2026-08-04,CT_784,0x06864a6f921804860930db6ddbe2e16acdf8504495ea7481637a1c8b9a8fe54b::cetus::CETUS,0.01773,0.01773,0.017712842523273247,1.0009686461506226,
171.38382946482542,Zora,ZORAUSDT,ZORA,ZORA,58737912.30005169,True,False,17,69.20443067498935,2026-02-01,16.43340857787812,90.73236889692583,376,2025-07-25,2026-08-04,8453,0x1111111111166b7fe7bd91427724b487980afc69,0.005625,0.005625,0.005873797980223998,1.044230752039822,Token Volume Surging|Alpha|DEX Paid
170.69688284107002,Hana Network,HANAUSDT,HANA,HANA,32078149.5631511,True,False,26,91.70505115425567,2026-01-22,11.567664135774901,80.25114155251138,313,2025-09-26,2026-08-04,56,0x6261963ebe9ff014aad10ecc3b0238d4d04e8353,0.03241,0.03241,0.03207814957438567,1.0103450613585052,Alpha
170.3384567232881,Token Prometeus Network,PROMUSDT,PROM,PROM,37749055.873733,True,False,27,160.75669859685937,2026-07-20,21.227301189730753,65.53273427471117,399,2025-07-02,2026-08-04,1,0xfc82bb4ba86045af6f327323a46e80412b91b27d,1.9,1.9,1.9609899155267871,1.0320999555404142,
170.31706334981612,jelly-my-jelly,JELLYJELLYUSDT,JELLYJELLY,JELLYJELLY,55673709.59310551,True,False,45,135.89439522269228,2025-09-03,33.497018589968405,53.940266282835545,399,2025-07-02,2026-08-04,CT_501,FeR8VBqNRSUD5NtXAj2n3j1dAHkZHfyDktKuLXD4pump,0.05529,0.05529,0.055675572599964786,1.0069736408024017,Alpha|DEX Paid
169.53043487090676,SKALE,SKLUSDT,SKL,SKL,23379153.751902163,True,False,25,393.15822012634186,2026-07-10,17.96610169491524,54.4837980406933,399,2025-07-02,2026-08-04,1,0x00c83aecc790e8a4453e5dd3b0b4b3680501a7a7,0.003612,0.003612,0.0036790287056924845,1.0185572274896135,Token Volume Plunging
169.20429845811236,Blur,BLURUSDT,BLUR,BLUR,40065158.69135749,True,False,13,184.20105013204662,2026-04-01,28.62088863242931,47.028274668205405,399,2025-07-02,2026-08-04,1,0x5283d291dbcf85356a21ba090e6db59121208b44,0.01353,0.01353,0.013355103469216123,1.0130958574141353,Token Volume Plunging
169.20038601705937,Enjin Coin,ENJUSDT,ENJ,ENJ,17317902.688167527,True,False,20,249.9557554342115,2026-03-18,16.731898238747544,47.38935852809547,399,2025-07-02,2026-08-04,1,0xf629cbd94d3791c9250152bd8dfbdf380e2a3b9c,0.02445,0.02445,0.030590842790919264,1.251159214352526,
168.97430066389884,Verge,XVGUSDT,XVG,XVG,19201998.80893301,True,False,21,65.17506185699868,2025-10-03,13.580377999575266,53.526717557251914,399,2025-07-02,2026-08-04,CT_501,H1pR8fiLYuzvZ44q8URZz1binj2XNKTh4jUgjYJ9NzyR,0.001959,0.001959,0.0019201998810853206,1.0202062916974814,
168.90455958452293,AriaAI,ARIAUSDT,ARIA,ARIA,27273292.936030377,True,False,24,130.59517720883034,2026-03-10,21.308393646019375,48.30927835051544,336,2025-09-03,2026-08-04,56,0x5d3a12c42e5372b2cc3264ab3cdcf660a1555238,0.02701,0.02701,0.027273292952705714,1.0097479804778124,Alpha
168.81398409943972,CARV,CARVUSDT,CARV,CARV,4615101.909819923,True,False,13,47.98615132753672,2026-06-26,21.24784358826912,33.50800582241631,363,2025-08-07,2026-08-04,42161,0xc08cd26474722ce93f4d0c34d16201461c10aa8c,0.02657,0.02657,0.02671743268011577,1.005548840049521,
168.65597325391647,Home,HOMEUSDT,HOME,HOME,34883077.07207504,True,False,27,56.94302541611426,2026-06-01,20.838995871689026,53.13448365559701,399,2025-07-02,2026-08-04,CT_501,J3umBWqhSjd13sag1E1aUojViWvPYA5dFNyqpKuX3WXj,0.008866,0.008866,0.010211174839015135,1.1517228557427401,Community Recognized
168.5130314079755,DIAToken,DIAUSDT,DIA,DIA,18610146.070769064,True,False,18,324.6984744503605,2026-07-27,6.3354931605471565,61.801242236024855,399,2025-07-02,2026-08-04,1,0x84ca8bc7997272c7cfb4d0cd3d55cd942b3c9419,0.1091,0.1091,0.11029372573503347,1.0109415741066312,
168.35018421748333,BandToken,BANDUSDT,BAND,BAND,15345378.062048186,True,False,10,53.41034297950986,2025-08-22,33.2497612225406,64.7239640968892,399,2025-07-02,2026-08-04,1,0xba11d00c5f74255f56a5e366f4f77f5a186d7f55,0.1524,0.1524,0.15345386161364177,1.0069151024517176,
168.20603919000573,Drift,DRIFTUSDT,DRIFT,DRIFT,12103088.876466826,True,False,28,111.05457150566984,2026-05-26,11.313764605300648,41.49198520345254,399,2025-07-02,2026-08-04,CT_501,DriFtupJYLTosbwoN8koMbEYSx54aFAVLddWsbksjwg7,0.01195,0.01195,0.012103108127878896,1.0128123956384014,Alpha|DEX Paid
168.0477765256775,Sonic SVM,SONICUSDT,SONIC,SONIC,43208103.0020819,True,False,15,57.28857699493085,2026-02-11,26.798049573344173,44.10543794105439,399,2025-07-02,2026-08-04,CT_501,SonicxvLud67EceaEzCLRnMTBqzYUUYNr93DBkBdDES,0.01806,0.01806,0.018003400864694766,1.0031438024254753,Token Volume Surging|Community Recognized
167.39923716462985,Smooth Love Potion,SLPUSDT,SLP,SLP,8824004.742032005,True,False,16,86.84447165207075,2026-04-25,6.39859113589667,36.98630136986303,378,2025-07-23,2026-08-04,1,0xcc8fa225d80b9c7d42f96e9570156c65d6caaa25,0.0005234,0.0005234,0.0005233784882105653,1.0000411017837365,Token Volume Plunging
166.85627148860976,Orca,ORCAUSDT,ORCA,ORCA,81280830.07869595,True,False,22,541.7392320806949,2026-04-26,19.999999999999996,62.12804328223625,399,2025-07-02,2026-08-04,CT_501,orcaEKTdK7LKz57vaAYr9QeNsVEPfiu6QeMU1kektZE,1.091,1.091,1.0837509341380467,1.0066888670021943,Community Recognized
166.77873555735346,FLock.io,FLOCKUSDT,FLOCK,FLOCK,12030660.858276678,True,False,15,78.81198428691064,2025-12-26,12.941176470588234,29.12524850894631,330,2025-09-09,2026-08-04,8453,0x5ab3d4c385b400f3abb49e80de2faf6a88a7b691,0.02762,0.02762,0.02765459442612004,1.0012525136176698,Alpha
166.67110855991422,XPIN Network,XPINUSDT,XPIN,XPIN,9138716.663182832,True,False,23,102.43767563694612,2026-07-11,4.297082228116711,36.44633110976348,327,2025-09-12,2026-08-04,56,0xd955c9ba56fb1ab30e34766e252a97ccce3d31a6,0.001515,0.001515,0.0015231194438638054,1.0053593688870002,Alpha|DEX Paid
166.30950041461412,BIO,BIOUSDT,BIO,BIO,72399834.7102127,True,False,30,133.76043569185234,2026-04-16,17.98820445609437,59.155865736124966,399,2025-07-02,2026-08-04,1,0xcb1592591996765ec0efc1f92599a19767ee5ffa,0.02313,0.02313,0.02449255229701351,1.0589084434506488,Token Volume Surging
166.24666349247187,ZKsync,ZKUSDT,ZK,ZK,116159043.13650657,True,False,16,128.56534528160213,2025-11-02,18.041336681475762,69.5985566080289,399,2025-07-02,2026-08-04,324,0x5a7d6b2f92c77fad6ccabd7ee0624e64907eaf3e,0.00789,0.00789,0.00783121006885727,1.0075071324387685,
166.20162339689503,Giggle Fund,GIGGLEUSDT,GIGGLE,GIGGLE,32906287.801813085,True,False,13,111.52866501691355,2026-08-01,11.702348784036587,50.64864864864867,300,2025-10-09,2026-08-04,56,0x20d6015660b3fe52e6690a889b5c51f69902ce0e,33.2,33.2,33.30109161733031,1.0030449282328404,Community Recognized|DEX Paid
165.75811665321,Euler Finance,EULUSDT,EUL,EUL,38775730.660896555,True,False,19,860.27151527134,2026-07-26,17.34157650695518,42.094882729211115,296,2025-10-13,2026-08-04,1,0xd9fcd98c322942075a5c3860693e9f4f03aae07b,1.4139,1.4139,1.4283772389430052,1.0102392240915237,DEX Paid
165.63807613574625,Adventure Gold,AGLDUSDT,AGLD,AGLD,13882591.138998277,True,False,20,382.1705626084651,2026-06-27,3.8497217068645617,39.98959958398336,399,2025-07-02,2026-08-04,1,0x32353a6c91143bfd6c7d363b546e62a9a2489a20,0.1468,0.1468,0.1495485732478146,1.0187232510069113,
165.4869042139196,Epic Chain,EPICUSDT,EPIC,EPIC,37982382.6340014,True,False,24,68.38573094553749,2026-06-02,7.974258533855627,55.42018119337706,399,2025-07-02,2026-08-04,1,0x94314a14df63779c99c0764a30e0cd22fa78fc0e,1.0275,1.0275,1.130428054583375,1.1001732891322382,DEX Paid
165.35701673282182,AS Roma Fan Token,ASRUSDT,ASR,ASR,100773639.44328906,True,False,12,128.75101622919303,2025-12-21,28.794037940379404,42.4554183813443,399,2025-07-02,2026-08-04,CT_501,H4YrzxkjQZFUVxKi9NDp9sJnHUrzWWH71TtjkiC3xdSY,0.851,0.851,1.3913403141102625,1.634947490141319,
165.13866613129608,Lumia Token,LUMIAUSDT,LUMIA,LUMIA,18294000.432770785,True,False,25,181.9664235652212,2025-12-23,10.934393638170992,31.243781094527346,399,2025-07-02,2026-08-04,1,0xd9343a049d5dbd89cd19dc6bca8c48fb3a0a42a7,0.07326,0.07326,0.07657953698026668,1.0453117250923651,Token Volume Plunging
164.64238427238047,Rocket Pool Protocol,RPLUSDT,RPL,RPL,34840405.488486394,True,False,13,324.2216631670955,2026-02-17,17.607223476297975,31.7351598173516,399,2025-07-02,2026-08-04,1,0xd33526068d116ce69f19a9ee46f0bd304f21a51f,1.533,1.533,1.5345535715392538,1.0010134191384565,Token Volume Surging
164.63410602879136,ApeCoin,APEUSDT,APE,APE,131142268.55111876,True,False,5,141.9239646016888,2026-04-24,77.03631010794896,174.40711462450597,399,2025-07-02,2026-08-04,1,0x4d224452801aced8b2f0aebe155379bb5d594381,0.1309,0.1309,0.13114518818064938,1.001873095344915,Token Volume Surging|DEX Paid
164.63108970530135,Swarm Network,TRUTHUSDT,TRUTH,TRUTH,127351558.77518728,True,False,24,226.7888751550486,2026-05-13,24.17437252311756,50.73707104881584,308,2025-10-01,2026-08-04,CT_784,0x0a48f85a3905cfa49a652bdb074d9e9fabad27892d54afaa5c9e0adeb7ac3cdf::swarm_network_token::SWARM_NETWORK_TOKEN,0.012882,0.012882,0.012735155877518728,1.0115306105314734,2x Alpha Points|Alpha
164.5166336283486,zkPass,ZKPUSDT,ZKP,ZKP,3707221.313667091,True,False,9,100.09041576852545,2026-07-03,30.146741476046614,38.102442187162296,227,2025-12-21,2026-08-04,56,0xd89b7dd376e671c124352267516bef1c2cc231a3,0.04456,0.04456,0.044840061654205204,1.0062850460997577,Token Volume Surging|Community Recognized
164.36780804507325,Redstone,REDUSDT,RED,RED,51679410.642369896,True,False,15,465.1877444507719,2026-04-07,9.534368070953425,52.491909385113274,399,2025-07-02,2026-08-04,1,0xc43c6bfeda065fe2c4c11765bf838789bd0bb5de,0.0854,0.0854,0.08656517994533357,1.0136437932708848,
164.2899773732312,Manta,MANTAUSDT,MANTA,MANTA,59219522.823041156,True,False,11,112.78133662729039,2026-06-28,3.4790897176218083,91.88636090044537,399,2025-07-02,2026-08-04,169,0x95cef13441be50d20ca4558cc0a27b601ac544e5,0.05708,0.05708,0.05691995657731753,1.0028117277718769,
164.00375683028767,MMT,MMTUSDT,MMT,MMT,154197811.90575188,True,False,22,102.12767755930743,2026-04-05,29.136690647482034,42.71493212669684,274,2025-11-04,2026-08-04,CT_784,0x35169bc93e1fddfcf3a82a9eae726d349689ed59e4b065369af8789fe59f8608::mmt::MMT,0.1529,0.1529,0.15654600209370342,1.0238456644454115,TGE
163.9881355620071,StorjToken,STORJUSDT,STORJ,STORJ,19049651.1051175,True,False,17,265.6839433688073,2025-12-28,12.103929024081117,22.56186317321689,399,2025-07-02,2026-08-04,1,0xb64ef51c888972c908cfacf59b47c1afbc0ab8ac,0.04394,0.04394,0.04482271179907685,1.0200890259234603,
163.7966327110171,Renzo,REZUSDT,REZ,REZ,24772678.127163887,True,False,10,108.66654820655575,2026-03-15,29.01215331879088,52.522720150423076,399,2025-07-02,2026-08-04,1,0x3b50805453023a91a8bf641e279401a0b23fa6f9,0.002514,0.002514,0.0025240566067886413,1.004000241363819,Token Volume Plunging
163.7593089853511,SPACE ID,IDUSDT,ID,ID,50092043.56303765,True,False,16,199.56014109768972,2026-01-10,18.790527206089646,32.28571428571427,399,2025-07-02,2026-08-04,1,0x2dff88a56767223a5529ea5960da7a3f5f766406,0.02678,0.02678,0.027904610417274003,1.041994414386632,Token Volume Surging
163.60078892430158,OriginToken,OGNUSDT,OGN,OGN,22218814.321328074,True,False,17,87.69480481255957,2025-08-20,10.27104136947219,26.598837209302317,399,2025-07-02,2026-08-04,1,0x8207c1ffc5b6804f6024322ccf34f29c3541ae26,0.01544,0.01544,0.015761771375077505,1.0208401149661597,Token Volume Plunging
163.38600472207122,Fluid,FLUIDUSDT,FLUID,FLUID,124409034.377097,True,False,14,131.363573055788,2026-01-25,13.389441469013018,59.86993114001531,315,2025-09-24,2026-08-04,1,0x6f40d4a6237c257fff2db00fa0510deeecd303eb,1.234,1.234,1.2440903567018624,1.0081769503256583,Token Volume Surging|Alpha
162.4486877769221,Banana,BANANAUSDT,BANANA,BANANA,28773270.211946853,True,False,17,83.26966274108793,2025-12-25,13.721158566519387,19.155612608757643,399,2025-07-02,2026-08-04,1,0x38e68a37e401f7271568cecaac63c6b1e19130b4,3.409,3.409,3.4242098068464495,1.004461662319287,
161.78621650633272,Cheems,1000CHEEMSUSDT,1000CHEEMS,CHEEMS,104440737.79248282,True,False,9,104.3492891942066,2025-10-08,44.864550440418796,72.69378871588816,399,2025-07-02,2026-08-04,56,0x0df0587216a4a1bb7d5082fdc491d93d2dd4b413,0.0004952,4.952e-07,5.127864880094981e-07,1.0355139095506827,Token Volume Surging|Community Recognized
161.6792674305997,EDU Coin,EDUUSDT,EDU,EDU,32280029.272677604,True,False,14,79.90405916803955,2025-08-26,3.9024390243902696,33.05439330543933,399,2025-07-02,2026-08-04,56,0xbdeae1ca48894a1759a8374d63925f21f2ee2639,0.03237,0.03237,0.03228002928881762,1.0027871942239392,Community Recognized
161.42159131947892,Holoworld AI,HOLOUSDT,HOLO,HOLO,70311446.84207223,True,False,11,105.62267736357823,2026-01-02,26.595903722529535,38.2123575284943,328,2025-09-11,2026-08-04,CT_501,69RX85eQoEsnZvXGmLNjYcWgVkp9r2JjahVm99KbJETU,0.06494,0.06494,0.06477496733543998,1.0025477846048982,Token Volume Plunging|Community Recognized|DEX Paid
160.7359757638678,Space and Time,SXTUSDT,SXT,SXT,34302316.15378433,True,False,10,96.22342810761533,2026-01-21,19.863505747126432,54.90477901545097,399,2025-07-02,2026-08-04,1,0xe6bfd33f52d82ccb5b37e16d3dd81f9ffdabb195,0.007294,0.007294,0.006860463230756866,1.0631935125458438,
160.64298631034168,Moo Deng,MOODENGUSDT,MOODENG,MOODENG,37229071.655452974,True,False,11,50.1793511088933,2025-12-07,10.123160108140572,45.74855933200048,399,2025-07-02,2026-08-04,CT_501,ED5nyyWEzpPPiWimP8vYm7sD7TD3LAt3Q3gRTWHzPJBY,0.03616,0.03616,0.037607499629317157,1.0400304101027975,Alpha|DEX Paid
160.55493608551396,Aevo,AEVOUSDT,AEVO,AEVO,17272569.23083612,True,False,11,60.12947085274708,2026-08-01,7.438016528925617,31.848783013982395,399,2025-07-02,2026-08-04,1,0xb528edbef013aff855ac3c50b381f253af13b997,0.01866,0.01866,0.018693262670954634,1.0017825654316526,
160.3917971078823,Flux,FLUXUSDT,FLUX,FLUX,17298415.923207026,True,False,9,358.162969742168,2025-11-08,10.874938210578344,78.40095465393794,399,2025-07-02,2026-08-04,8453,0xb008bdcf9cdff9da684a190941dc3dca8c2cdd44,0.03878,0.03878,0.039314581643652334,1.013784983075099,Community Recognized
159.89184748883247,Recall,RECALLUSDT,RECALL,RECALL,39671950.82844625,True,False,18,65.53034379112556,2026-05-16,8.535815714736517,18.191946522361935,294,2025-10-15,2026-08-04,8453,0x1f16e03c1a5908818f47f6ee7bb16690b40d0671,0.03995,0.03995,0.03967195417479713,1.0070086243792726,Alpha|DEX Paid
159.76464554448742,Impossible Cloud Network,ICNTUSDT,ICNT,ICNT,72465462.68723114,True,False,25,87.71118758044912,2025-12-12,8.179012345678993,31.893139841688644,398,2025-07-03,2026-08-04,8453,0xe0cd4cacddcbf4f36e845407ce53e87717b6601d,0.1039,0.1039,0.10678685174402938,1.0277849061023039,Alpha|DEX Paid
159.3492839785718,FORM Token,FORMUSDT,FORM,FORM,62417805.00506271,True,False,21,72.56427471651818,2026-03-04,6.58902850137909,28.31683168316832,399,2025-07-02,2026-08-04,56,0x5b73a93b4e5e4f1fd27d8b3f8c97d69908b5e284,0.2075,0.2075,0.21047774222296003,1.014350564929928,Community Recognized|DEX Paid
159.16444614713808,Zcash Token,ZECUSDT,ZEC,ZEC,112246919.26326172,True,False,19,127.58740032037647,2025-10-02,8.709330242569745,37.143593266918586,399,2025-07-02,2026-08-04,56,0x1ba42e5193dfa8b03d15dd1b86a3113bbbef8eeb,506.32,506.32,510.2133730923511,1.0076895502692982,Community Recognized
157.93820738877554,Metis Token,METISUSDT,METIS,METIS,24274775.628210697,True,False,7,131.67495546468908,2026-04-17,30.47790802524797,90.55334760012228,399,2025-07-02,2026-08-04,1,0x9e32b13ce7f2e80a01932b42553652e053d6ed8e,2.415,2.415,2.4274778057048922,1.0051667932525434,
157.9235157880958,Spark,SPKUSDT,SPK,SPK,153440413.02049327,True,False,9,705.2175928703167,2026-04-23,34.91232661606909,72.43988111321265,399,2025-07-02,2026-08-04,1,0xc20059e0317de91738d13af027dfc4a50781b066,0.01538,0.01538,0.015344041302389828,1.0023434958823116,DEX Paid
157.7854942611374,Civic,CVCUSDT,CVC,CVC,18011174.703548405,True,False,10,93.77142499035754,2025-12-05,13.952483801295902,30.164930555555536,399,2025-07-02,2026-08-04,1,0x41e5560054824ea6b0732e656e3ad64e20e94e45,0.0174,0.0174,0.018011261826716453,1.0351299900411755,
157.65987167761688,Pundi X Token,PUNDIXUSDT,PUNDIX,PUNDIX,14193842.491942162,True,False,10,91.84148580008488,2026-05-31,6.791044776119404,35.74626865671642,399,2025-07-02,2026-08-04,1,0x0fd10b9899882a6f2fcb5c371e17e70fdee00c38,0.07493,0.07493,0.05493259219896077,1.364035393207196,
157.5925707795428,Memecoin,MEMEUSDT,MEME,MEME,34524906.26723617,True,True,15,43.1813157285299,2026-01-20,5.094339622641519,29.629629629629626,399,2025-07-02,2026-08-04,1,0xb131f4a55907b10d1f0a50d8ab8fa09ec342cd74,0.0004937,0.0004937,0.0005003609625610951,1.0134919233564819,
157.29380031143387,PlaysOut,PLAYUSDT,PLAY,PLAY,136243700.45394146,True,False,35,149.90586616606058,2025-12-24,11.788970907511942,24.027459954233386,370,2025-07-31,2026-08-04,8453,0x853a7c99227499dba9db8c3a02aa691afdebf841,0.03391,0.03391,0.034060925113603986,1.004450755340725,Alpha
156.13224877874882,Aethir Token,ATHUSDT,ATH,ATH,167008920.85452232,True,False,15,72.67612126982245,2025-09-12,8.175211949939442,27.022620745873247,399,2025-07-02,2026-08-04,1,0xbe0ed4138121ecfc5c0e56b40517da27e6c5226b,0.003918,0.003918,0.003976402877569794,1.0149062985119435,Token Volume Surging|Alpha
155.7021060297213,VeThor Token,VTHOUSDT,VTHO,VTHO,41172050.783414274,True,False,10,135.93277647755696,2025-12-21,13.936430317848414,35.4523227383863,399,2025-07-02,2026-08-04,1,0x97ef4ffb093750c41c4573ba2dca178d9382224c,0.0003281,0.0003281,0.00041051898884580327,1.2512008194020214,
155.65204612224983,Hashflow,HFTUSDT,HFT,HFT,11601816.393103352,True,False,8,89.05977840744156,2025-11-21,12.389995368226025,61.69190098534008,399,2025-07-02,2026-08-04,1,0xb3999f658c0391d94a37f7ff328f3fec942bcadc,0.01169,0.01169,0.011632601278066472,1.004934298061239,
155.5104892816622,Humidifi,WETUSDT,WET,WET,65426448.60235208,True,False,6,102.39266923155343,2026-04-13,63.12838360402164,69.58300079808461,238,2025-12-10,2026-08-04,CT_501,WETZjtprkDMCcUxPi9PfWnowMRZkiGGHDb9rABuRZ2U,0.06473,0.06473,0.06542646737766465,1.0107595763581747,Alpha|DEX Paid
155.18373360916243,Magma Finance,MAGMAUSDT,MAGMA,MAGMA,264191132.56389067,True,False,25,68.44256629853918,2026-04-10,3.8782354458680834,38.4836706880016,217,2025-12-31,2026-08-04,CT_784,0x9f854b3ad20f8161ec0886f15f4a1752bf75d22261556f14cc8d3a1c5d50e529::magma::MAGMA,0.25387,0.25387,0.2641911325638907,1.0406551879461563,Alpha
153.6399173515006,JoeToken,JOEUSDT,JOE,JOE,12084626.609368958,True,False,8,650.561810036272,2026-04-08,9.691552751489663,53.71950009918667,399,2025-07-02,2026-08-04,43114,0x6e84a6216ea6dacc71ee8e6b0a5b7322eebc0fdd,0.02406,0.02406,0.0241833802790625,1.0051280248986907,
152.9957895721213,Sophon,SOPHUSDT,SOPH,SOPH,38077292.74857816,True,False,10,215.46783108717335,2025-12-20,8.80330925192262,24.155471501239067,399,2025-07-02,2026-08-04,1,0x6b7774cb12ed7573a7586e7d0e62a2a563ddd3f0,0.003809,0.003809,0.0038255179332474165,1.004336553753588,Token Volume Plunging
151.91393536451616,Mitosis,MITOUSDT,MITO,MITO,5545325.974023778,True,False,14,38.48561078769957,2026-05-09,28.69842334786985,39.35036372864151,342,2025-08-28,2026-08-04,56,0x8e1e6bf7e13c400269987b65ab2b5724b016caef,0.02201,0.02201,0.021908716142232047,1.0046229937487168,TGE|DEX Paid
151.77011011594342,Basic Attention Token,BATUSDT,BAT,BAT,99748067.1704016,True,False,12,43.97697731555389,2025-10-13,21.306818181818187,44.42477876106192,399,2025-07-02,2026-08-04,1,0x0d8775f648430679a709e98d2b0cb6250d2887ef,0.06546,0.06546,0.06652239978435762,1.0162297553369632,
151.66949364065817,iEx.ec Network Token,RLCUSDT,RLC,RLC,22971914.561468292,True,False,8,105.93999312877786,2025-08-28,19.842004567055493,38.544,399,2025-07-02,2026-08-04,1,0x607f4c5bb672230e8672085532f7e901544a7375,0.2585,0.2585,0.2640456627838078,1.0214532409431636,
151.08149600993087,Livepeer Token,LPTUSDT,LPT,LPT,45904642.96967777,True,False,12,42.40587740387102,2026-01-24,27.455121436114037,32.558958113340374,399,2025-07-02,2026-08-04,42161,0x289ba1701c2f088cf0faf8b3705246331cb8a839,1.277,1.277,1.2740164435248964,1.0023418508373791,
150.36015096486284,UnifAI Network,UAIUSDT,UAI,UAI,223175812.437001,True,False,33,45.39911283014124,2026-07-30,15.903890160183066,43.721064814814795,272,2025-11-06,2026-08-04,56,0x3e5d4f8aee0d9b3082d5f6da5d6e225d17ba9ea0,0.2408,0.2408,0.22317581243702872,1.0789699715686891,Alpha
149.56527917891938,Turbo,TURBOUSDT,TURBO,TURBO,56892522.08160994,True,False,11,45.37048077806791,2025-11-28,12.686285606489323,39.174784515734174,399,2025-07-02,2026-08-04,1,0xa35923162c49cf95e6bf26623385eb431ad920d3,0.0008373,0.0008373,0.0008245407262824663,1.0154744008522907,Token Volume Surging
149.2434334673972,aPriori,APRUSDT,APR,APR,184842634.28748098,True,False,20,44.94823464255081,2026-05-18,19.871560972049895,31.31014063656552,286,2025-10-23,2026-08-04,1,0x5a9610919f5e81183823a2be4bd1beb2b4da2a20,0.1856,0.1856,0.18484263428748096,1.0040973540300293,Token Volume Surging
148.82506550887058,Synthetix Network Token,SNXUSDT,SNX,SNX,6823843.6005099295,True,False,17,35.879918959842975,2025-09-26,32.07070707070707,52.685421994884905,399,2025-07-02,2026-08-04,10,0x8700daec35af8ff88c16bdf0418774cb3d7599b4,0.211,0.211,0.21165677601970692,1.0031126825578527,
147.96595303835176,Fight,FIGHTUSDT,FIGHT,FIGHT,31089203.1729003,True,False,8,49.97424677908729,2026-08-01,2.073661405137739,50.81967213114753,194,2026-01-23,2026-08-04,CT_501,8f62NyJGo7He5uWeveTA2JJQf4xzf8aqxkmzxRQ3mxfU,0.0034,0.0034,0.0034344770632197407,1.0101403127116886,Community Recognized
147.14971116013223,Zeta,ZETAUSDT,ZETA,ZETA,16954595.720569238,True,False,8,48.38861618941421,2026-01-26,10.346226670273184,38.68834389639018,399,2025-07-02,2026-08-04,1,0xf091867ec603a6628ed83d274e835539d82e9cc8,0.02882,0.02882,0.028257659534282064,1.019900461502684,Alpha
146.98240746583136,GreenMetaverseToken,GMTUSDT,GMT,GMT,12168588.717577009,True,False,7,88.39670255428275,2026-01-10,15.084388185654007,27.17508055853919,399,2025-07-02,2026-08-04,137,0x714db550b574b3e927af3d93e26127d15721d4c2,0.006567,0.006567,0.006574119204888407,1.0010840878465672,
146.83613722474092,Towns,TOWNSUSDT,TOWNS,TOWNS,4039490.107331636,True,False,14,37.552478826053196,2026-03-14,12.549122347393249,37.51694226077529,365,2025-08-05,2026-08-04,8453,0x00000000a22c618fd6b4d7e9a335c4b96b189a38,0.00221,0.00221,0.0021966478005347244,1.0060784434637293,Community Recognized|DEX Paid
146.615130804782,Just a chill guy,CHILLGUYUSDT,CHILLGUY,CHILLGUY,9527777.152303595,True,True,10,36.5230676249816,2026-04-10,27.598742385537435,31.228484311989767,399,2025-07-02,2026-08-04,CT_501,Df6yfrKC8kZE3KNkrHERKzAetSxbrWeniQfyJY4Jpump,0.009323,0.009323,0.00952833410987517,1.0220244674327115,Pumpfun|Community Recognized
146.40935515463033,MyShell Token,SHELLUSDT,SHELL,SHELL,8910373.338920968,True,False,15,38.67607438544495,2026-01-24,10.96145876502279,40.66025908900963,399,2025-07-02,2026-08-04,56,0xf2c88757f8d03634671208935974b60a2a28bdb3,0.01779,0.01779,0.017948062470028156,1.0088849055665068,TGE
145.0613828361751,Ankr,ANKRUSDT,ANKR,ANKR,33417994.112588067,True,False,8,134.25310309741616,2026-03-18,5.6332062685303,26.85302837780601,399,2025-07-02,2026-08-04,56,0xf307910a4c7bbc79691fd374889b36d8531b08e3,0.003387,0.003387,0.00341,1.006790670209625,Token Volume Plunging|Community Recognized
142.94480955257208,Velodrome Finance,VELODROMEUSDT,VELODROME,VELODROME,16361716.102257518,True,False,12,40.16318757657224,2025-11-11,5.7317873550645215,20.527655635269614,399,2025-07-02,2026-08-04,1,0xfb966cdb7e17c9acb7f53afcafacbe8973cd778c,0.0169,0.0169,0.018219639924758238,1.0780852026484165,
142.57758514135145,Across Protocol Token,ACXUSDT,ACX,ACX,37185189.62552814,True,False,6,441.15601599125654,2026-03-12,19.52750702131174,42.94465568229826,399,2025-07-02,2026-08-04,1,0x44108f0223a3c3028f5fe7aec7f9bb2e66bef82f,0.03832,0.03832,0.037185189703009935,1.0305178030837963,Token Volume Plunging
141.46335693013,Lista DAO,LISTAUSDT,LISTA,LISTA,40948583.55974052,True,False,13,39.45119636325057,2025-09-21,11.910112359550562,31.095847642834862,399,2025-07-02,2026-08-04,56,0xfceb31a79f71ac9cbdcf853519c1b12d379edc46,0.05087,0.05087,0.051469547702816996,1.0117858797487123,Token Volume Surging|Community Recognized
138.4296034077063,WAXP Token,WAXPUSDT,WAXP,WAXP,14261161.70576384,True,False,4,306.32636248943174,2026-03-20,26.744553204925793,34.39822868891351,399,2025-07-02,2026-08-04,1,0x2a79324c19ef2b89ea98b23bc669b7e7c9f8a517,0.003762,0.003762,0.0036899863463287917,1.0195159675164802,
138.02465970610356,HoloToken,HOTUSDT,HOT,HOT,59331092.13548872,True,False,7,93.97388020520732,2026-07-05,3.165630299604305,24.016938898971564,399,2025-07-02,2026-08-04,1,0x6c6ee5e31d828de241282b9606c8e98ea48526e2,0.0003371,0.0003371,0.0003340349623293563,1.0091757989920276,Token Volume Surging
137.05506745067058,Seeker,SKRUSDT,SKR,SKR,98254073.91248977,True,False,5,69.23958401924376,2026-04-24,25.9765625,44.551742137544046,195,2026-01-22,2026-08-04,CT_501,SKRbvo6Gf7GondiT3BbTfuRDPqLWei4j2Qy2NPGZhW3,0.006872,0.006872,0.00935916452741591,1.3619273177264128,Token Volume Surging|Alpha|DEX Paid
136.2141879881188,Toshi,TOSHIUSDT,TOSHI,TOSHI,43288178.83051482,True,False,10,41.086832636344475,2026-07-18,11.16279069767443,30.15873015873016,322,2025-09-17,2026-08-04,8453,0xac1bd2486aaf3b5c0fc3fd868558b082a531b2b4,0.000103,0.000103,0.00010289951946849562,1.0009764917467388,Community Recognized|DEX Paid
133.98526612598022,0x Protocol Token,ZRXUSDT,ZRX,ZRX,79280411.63459827,True,False,5,224.40678145097306,2025-12-30,18.339350180505388,31.845238095238095,399,2025-07-02,2026-08-04,1,0xe41d2489571d322189246dafa5ebde1f4699f498,0.0793,0.0793,0.07928103673646664,1.0002391904081223,
133.4863101125896,Peanut the Squirrel,PNUTUSDT,PNUT,PNUT,39090672.9511773,True,True,5,37.37798915481653,2026-04-16,40.390301596688374,77.01581027667983,399,2025-07-02,2026-08-04,CT_501,2qEHjDLDLbuBgRYvsxhc5D6uDWAivNFZGan56P1tpump,0.03909,0.03909,0.03909686132864878,1.000175526442793,Pumpfun|Community Recognized
133.41643500987288,AWE Network,AWEUSDT,AWE,AWE,108214255.03216045,True,False,21,36.73085706407759,2025-09-25,12.701439877944122,34.91111111111111,399,2025-07-02,2026-08-04,8453,0x1b4617734c43f6159f3a70b7e06d883647512778,0.05592,0.05592,0.0557110404878595,1.0037507738198865,Token Volume Plunging|Community Recognized
133.29148554881107,StarkNet,STRKUSDT,STRK,STRK,41119178.01504338,True,False,18,33.92843491131707,2026-05-08,21.833586791223112,33.81069590512418,399,2025-07-02,2026-08-04,CT_9004,0x4718f5a0fc34cc1af16a1cdee98ffb20c31f5cd61d6ab07201858f4287c938d,0.02557,0.02557,0.025595468745823857,1.000996040118258,
132.39894891423342,Stable,STABLEUSDT,STABLE,STABLE,23581361.576552734,True,False,20,33.937543362331404,2026-04-24,10.024993057484032,34.5412993796931,272,2025-11-06,2026-08-04,56,0x011ebe7d75e2c9d1e0bd0be0bef5c36f0a90075f,0.03171,0.03171,0.03212546233910758,1.0131019343774073,Alpha
132.3438025463672,PowerLedger,POWRUSDT,POWR,POWR,39101068.744054995,True,False,4,105.54909845802584,2026-06-28,18.690019193857953,30.612244897959172,399,2025-07-02,2026-08-04,1,0x595832f8fc6bf59c85c527fec3740a1b7a361269,0.0388,0.0388,0.039120417475077586,1.0082581823473604,
132.07917584244584,Neiro,NEIROUSDT,NEIRO,NEIRO,26189607.300890908,True,False,5,39.13504464861428,2026-04-16,48.52622176853387,88.03728638011394,399,2025-07-02,2026-08-04,1,0x812ba41e071c7b7fa4ebcfb62df5f45f6fa853ee,6.228e-05,6.228e-05,6.22540937942992e-05,1.000416136580293,
131.46508567765335,yearn.finance,YFIUSDT,YFI,YFI,77131095.07170331,True,False,2,171.1025701000979,2026-07-06,44.19475655430711,51.31508319914118,399,2025-07-02,2026-08-04,1,0x0bc529c00c6401aef6d220be8c6ea1667f6ad93e,2110.0,2110.0,2103.6137134375685,1.0030358646749813,
131.2730370342768,test griffain.com,GRIFFAINUSDT,GRIFFAIN,GRIFFAIN,8888455.538223218,True,True,15,27.892231421116247,2025-12-01,0.4737091425864537,34.291915355398814,399,2025-07-02,2026-08-04,CT_501,KENJSUYLASHUMfHyy5o4Hp2FdNqZg1AsUPhfH2kYvEP,0.008681,0.008681,0.008889800512701423,1.0240525875707203,Pumpfun|Alpha
131.24578390646948,Everlyn AI,LYNUSDT,LYN,LYN,34719864.44463248,True,False,27,30.76229835094114,2025-12-30,7.692307692307687,82.03842940685044,303,2025-10-06,2026-08-04,56,0x302dfaf2cdbe51a18d97186a7384e87cf599877d,0.03423,0.03423,0.034719864445028434,1.0143109683034892,Token Volume Surging|Alpha
129.7405947828461,JasmyCoin,JASMYUSDT,JASMY,JASMY,208103333.93343404,True,False,4,51.596389284652396,2026-01-06,27.8453925371138,36.72339276066992,399,2025-07-02,2026-08-04,1,0x7420b4b9a0110cdc71fb720908340c03f9bc03ec,0.004181,0.004181,0.004162066998615761,1.0045489420017832,
129.41386463158423,Plume,PLUMEUSDT,PLUME,PLUME,105771417.60279873,True,False,10,39.233166563099296,2025-11-26,2.6597856292179367,44.4037444037444,399,2025-07-02,2026-08-04,1,0x4c1746a800d224393fe2470c70a35717ed4ea5f1,0.01056,0.01056,0.010577141760621186,1.0016232727860972,
129.1250731401534,UMA Voting Token v1,UMAUSDT,UMA,UMA,43876865.77850519,True,False,14,34.25837143767919,2026-02-16,8.807669263031737,24.84885126964935,399,2025-07-02,2026-08-04,1,0x04fa0d235c4abf4bcf4787af4cf447de572ef828,0.3365,0.3365,0.33911008983216184,1.0077565819677914,
128.1546184835319,Intuition,TRUSTUSDT,TRUST,TRUST,53671289.99664987,True,False,9,38.248396985389434,2026-04-15,14.54677302393037,40.280649926144754,273,2025-11-05,2026-08-04,8453,0x6cd905df2ed214b22e0d48ff17cd4200c1c6d8a3,0.05238,0.05238,0.05074376508774169,1.0322450434931085,Alpha
127.7633174892907,Metal,MTLUSDT,MTL,MTL,15561020.317620642,True,False,3,54.71746042223058,2026-05-23,8.03847475094468,23.15355547921676,399,2025-07-02,2026-08-04,1,0xf433089366899d83a9f26a773d59ec7ecf30355e,0.2015,0.2015,0.23368872790315187,1.159745547906461,
126.1358126743868,Convex Token,CVXUSDT,CVX,CVX,139878807.77506313,True,False,2,112.93030248548948,2026-01-03,34.75750577367207,45.30321046373365,378,2025-07-23,2026-08-04,1,0x4e3fbd56cd56c3e72c1403e103b45db9da5b9d2b,1.408,1.408,1.3990216320721072,1.006417604790424,Token Volume Plunging
125.02544919734092,MAGIC,MAGICUSDT,MAGIC,MAGIC,12861004.045132164,True,False,13,29.067722884641558,2026-06-28,11.358085002442596,34.0514075887393,399,2025-07-02,2026-08-04,42161,0x539bde0d7dbd336b79148aa742883198bbf60342,0.04037,0.04037,0.04076887938843043,1.0098805892601046,DEX Paid
124.68557585374492,Mask Network,MASKUSDT,MASK,MASK,36087174.04493603,True,False,3,49.27410403168395,2026-04-26,6.970560303893647,33.57720446669234,399,2025-07-02,2026-08-04,1,0x69af81e73a73b40adf4f3d4223cd9b1ece623074,0.346,0.346,0.3608717765632425,1.042982013188562,Token Volume Surging
123.85219994127232,SafePal Token,SFPUSDT,SFP,SFP,64317149.04465116,True,False,2,77.15260893001461,2025-09-24,13.291423439604856,47.859922178988334,399,2025-07-02,2026-08-04,56,0xd41fdb03ba84762dd66a0af1a6c8540ff1ba5dfb,0.2146,0.2146,0.2143905087798218,1.0009771478288405,Community Recognized
123.71996828187224,IOSToken,IOSTUSDT,IOST,IOST,12980403.29646498,True,False,7,40.462268624124896,2025-08-25,3.2096008931063347,20.54910840645343,399,2025-07-02,2026-08-04,56,0xaf48b7e315a52518cfbf7d96c455d9dfad94cb48,0.0006006,0.0006006,0.0005801610360727695,1.0352298114771479,Token Volume Surging|Community Recognized
121.6271718272469,DeepBook Token,DEEPUSDT,DEEP,DEEP,152083878.980639,True,False,11,35.71014894611118,2026-01-09,5.823891870403508,15.937309179727244,399,2025-07-02,2026-08-04,CT_784,0xdeeb7a4662eec9f2f3def03fb937a663dddaa2e215b8078a284d026b7946c270::deep::DEEP,0.01519,0.01519,0.015256985267418697,1.0044098266898418,
120.63505739993286,Worldcoin,WLDUSDT,WLD,WLD,136775684.98712835,True,False,14,28.811331094308503,2025-09-09,22.809253712319165,43.87455288707203,399,2025-07-02,2026-08-04,10,0xdc6ff44d5d932cbd77b52e5612ba0529dc6226f1,0.3194,0.3194,0.3189891449745521,1.0012879906163599,
119.02796867131596,mubarak,MUBARAKUSDT,MUBARAK,MUBARAK,13110046.130944846,True,True,15,17.904328137797357,2025-12-31,16.50485436893203,68.1130834976989,399,2025-07-02,2026-08-04,56,0x5c85d6c6825ab4032337f11ee92a72df936b46f6,0.01349,0.01349,0.013470624971512753,1.0014383169695706,Fourmeme|Community Recognized
112.44634061710677,CELO,CELOUSDT,CELO,CELO,60627355.5937896,True,False,7,33.924848745912875,2025-10-05,21.68674698795181,37.46223564954683,399,2025-07-02,2026-08-04,42220,0xeeeeeeeeeeeeeeeeeeeeeeeeeeeeeeeeeeeeeeee,0.06034,0.06034,0.0606273555937896,1.0047622736789792,
109.69922678543738,USELESS COIN,USELESSUSDT,USELESS,USELESS,47522910.690287374,True,False,9,29.651848363511814,2026-05-12,15.642784182110049,27.22058823529412,355,2025-08-15,2026-08-04,CT_501,Dz9mQ9NzkBcCsuGPFJ3r1bS4wgqKMHBPiVuniW8Mbonk,0.04608,0.04608,0.047566456148138474,1.0322581629370329,Community Recognized|DEX Paid
109.66116869790002,Avantis,AVNTUSDT,AVNT,AVNT,81567837.44116683,True,False,12,24.96542226240299,2025-12-24,16.147308781869697,21.124523506988545,330,2025-09-09,2026-08-04,8453,0x696f9436b67233384889472cd7cd58a6fb5df4f1,0.0798,0.0798,0.08188185586645727,1.026088419379164,Community Recognized|DEX Paid
108.40372371514196,Alchemy,ACHUSDT,ACH,ACH,66345473.356108345,True,False,9,30.11129147794518,2026-07-29,13.214855320118502,24.232981783317342,399,2025-07-02,2026-08-04,1,0xed04915c23f00a313a544955524eb7dbd823143d,0.00426,0.00426,0.004323252174902771,1.0148479283809322,Token Volume Plunging
107.8483978331805,River,RIVERUSDT,RIVER,RIVER,144386161.52599725,True,False,14,19.75181879212149,2026-01-05,32.01732875592611,65.33108393083087,292,2025-10-17,2026-08-04,1,0xda7ad9dea9397cffddae2f8a052b82f1484252b3,2.506,2.506,2.5018158121177687,1.0016724604033456,Token Volume Surging
106.72077147321255,aixbt by Virtuals,AIXBTUSDT,AIXBT,AIXBT,17132009.224280536,True,False,10,25.03333456428863,2025-10-26,10.980622431004106,26.416287303995965,399,2025-07-02,2026-08-04,8453,0x4f9fd6be4a90f2620860d680c0d4d5fb53d1a825,0.01718,0.01718,0.017220539960789844,1.0023597183230408,Community Recognized
104.7558996324576,Newton,NEWTUSDT,NEWT,NEWT,39443438.2125969,True,False,8,29.94072268644655,2025-12-25,5.447470817120625,29.756097560975615,399,2025-07-02,2026-08-04,1,0xd0ec028a3d21533fdd200838f39c85b03679285d,0.03868,0.03868,0.03944344085530744,1.0197373540668935,
104.67045597238463,GMX,GMXUSDT,GMX,GMX,68174260.37171736,True,False,3,40.083576120936094,2025-08-10,7.9765843726138925,35.7410071942446,399,2025-07-02,2026-08-04,42161,0xfc5a1a6eb076a2c7ad06ed22c90d7e710e35ad0a,6.229,6.229,6.226316642496312,1.0004309702923513,
98.87829657870441,LayerZero,ZROUSDT,ZRO,ZRO,20467241.348275103,True,False,12,15.257528179399348,2026-02-11,17.67418602066897,44.10798775396605,399,2025-07-02,2026-08-04,42161,0x6985884c4392d348587b19cb9eaaf157f13271cd,0.7804,0.7804,0.7812361275827285,1.0010714089988832,
97.26563135325668,Catizen,CATIUSDT,CATI,CATI,39228387.419727184,True,False,11,17.59282502357755,2025-10-16,4.741024938339278,65.51039119804403,399,2025-07-02,2026-08-04,5000,0x1bdd8878252daddd3af2ba30628813271294edc0,0.03885,0.03885,0.03922838741972719,1.0097397019234797,
96.49746061774995,Virtual Protocol,VIRTUALUSDT,VIRTUAL,VIRTUAL,14790444.323358085,True,False,10,15.54674475279764,2025-11-01,34.83956432146012,41.57973174366616,399,2025-07-02,2026-08-04,CT_501,3iQL8BFS2vE7mww4ehAqQHAsbmRNCrPxizWAT2Zfyr9y,0.5551,0.5551,0.5584816868134127,1.0060920317301616,Token Volume Surging|Community Recognized
95.35221136125887,Venus,XVSUSDT,XVS,XVS,80819180.46746689,True,False,9,24.34468360094993,2026-01-09,14.836601307189534,15.978928884986821,399,2025-07-02,2026-08-04,56,0xcf6bb5389c92bdda8a3747ddb454cb7a64626c63,2.721,2.721,2.717057900657888,1.0014508705689185,Community Recognized
92.06481866434864,Goatseus Maximus,GOATUSDT,GOAT,GOAT,13042381.117903225,True,True,8,15.05804218146292,2026-05-19,1.749589939857854,57.44814582023883,399,2025-07-02,2026-08-04,CT_501,CzLSujWBLFsSjncfkh59rUFqvafWcY5tzedWJSuypump,0.01297,0.01297,0.01304265419631925,1.0056017113584619,Pumpfun|Alpha
91.73560571131016,FC Santos Fan Token,SANTOSUSDT,SANTOS,SANTOS,14280330.445184942,True,False,9,19.40820927142153,2025-08-13,1.406469760900142,39.92337164750958,399,2025-07-02,2026-08-04,56,0xa64455a4553c9034236734faddaddbb64ace4cc7,0.4709,0.4709,0.47601101647665417,1.010853719423772,Token Volume Surging|Community Recognized
89.39449749001659,BSV,BSVUSDT,BSV,BSV,46514070.287740864,True,False,7,24.318826442765143,2026-01-05,14.039806347498661,18.470651588583742,399,2025-07-02,2026-08-04,CT_501,5aQGEj88iPFteSeC2rj5N5uy9cSEST5w2SZkgt84Ex9o,12.85,12.85,22.1495572798766,1.7237009556324203,
88.3972073216292,USUAL,USUALUSDT,USUAL,USUAL,15297440.002387185,True,False,8,20.412626969811782,2025-12-12,5.718888441401515,25.348075348075326,399,2025-07-02,2026-08-04,1,0xc4441c2be5d8fa8126822b9929ca0b81ea0de38e,0.00783,0.00783,0.008043,1.0272030651340995,Token Volume Surging
87.38126124753761,Cookie DAO,COOKIEUSDT,COOKIE,COOKIE,6145556.922218619,True,False,6,21.253388006998435,2026-03-04,14.674191893278588,24.6497145822522,399,2025-07-02,2026-08-04,56,0xc0041ef357b183448b235a8ea73ce4e4ec8c265f,0.00784,0.00784,0.007958584000678172,1.0151255102905832,Community Recognized
86.49481070086276,Bubblemaps,BMTUSDT,BMT,BMT,6126102.751213162,True,False,7,19.18786165707526,2026-04-02,3.9971949509116422,37.33528550512444,399,2025-07-02,2026-08-04,CT_501,FQgtfugBdpFN7PZ6NdPrZpVLDBrPGxXesi4gVu3vErhY,0.01224,0.01224,0.012133154682104762,1.0088060624540478,Token Volume Surging|Community Recognized
84.18786551799099,Golem Network Token,GLMUSDT,GLM,GLM,73333485.72830969,True,False,8,20.859639255427037,2026-06-30,8.152840212505108,23.572170301142272,399,2025-07-02,2026-08-04,1,0x7dd9c5cba05e151c895fde1cf355c9a1d5da6429,0.09162,0.09162,0.09206492016367793,1.0048561467330053,Token Volume Plunging
82.16117560929665,Midnight,NIGHTUSDT,NIGHT,NIGHT,9892420.4297934,True,False,6,15.890872374834176,2026-07-21,32.93150684931507,41.94669756662803,238,2025-12-10,2026-08-04,56,0xfe930c2d63aed9b82fc4dbc801920dd2c1a3224f,0.01854,0.01854,0.018790190944926708,1.0134946572236627,Community Recognized
81.29271098184863,Haedal,HAEDALUSDT,HAEDAL,HAEDAL,14708989.778183986,True,False,9,13.838410362324446,2026-07-02,2.0693852708460136,44.148244473342004,399,2025-07-02,2026-08-04,CT_784,0x3a304c7feba2d819ea57c3542d68439ca2c386ba02159c740f7b406e592c62ea::haedal::HAEDAL,0.01465,0.01465,0.014708989778183986,1.0040266060193848,
81.19888178682706,NXPC,NXPCUSDT,NXPC,NXPC,28965690.663842376,True,False,2,30.70450767382082,2026-03-18,0.9517335146159045,22.866894197952227,399,2025-07-02,2026-08-04,43114,0x5e0e90e268bc247cc850c789a0db0d5c7621fb59,0.2391,0.2391,0.23682665113212903,1.0095992104647151,
76.67227537317356,OpenLedger,OPENUSDT,OPEN,OPEN,12427221.753057126,True,False,8,14.644729263098036,2025-12-21,0.5643340857787837,27.86503781268179,331,2025-09-08,2026-08-04,56,0xa227cc36938f0c9e09ce0e64dfab226cad739447,0.1929,0.1929,0.19347789286178083,1.0029958157686927,Community Recognized
76.62850584532225,Popcat,POPCATUSDT,POPCAT,POPCAT,44039695.408235885,True,False,6,15.162570142729452,2025-11-12,15.323117921385753,78.70913663034366,399,2025-07-02,2026-08-04,CT_501,7GCihgDB8fe6KNjn2MYtkzZcRjQy3t9GHdC8uHYmW2hr,0.04505,0.04505,0.044941395484119046,1.0024165808540444,Alpha
75.42276223613135,SHIBA INU,1000SHIBUSDT,1000SHIB,SHIB,2916844947.887782,False,True,2,26.14294782080388,2026-07-26,8.537581699346397,20.016474464579904,399,2025-07-02,2026-08-04,1,0x95ad61b0a150d79219dcf64e1e6cc01f0b64c4ce,0.004978,4.978e-06,4.948029288600979e-06,1.0060571006457188,
74.68393266290393,Beam (Formerly Merit Circle),BEAMXUSDT,BEAMX,BEAMX,74236811.25516401,True,False,4,23.970007781784858,2026-01-26,8.66928291116662,24.830538708526582,399,2025-07-02,2026-08-04,1,0xadb3e4cdd081890fd403f7bb39ce07d223f92e11,0.001424,0.001424,0.0014563771228499039,1.0227367435743708,
74.06651379993166,1INCH Token,1INCHUSDT,1INCH,1INCH,3198836.408074672,True,False,5,16.630808218763658,2025-11-06,0.2628811777076745,33.08095515433897,399,2025-07-02,2026-08-04,4663,0x1755c2910c126ee1b0cf1e08a307dc9e787285a0,0.0817,0.0817,0.08221122185078829,1.0062573053952055,Token Volume Plunging
73.33764007253112,Big Time,BIGTIMEUSDT,BIGTIME,BIGTIME,27179777.444738712,True,False,5,20.104315680558134,2025-08-29,1.318333626296364,29.709482916133734,399,2025-07-02,2026-08-04,1,0x64bc2ca1be492be7185faa2c8835d9b824c8a194,0.005383,0.005383,0.005435957181849575,1.0098378565576027,
73.17701017017887,Bonk,1000BONKUSDT,1000BONK,BONK,247193489.24402648,True,True,3,18.73249713504396,2026-01-04,28.343334762108864,39.69005596211797,399,2025-07-02,2026-08-04,CT_501,DezXAZ8z7PnrnRJjz3wXBoRgixCa6xjnB7YaB1pPB263,0.002784,2.784e-06,2.8091895700728247e-06,1.0090479777560435,Community Recognized
71.21930935207114,Tellor Tributes,TRBUSDT,TRB,TRB,38709594.992603086,True,False,7,14.498802899142103,2026-04-17,12.257291933966307,26.953063680602796,399,2025-07-02,2026-08-04,1,0x88df592f8eb5d7bd38bfef7deb0fbc02cf3778a0,13.457,13.457,13.42460425040975,1.002413162353688,Token Volume Plunging
66.71502386265573,Kamino,KMNOUSDT,KMNO,KMNO,180026479.27413017,True,False,5,19.72708993875056,2025-09-18,4.540371281592481,29.009814883836494,399,2025-07-02,2026-08-04,CT_501,KMNo3nJsBXfcpJTVhZcXLW7RmTwTt4GVFE7suUBo9sS,0.01794,0.01794,0.01800272503531175,1.0034963787799192,Community Recognized
66.16296393445717,1M x BABYDOGE,1MBABYDOGEUSDT,1MBABYDOGE,1MBABYDOGE,55732477.506360546,True,True,1,20.710328651847874,2026-07-11,8.305312710154666,18.78583473861719,399,2025-07-02,2026-08-04,1,0x8799c444c6ecb49a957853e3f958b3f4e74bebde,0.0003112,0.0003112,0.0003134951859746496,1.0073752762681543,
56.70405249816346,Arkham,ARKMUSDT,ARKM,ARKM,96206286.34061345,True,False,6,10.919748257567496,2026-04-16,10.98317094774135,27.782805429864244,399,2025-07-02,2026-08-04,1,0x6e2a43be0b1d33b726f0ca3b8de60b3482b8b050,0.0951,0.0951,0.09620628634061346,1.0116328742440952,Token Volume Plunging
55.08808841202297,Bancor Network Token,BNTUSDT,BNT,BNT,28632712.553229965,True,False,1,19.15148562514765,2026-04-19,1.7960230917254627,27.826941986234033,399,2025-07-02,2026-08-04,1,0x1f573d6fb3f13d689ff844b4ce37794d79a7ff1c,0.2649,0.2649,0.26501552356998836,1.0004361025669624,
54.78728865238854,Simons Cat,1000CATUSDT,1000CAT,CAT,11477504.825662758,True,False,6,7.872603896514154,2026-07-26,5.483207676490743,15.553925165077032,399,2025-07-02,2026-08-04,56,0x6894cde390a3f51155ea41ed24a33a4827d3063d,0.001388,1.3879999999999999e-06,1.4172842581544108e-06,1.0210981686991434,Token Volume Surging|Community Recognized
54.60382711247008,HeyElsa,ELSAUSDT,ELSA,ELSA,55636419.53082967,True,False,5,12.296649071732697,2026-07-11,4.409448818897643,20.36046741929094,195,2026-01-22,2026-08-04,8453,0x29cc30f9d113b356ce408667aa6433589cecbdca,0.05516,0.05516,0.05563641953082967,1.0086370473319375,Alpha|DEX Paid
54.084222160761314,Linea,LINEAUSDT,LINEA,LINEA,157856834.02277368,True,False,5,10.612558073270847,2026-01-24,24.02161759224748,30.818924567737028,338,2025-09-01,2026-08-04,59144,0x1789e0043623282d5dcc7f213d703c6d8bafbb04,0.002265,0.002265,0.0022666079050480924,1.0007098918534625,
53.07685886612106,ConstitutionDAO,PEOPLEUSDT,PEOPLE,PEOPLE,35820450.11206565,True,False,5,8.904545987744111,2026-04-16,17.2690763052209,23.77717391304348,399,2025-07-02,2026-08-04,1,0x7a58c0be72be218b41c608b7fe7c5bb630736c71,0.007176,0.007176,0.00707010057459116,1.0149784892437634,
52.858948659442504,FLOKI,1000FLOKIUSDT,1000FLOKI,FLOKI,84463098.53981546,True,True,3,10.9734712996073,2025-10-04,6.353109949789926,19.467297408473883,399,2025-07-02,2026-08-04,56,0xfb5b838b6cfeedc2873ab27866079ac55363d37e,0.02054,2.054e-05,2.0578579240618136e-05,1.001878249299812,Community Recognized
51.28630297608898,World Liberty Financial,WLFIUSDT,WLFI,WLFI,51308134.101121135,True,False,4,11.769236544494309,2026-07-23,2.7426536064113938,32.84457478005864,347,2025-08-23,2026-08-04,CT_501,WLFinEv6ypjkczcS83FZqFpgFZYwQXutRbxGe7oC16g,0.05495,0.05495,0.05458510328646563,1.0066849138604606,Community Recognized|DEX Paid
50.15536979630312,Wootrade Network,WOOUSDT,WOO,WOO,21550914.67889911,True,False,4,9.144399070587644,2025-09-27,12.992700729926998,23.127680633454297,399,2025-07-02,2026-08-04,1,0x4691937a7508860f876c9c0a2a617e7d9e945d4b,0.01131,0.01131,0.011409514649015224,1.008798819541576,
45.972931819656715,MIOTAC,IOTAUSDT,IOTA,IOTA,10153350.515298579,True,False,2,10.279256506081788,2026-01-08,0.6529850746268662,36.58051689860835,399,2025-07-02,2026-08-04,56,0xd944f1d1e9d5f9bb90b62f9d45e447d989580782,0.03311,0.03311,0.03361970654502836,1.015394338418253,Token Volume Plunging
45.38170779840824,Immutable X,IMXUSDT,IMX,IMX,223887377.7228029,True,False,4,12.63762729081903,2025-09-19,2.1266596169662755,17.053701015965174,399,2025-07-02,2026-08-04,1,0xf57e7e7c23978c3caec3c3548e3d615c346e79ff,0.111,0.111,0.11194368968772171,1.0085017088983939,Token Volume Plunging
41.89965069474853,Fartcoin,FARTCOINUSDT,FARTCOIN,FARTCOIN,135018731.46492133,True,True,2,7.607664367772069,2026-04-08,3.2911392405063244,33.91812865497077,399,2025-07-02,2026-08-04,CT_501,9BB6NFEcjBCtnNLFko2FqVQBq8HHM13kCyYcdQbgpump,0.1349,0.1349,0.13502212249241988,1.0009052816339503,Pumpfun|Alpha
41.1815050766284,ACU,ACUUSDT,ACU,ACU,12340503.008126272,True,False,2,8.44362183416159,2026-04-22,6.156698214459944,24.458531431590067,196,2026-01-21,2026-08-04,1,0x216b3643ff8b7bb30d8a48e9f1bd550126202add,0.07575,0.07575,0.07540998215184633,1.0045089235993852,Token Volume Plunging|DEX Paid
38.693525381148426,LQTY,LQTYUSDT,LQTY,LQTY,18104776.465843476,True,False,2,7.678842901865031,2025-10-28,7.498512199960339,24.71057884231538,399,2025-07-02,2026-08-04,1,0x6dea81c8171d0ba574754ef6f8b412f2ed88c54d,0.1824,0.1824,0.18104777708266073,1.0074688733500543,
38.074101320810676,cat in a dogs world,MEWUSDT,MEW,MEW,29958669.967546064,True,False,3,6.107714276757962,2026-01-04,12.72727272727272,17.81376518218625,399,2025-07-02,2026-08-04,CT_501,MEW1gQWJ3nEXg2qgERiKu7FAFj79PHvQVREQUzScPP5,0.0003341,0.0003341,0.00033704777103394,1.0088230201554624,Alpha
35.571709630365234,SSV Token,SSVUSDT,SSV,SSV,38524540.72335245,True,False,1,6.615597409225718,2025-12-19,26.498840675720437,30.56489576328176,399,2025-07-02,2026-08-04,1,0x9d65ff81a3c488d585bbfb0bfe3c7707c7917f54,2.221,2.221,2.2189416529857615,1.0009276255693649,
35.44586053387013,STBL,STBLUSDT,STBL,STBL,16765584.660967559,True,False,1,8.09802401619567,2026-02-26,12.060828526481382,14.753233043019254,322,2025-09-17,2026-08-04,56,0x8dedf84656fa932157e27c060d8613824e7979e3,0.0239,0.0239,0.02395083569789355,1.0021270166482656,Alpha|DEX Paid
35.16369879522951,SEI,SEIUSDT,SEI,SEI,3297360.1848552856,True,False,1,5.430876146630452,2026-05-10,7.638790288229447,18.137400059224152,399,2025-07-02,2026-08-04,1,0xbdf43ecadc5cef51b7d1772f722e40596bc1788b,0.04152,0.04152,0.04148596047680483,1.0008205070535658,
32.215160285161346,HYPE,HYPEUSDT,HYPE,HYPE,41800779.93648786,True,False,2,7.012814490422985,2026-02-03,1.7607644001081613,19.34563498216777,399,2025-07-02,2026-08-04,CT_501,98sMhvDwXj1RQi5c5Mndm3vPe9cBqPrbLaufMXFNMh5g,55.06,55.06,55.81735687250615,1.0137551193698902,
31.499924451141446,Pump.fun,PUMPUSDT,PUMP,PUMP,2045824575.8269465,False,True,1,6.21385414204099,2025-09-14,7.136175330749706,21.92114889581358,391,2025-07-10,2026-08-04,CT_501,pumpCmXqMfrsAkQ5r49WcJnRayYRqmXz6ae8H7H9Dfn,0.002421,0.002421,0.002425874058790489,1.0020132419622012,Community Recognized|DEX Paid
30.913966901318307,Arbitrum,ARBUSDT,ARB,ARB,17872682.613859694,True,False,1,5.3775172076039786,2026-07-09,13.85636221701796,19.302598929084503,399,2025-07-02,2026-08-04,1,0xb50721bcf8d664c30412cfbc6cf7a15145234ad1,0.08183,0.08183,0.08205384410559907,1.0027354772772707,Token Volume Surging
