case_id,symbol,signal_date,entry_date,decision_time_utc,decision_close_time_ms,execution_time_utc,execution_open_time_ms,execution_price,sold_fraction,cumulative_sold_fraction,reason,score,drawdown,volume_ratio,upper_wick_share,taker_buy_share,failure15,weak1h,regime4h,weak4h_confirmed,mfe_at_decision,active_stop
001-NIL-2026-01-01,NIL,2026-01-01,2026-01-02,2026-01-08T03:29:59+00:00,1767842999999,2026-01-08T03:30:00+00:00,1767843000000,0.06929,1.0,1.0,保护止损,0.8072727272727295,0.14223817776677394,14.282831177073568,0.018181818181823687,0.2650470549753252,True,True,weak,True,0.06809467142668257,0.0695796
002-POPCAT-2026-01-03,POPCAT,2026-01-03,2026-01-04,2026-01-08T13:34:59+00:00,1767879299999,2026-01-08T13:35:00+00:00,1767879300000,0.0976,0.75,0.75,V2弱趋势分层回撤,0.6485984580477967,0.15217391304347827,6.312191942300489,0.07142857142857355,0.3137994875642808,False,True,weak,True,0.17107942973523427,0.090344
002-POPCAT-2026-01-03,POPCAT,2026-01-03,2026-01-04,2026-01-12T10:09:59+00:00,1768212599999,2026-01-12T10:10:00+00:00,1768212600000,0.097,0.25,1.0,V2弱趋势分层回撤,0.85,0.15652173913043477,0.7006701528930056,0.5000000000000173,0.3495245738187301,True,True,weak,True,0.17107942973523427,0.090344
003-BIO-2026-01-01,BIO,2026-01-01,2026-01-02,2026-01-07T15:19:59+00:00,1767799199999,2026-01-07T15:20:00+00:00,1767799200000,0.04731,0.75,0.75,V2弱趋势分层回撤,0.7158245734171454,0.1560827684623618,2.7468218250306373,0.0,0.32819955082208985,True,True,weak,True,0.2205530154583062,0.04611372
003-BIO-2026-01-01,BIO,2026-01-01,2026-01-02,2026-01-07T15:44:59+00:00,1767800699999,2026-01-07T15:45:00+00:00,1767800700000,0.04724,0.25,1.0,V2弱趋势分层回撤,0.85,0.15750981091687477,0.7862574059732682,0.533333333333321,0.3085761803337981,True,True,weak,True,0.2205530154583062,0.04611372
004-RIVER-2026-01-07,RIVER,2026-01-07,2026-01-08,2026-01-08T13:59:59+00:00,1767880799999,2026-01-08T14:00:00+00:00,1767880800000,15.596,1.0,1.0,保护止损,0.6861906369676931,0.1319641565091556,4.551969757711613,0.01898734177215268,0.4552013074206043,True,True,weak,True,0.05588857545839221,15.654719999999998
005-SXT-2026-01-01,SXT,2026-01-01,2026-01-02,2026-01-15T23:59:59+00:00,1768521599999,2026-01-16T00:00:00+00:00,1768521600000,0.02823,1.0,1.0,持有满14天,0.3999999999999913,0.11254322540081729,0.4623943845053945,0.24999999999997832,0.6441695715731475,False,False,neutral,False,0.3226611226611227,0.0241462
006-EDU-2026-01-09,EDU,2026-01-09,2026-01-10,2026-01-19T12:29:59+00:00,1768825799999,2026-01-19T12:30:00+00:00,1768825800000,0.1459,0.75,0.75,V2弱趋势分层回撤,0.7148144235509789,0.15026208503203253,0.9232419779576709,0.333333333333395,0.4527783646735686,True,True,weak,True,0.15234899328859064,0.13707999999999998
006-EDU-2026-01-09,EDU,2026-01-09,2026-01-10,2026-01-19T13:59:59+00:00,1768831199999,2026-01-19T14:00:00+00:00,1768831200000,0.1451,0.25,1.0,V2弱趋势分层回撤,0.85,0.15550378567268497,0.8727606676072085,0.5,0.2775185286851496,True,True,weak,True,0.15234899328859064,0.13707999999999998
007-NEWT-2026-01-05,NEWT,2026-01-05,2026-01-06,2026-01-19T00:19:59+00:00,1768781999999,2026-01-19T00:20:00+00:00,1768782000000,0.0965,1.0,1.0,保护止损,0.8284979941939785,0.14450354609929073,17.91700933601364,0.2307692307692357,0.44571454717057357,True,True,weak,True,0.07326355851569932,0.096692
008-ZKC-2026-01-14,ZKC,2026-01-14,2026-01-15,2026-01-19T00:04:59+00:00,1768781099999,2026-01-19T00:05:00+00:00,1768781100000,0.1063,1.0,1.0,保护止损,0.7926963487378431,0.14948041566746595,31.230359989373007,0.00781250000000022,0.36564297689323555,True,True,weak,True,0.04598662207357851,0.11003199999999999
009-POWER-2026-01-15,POWER,2026-01-15,2026-01-16,2026-01-20T23:29:59+00:00,1768951799999,2026-01-20T23:30:00+00:00,1768951800000,0.15085,0.75,0.75,V2弱趋势分层回撤,0.7769096824485532,0.15538384008063155,8.746145639149754,0.05217391304348225,0.40284858274630186,True,True,weak,True,0.22071086807928908,0.14688520000000002
009-POWER-2026-01-15,POWER,2026-01-15,2026-01-16,2026-01-20T23:39:59+00:00,1768952399999,2026-01-20T23:40:00+00:00,1768952400000,0.15146,0.25,1.0,V2弱趋势分层回撤,0.8758241445231205,0.15196819530768801,1.896623246492986,0.4603174603174659,0.30134771743896704,True,True,weak,True,0.22071086807928908,0.14688520000000002
010-REZ-2026-01-19,REZ,2026-01-19,2026-01-20,2026-01-25T20:34:59+00:00,1769373299999,2026-01-25T20:35:00+00:00,1769373300000,0.004271,1.0,1.0,保护止损,0.6611111111111031,0.1248462484624846,0.9365069800432255,0.0277777777777577,0.343473104025675,True,True,weak,True,0.04610765601544098,0.00428996
011-BIO-2026-01-08,BIO,2026-01-08,2026-01-09,2026-01-12T13:09:59+00:00,1768223399999,2026-01-12T13:10:00+00:00,1768223400000,0.0414,1.0,1.0,保护止损,0.7275351305684491,0.12123142250530783,2.487074239684559,0.04545454545452825,0.33741178086970813,True,True,weak,True,0.04342046964997803,0.0415288
012-AGLD-2026-01-20,AGLD,2026-01-20,2026-01-21,2026-01-25T15:24:59+00:00,1769354699999,2026-01-25T15:25:00+00:00,1769354700000,0.3392,0.25,0.25,V2强趋势分层回撤,0.604541237248719,0.16560039370078738,8.690658351549441,0.36320754716981063,0.47239952480103414,False,False,strong,False,0.5382286146858442,0.2652568
012-AGLD-2026-01-20,AGLD,2026-01-20,2026-01-21,2026-01-25T15:29:59+00:00,1769354999999,2026-01-25T15:30:00+00:00,1769355000000,0.3371,0.25,0.5,V2强趋势分层回撤,0.7112662411841298,0.17027559055118102,4.036198085734473,0.4259259259259262,0.5271642668397214,True,False,strong,False,0.5382286146858442,0.2652568
012-AGLD-2026-01-20,AGLD,2026-01-20,2026-01-21,2026-01-25T16:59:59+00:00,1769360399999,2026-01-25T17:00:00+00:00,1769360400000,0.3216,0.25,0.75,V2强趋势分层回撤,0.4555555555555557,0.20841535433070868,0.17778270709702484,0.1388888888888893,0.625049115236408,False,True,strong,False,0.5382286146858442,0.2652568
012-AGLD-2026-01-20,AGLD,2026-01-20,2026-01-21,2026-01-26T05:44:59+00:00,1769406299999,2026-01-26T05:45:00+00:00,1769406300000,0.3026,0.25,1.0,V2弱趋势分层回撤,0.85,0.2559055118110236,0.6578075395104349,0.5384615384615352,0.3309140777467166,True,True,weak,True,0.5382286146858442,0.2652568
013-ACU-2026-01-21,ACU,2026-01-21,2026-01-22,2026-01-22T10:04:59+00:00,1769076299999,2026-01-22T10:05:00+00:00,1769076300000,0.132,0.75,0.75,V2中性趋势分层回撤,0.552687002580264,0.15281880056504427,1.9005934856575164,0.006833712984055174,0.41281980210409,True,False,neutral,False,0.20197576599521505,0.13008828
013-ACU-2026-01-21,ACU,2026-01-21,2026-01-22,2026-01-22T10:09:59+00:00,1769076599999,2026-01-22T10:10:00+00:00,1769076600000,0.12757,0.25,1.0,保护止损,0.5786213805958679,0.1807499678952098,1.9030470713043515,0.0347648261758698,0.3908029691888351,True,False,neutral,False,0.20197576599521505,0.13008828
014-NEWT-2026-01-21,NEWT,2026-01-21,2026-01-22,2026-01-25T19:19:59+00:00,1769368799999,2026-01-25T19:20:00+00:00,1769368800000,0.1049,0.75,0.75,V2强趋势分层回撤,0.8185945026835268,0.15662650602409645,9.78655898249234,0.05000000000000139,0.24605687663878875,True,True,strong,False,0.33440514469453375,0.0936732
014-NEWT-2026-01-21,NEWT,2026-01-21,2026-01-22,2026-01-26T06:59:59+00:00,1769410799999,2026-01-26T07:00:00+00:00,1769410800000,0.101,0.25,1.0,V2弱趋势分层回撤,0.85,0.1879518072289157,0.35002832757643876,0.5000000000000347,0.09377365879128051,True,True,weak,True,0.33440514469453375,0.0936732
015-ZKC-2026-01-26,ZKC,2026-01-26,2026-01-27,2026-01-27T09:24:59+00:00,1769505899999,2026-01-27T09:25:00+00:00,1769505900000,0.1318,1.0,1.0,保护止损,0.6999999999999983,0.1077235772357723,0.5999611955095633,0.37499999999999567,0.5331427162928272,True,True,weak,False,0.03000697836706201,0.131836
016-POPCAT-2026-01-21,POPCAT,2026-01-21,2026-01-22,2026-01-25T17:34:59+00:00,1769362499999,2026-01-25T17:35:00+00:00,1769362500000,0.0733,1.0,1.0,保护止损,0.7573433034089676,0.10171568627450978,0.8379129662522202,0.4999999999999826,0.48898504488653827,True,True,weak,True,0.023839397741530988,0.073324
017-VANRY-2026-01-24,VANRY,2026-01-24,2026-01-25,2026-01-25T18:44:59+00:00,1769366699999,2026-01-25T18:45:00+00:00,1769366700000,0.007177,1.0,1.0,保护止损,0.7369199752726174,0.0873712323540633,2.4411665492777206,0.1666666666666623,0.2911355883113753,True,True,weak,True,0.004599463395936976,0.007200840000000001
018-BMT-2026-01-29,BMT,2026-01-29,2026-01-30,2026-01-31T14:39:59+00:00,1769870399999,2026-01-31T14:40:00+00:00,1769870400000,0.01872,1.0,1.0,保护止损,0.8282761803196788,0.0987000481463649,14.084248881076215,0.16666666666666827,0.401735946179125,True,True,weak,True,0.017638412542871018,0.0187772
019-EUL-2026-01-29,EUL,2026-01-29,2026-01-30,2026-01-31T14:34:59+00:00,1769870099999,2026-01-31T14:35:00+00:00,1769870100000,1.515,0.75,0.75,V2弱趋势分层回撤,0.7783476686739738,0.15418994413407827,14.771221365874545,0.19230769230769656,0.4978631123736573,True,True,weak,True,0.09547123623011022,1.50328
019-EUL-2026-01-29,EUL,2026-01-29,2026-01-30,2026-01-31T15:59:59+00:00,1769875199999,2026-01-31T16:00:00+00:00,1769875200000,1.5,0.25,1.0,保护止损,0.7696819238070768,0.16201117318435754,2.0560373850560274,0.18181818181818366,0.2713284388961122,True,True,weak,True,0.09547123623011022,1.50328
020-XPIN-2026-01-28,XPIN,2026-01-28,2026-01-29,2026-02-02T17:04:59+00:00,1770051899999,2026-02-02T17:05:00+00:00,1770051900000,0.00211,1.0,1.0,保护止损,0.7999999999999999,0.13357994245787086,103.19386534674169,0.0,0.3213077166839711,True,True,weak,True,0.06013071895424815,0.0021114000000000003
021-SXT-2026-01-31,SXT,2026-01-31,2026-02-01,2026-02-03T16:59:59+00:00,1770137999999,2026-02-03T17:00:00+00:00,1770138000000,0.02437,1.0,1.0,保护止损,0.8506329113924064,0.1109084275811748,18.696529601588814,0.1265822784810159,0.30508690857262755,True,True,weak,True,0.017823988117341205,0.0247756
022-ZORA-2026-02-01,ZORA,2026-02-01,2026-02-02,2026-02-03T01:54:59+00:00,1770083699999,2026-02-03T01:55:00+00:00,1770083700000,0.02486,0.75,0.75,V2弱趋势分层回撤,0.5999999999999956,0.15095628415300544,0.7145882362400625,0.24999999999998915,0.29629477120537184,False,True,weak,True,0.13576415826221866,0.023717600000000002
022-ZORA-2026-02-01,ZORA,2026-02-01,2026-02-02,2026-02-03T05:34:59+00:00,1770096899999,2026-02-03T05:35:00+00:00,1770096900000,0.02444,0.25,1.0,V2弱趋势分层回撤,0.8677939874653695,0.16530054644808745,1.3140944561090804,0.5,0.34658766310767064,True,True,weak,True,0.13576415826221866,0.023717600000000002
023-TOSHI-2026-02-02,TOSHI,2026-02-02,2026-02-03,2026-02-03T18:54:59+00:00,1770144899999,2026-02-03T18:55:00+00:00,1770144900000,0.0001941,1.0,1.0,保护止损,0.4956764295676428,0.09855880985588095,0.7721303411807607,0.0,0.21424211948415686,False,True,weak,True,0.017983909133932663,0.000194396
024-USELESS-2026-02-06,USELESS,2026-02-06,2026-02-07,2026-02-07T07:14:59+00:00,1770448499999,2026-02-07T07:15:00+00:00,1770448500000,0.03235,1.0,1.0,保护止损,0.7774572272442469,0.08592425098925949,3.001913554998777,0.3333333333333282,0.4028878795057644,True,True,weak,True,0.0011318619128466434,0.0325128
025-MELANIA-2026-02-06,MELANIA,2026-02-06,2026-02-07,2026-02-10T10:34:59+00:00,1770719699999,2026-02-10T10:35:00+00:00,1770719700000,0.1183,1.0,1.0,保护止损,0.5499999999999999,0.1111945905334335,0.7171837276415478,0.0,0.5223186556596465,True,True,weak,True,0.030983733539891478,0.11877199999999999
026-KMNO-2026-02-06,KMNO,2026-02-06,2026-02-07,2026-02-11T04:44:59+00:00,1770785099999,2026-02-11T04:45:00+00:00,1770785100000,0.02872,1.0,1.0,保护止损,0.5990380589231887,0.08039718129404239,3.264739710721881,0.07692307692307487,0.5719495220237205,True,True,weak,True,0.000320410124959869,0.0287132
027-TNSR-2026-02-11,TNSR,2026-02-11,2026-02-12,2026-02-12T08:59:59+00:00,1770886799999,2026-02-12T09:00:00+00:00,1770886800000,0.0529,0.75,0.75,V2强趋势分层回撤,0.6057191393733788,0.15411670663469224,1.3060863998120853,0.09580838323353291,0.5145542930583434,True,True,strong,False,0.18735763097949887,0.04124964285714285
027-TNSR-2026-02-11,TNSR,2026-02-11,2026-02-12,2026-02-13T04:34:59+00:00,1770957299999,2026-02-13T04:35:00+00:00,1770957300000,0.0526,0.25,1.0,保护止损,0.7387178645651522,0.20639710319855165,2.820561437689867,0.10606060606060685,0.3818850686888197,True,True,weak,False,0.2581624905087321,0.052890719999999995
028-POPCAT-2026-02-12,POPCAT,2026-02-12,2026-02-13,2026-02-15T12:54:59+00:00,1771160099999,2026-02-15T12:55:00+00:00,1771160100000,0.05431,0.75,0.75,V2弱趋势分层回撤,0.8037400309972262,0.1568079490762304,4.466152414587982,0.14062499999999933,0.3217616844059157,True,True,weak,True,0.2871702637889686,0.05024016
028-POPCAT-2026-02-12,POPCAT,2026-02-12,2026-02-13,2026-02-15T12:59:59+00:00,1771160399999,2026-02-15T13:00:00+00:00,1771160400000,0.05379,0.25,1.0,V2弱趋势分层回撤,0.8649488813807192,0.16503648501785428,9.43320362478984,0.1718750000000088,0.21114047354158552,True,True,weak,True,0.2871702637889686,0.05024016
029-COOKIE-2026-02-15,COOKIE,2026-02-15,2026-02-16,2026-02-19T13:39:59+00:00,1771508399999,2026-02-19T13:40:00+00:00,1771508400000,0.01767,1.0,1.0,保护止损,0.7038022623783634,0.14354995150339478,1.4241428180441102,0.07692307692307282,0.11142612501189231,True,True,weak,True,0.07228289131565258,0.017691600000000002
030-MAGIC-2026-02-11,MAGIC,2026-02-11,2026-02-12,2026-02-18T23:24:59+00:00,1771457099999,2026-02-18T23:25:00+00:00,1771457100000,0.06965,0.75,0.75,V2弱趋势分层回撤,0.6526403746707197,0.15216068167985386,8.062902101465939,0.04166666666667871,0.2181700904370359,False,True,weak,True,0.1957787481804949,0.063204
030-MAGIC-2026-02-11,MAGIC,2026-02-11,2026-02-12,2026-02-19T01:34:59+00:00,1771464899999,2026-02-19T01:35:00+00:00,1771464900000,0.06978,0.25,1.0,V2弱趋势分层回撤,0.8531383042306371,0.15069993913572732,1.0493540141880282,0.5714285714285431,0.1806124566126873,True,True,weak,True,0.1957787481804949,0.063204
031-RECALL-2026-02-13,RECALL,2026-02-13,2026-02-14,2026-02-15T11:24:59+00:00,1771154699999,2026-02-15T11:25:00+00:00,1771154700000,0.05579,0.75,0.75,V2强趋势分层回撤,0.7318281181365582,0.15090604537840735,1.4317918789887498,0.20689655172413848,0.38646873016067146,True,True,strong,False,0.21162361623616244,0.0544168
031-RECALL-2026-02-13,RECALL,2026-02-13,2026-02-14,2026-02-15T13:39:59+00:00,1771162799999,2026-02-15T13:40:00+00:00,1771162800000,0.05429,0.25,1.0,保护止损,0.8445160947029726,0.17329069590376134,12.232630147042947,0.14179104477612128,0.3683004848112138,True,True,weak,False,0.21162361623616244,0.0544168
032-FIGHT-2026-02-18,FIGHT,2026-02-18,2026-02-19,2026-02-23T01:04:59+00:00,1771808699999,2026-02-23T01:05:00+00:00,1771808700000,0.006438,0.75,0.75,V2弱趋势分层回撤,0.7691156476718333,0.15013192612137205,21.539230205883594,0.05581395348837526,0.42981490058527516,True,True,weak,True,0.16061858827132136,0.00600852
032-FIGHT-2026-02-18,FIGHT,2026-02-18,2026-02-19,2026-02-26T17:04:59+00:00,1772125499999,2026-02-26T17:05:00+00:00,1772125500000,0.006545,0.25,1.0,保护止损,0.7320447711015043,0.21426855632956998,3.3962298661213826,0.005988023952096617,0.2991857485632023,True,True,weak,True,0.27484305619353844,0.006557124
033-FLOCK-2026-02-18,FLOCK,2026-02-18,2026-02-19,2026-02-24T00:14:59+00:00,1771892099999,2026-02-24T00:15:00+00:00,1771892100000,0.06409,0.75,0.75,V2弱趋势分层回撤,0.791865297254651,0.15530652603823336,7.786582325786455,0.02040816326531248,0.34792948040111005,True,True,weak,True,0.28646540027137046,0.05919584
033-FLOCK-2026-02-18,FLOCK,2026-02-18,2026-02-19,2026-02-24T05:34:59+00:00,1771911299999,2026-02-24T05:35:00+00:00,1771911300000,0.06396,0.25,1.0,V2弱趋势分层回撤,0.85,0.1567567567567567,0.6126504807118391,0.6578947368420967,0.2908911729549261,True,True,weak,True,0.28646540027137046,0.05919584
034-AWE-2026-02-20,AWE,2026-02-20,2026-02-21,2026-02-22T01:39:59+00:00,1771724399999,2026-02-22T01:40:00+00:00,1771724400000,0.05428,1.0,1.0,保护止损,0.7135753676929402,0.0818812383691423,0.5532448175976828,0.6086956521739039,0.47310252112173007,True,True,weak,True,0.00169462802914766,0.0542892
035-USUAL-2026-02-22,USUAL,2026-02-22,2026-02-23,2026-02-23T16:49:59+00:00,1771865399999,2026-02-23T16:50:00+00:00,1771865400000,0.01273,1.0,1.0,保护止损,0.6126965475059574,0.0802023121387283,1.40366694860338,0.0,0.1786956686338761,True,True,weak,True,0.0,0.012732799999999999
036-ZKC-2026-02-25,ZKC,2026-02-25,2026-02-26,2026-03-08T02:59:59+00:00,1772938799999,2026-03-08T03:00:00+00:00,1772938800000,0.07962,1.0,1.0,保护止损,0.7222343593020681,0.13089519650655024,2.599535356468709,0.02499999999999046,0.11252304083114562,True,True,weak,True,0.055299539170506895,0.079856
037-NEWT-2026-02-24,NEWT,2026-02-24,2026-02-25,2026-02-27T13:29:59+00:00,1772198999999,2026-02-27T13:30:00+00:00,1772199000000,0.07534,0.75,0.75,V2强趋势分层回撤,0.657643156561352,0.15222772277227725,0.8041058762699761,0.10655737704918462,0.4024696913874829,True,True,strong,False,0.3824856120703064,0.06454716
037-NEWT-2026-02-24,NEWT,2026-02-24,2026-02-25,2026-02-28T08:29:59+00:00,1772267399999,2026-02-28T08:30:00+00:00,1772267400000,0.06771,0.25,1.0,V2弱趋势分层回撤,0.8642080379716236,0.23807380738073802,1.9534337394146486,0.426470588235292,0.34168849256335054,True,True,weak,True,0.3824856120703064,0.06454716
038-CHILLGUY-2026-02-27,CHILLGUY,2026-02-27,2026-02-28,2026-03-06T14:09:59+00:00,1772806199999,2026-03-06T14:10:00+00:00,1772806200000,0.00995,0.75,0.75,V2弱趋势分层回撤,0.6527221769122482,0.15017064846416373,1.0426723240272462,0.0,0.34659478419018547,True,True,weak,True,0.18984771573604053,0.009061999999999999
038-CHILLGUY-2026-02-27,CHILLGUY,2026-02-27,2026-02-28,2026-03-06T15:59:59+00:00,1772812799999,2026-03-06T16:00:00+00:00,1772812800000,0.00991,0.25,1.0,V2弱趋势分层回撤,0.9067117856037453,0.1544368600682593,2.3882433145502655,0.75,0.12456173737464964,True,True,weak,True,0.18984771573604053,0.009061999999999999
039-RIVER-2026-02-27,RIVER,2026-02-27,2026-02-28,2026-03-03T14:19:59+00:00,1772547599999,2026-03-03T14:20:00+00:00,1772547600000,16.453,0.5,0.5,V2强趋势分层回撤,0.5762969262981096,0.171809715580166,2.058355582428905,0.002868068833652118,0.38281754221215203,True,False,strong,False,0.7485256579526447,11.406444
039-RIVER-2026-02-27,RIVER,2026-02-27,2026-02-28,2026-03-04T12:14:59+00:00,1772626499999,2026-03-04T12:15:00+00:00,1772626500000,17.496,0.25,0.75,多周期退出评分,0.75,0.12016692644175175,0.9543388654177076,0.5647668393782354,0.5141000527160761,True,True,weak,False,0.7506381480503475,11.406444
039-RIVER-2026-02-27,RIVER,2026-02-27,2026-02-28,2026-03-10T03:44:59+00:00,1773114299999,2026-03-10T03:45:00+00:00,1773114300000,11.239,0.25,1.0,保护止损,0.6645994880543434,0.4837183667845497,2.3609628443368016,0.009367681498828016,0.4176664361125467,True,True,weak,True,0.916468620720007,11.406444
040-FIGHT-2026-02-28,FIGHT,2026-02-28,2026-03-01,2026-03-02T07:09:59+00:00,1772435399999,2026-03-02T07:10:00+00:00,1772435400000,0.005819,1.0,1.0,保护止损,0.8169014084507048,0.11532024950555297,18.98638740633927,0.042253521126762,0.19453879019872256,True,True,weak,True,0.039867109634551534,0.0058153200000000006
041-PARTI-2026-03-01,PARTI,2026-03-01,2026-03-02,2026-03-04T08:39:59+00:00,1772613599999,2026-03-04T08:40:00+00:00,1772613600000,0.08306,1.0,1.0,保护止损,0.7250000000000011,0.12485512590875569,0.5825419640899456,0.4375000000000027,0.6287157697519196,True,True,weak,True,0.05081930912311772,0.0830944
042-DOLO-2026-03-04,DOLO,2026-03-04,2026-03-05,2026-03-18T23:59:59+00:00,1773878399999,2026-03-19T00:00:00+00:00,1773878400000,0.03492,1.0,1.0,持有满14天,0.3791587722622377,0.07400530503978786,0.688696800528243,0.14285714285718534,0.1680902989627822,False,False,weak,True,0.12403100775193798,0.0308568
043-MAGIC-2026-03-04,MAGIC,2026-03-04,2026-03-05,2026-03-18T23:59:59+00:00,1773878399999,2026-03-19T00:00:00+00:00,1773878400000,0.06298,1.0,1.0,持有满14天,0.6232192416480058,0.1001428571428572,0.392518586815196,0.7499999999999133,0.4651711375279913,False,True,weak,True,0.13673270542383897,0.056653600000000005
044-AWE-2026-03-11,AWE,2026-03-11,2026-03-12,2026-03-25T23:59:59+00:00,1774483199999,2026-03-26T00:00:00+00:00,1774483200000,0.05087,1.0,1.0,持有满14天,0.3,0.10738726092296891,0.23342594807441072,0.0,0.7866939933785275,False,False,weak,True,0.11178306671868898,0.0471592
045-ZETA-2026-03-08,ZETA,2026-03-08,2026-03-09,2026-03-19T15:24:59+00:00,1773933899999,2026-03-19T15:25:00+00:00,1773933900000,0.04931,0.75,0.75,V2弱趋势分层回撤,0.5749999999999881,0.15041350792556862,0.6960202369324017,0.1874999999999702,0.2522130262684419,False,True,weak,True,0.1741857171758041,0.045475600000000005
045-ZETA-2026-03-08,ZETA,2026-03-08,2026-03-09,2026-03-22T23:59:59+00:00,1774223999999,2026-03-23T00:00:00+00:00,1774224000000,0.05201,0.25,1.0,持有满14天,0.8159241669894076,0.14264511873350916,1.8367745366661505,0.31578947368420474,0.3093681278404926,True,True,weak,True,0.226785353024479,0.04962772
046-SXT-2026-03-11,SXT,2026-03-11,2026-03-12,2026-03-14T05:04:59+00:00,1773464699999,2026-03-14T05:05:00+00:00,1773464700000,0.01747,1.0,1.0,保护止损,0.8290891611293276,0.091948051948052,2.405547390728907,0.39999999999997227,0.37090562343887123,True,True,weak,True,0.012092534174553249,0.017498399999999997
047-SKL-2026-03-13,SKL,2026-03-13,2026-03-14,2026-03-22T21:19:59+00:00,1774214399999,2026-03-22T21:20:00+00:00,1774214400000,0.00609,0.75,0.75,V2弱趋势分层回撤,0.7840016721731148,0.1532033426183843,7.82248035501298,0.0,0.2094258593946637,True,True,weak,True,0.10461538461538455,0.00598
047-SKL-2026-03-13,SKL,2026-03-13,2026-03-14,2026-03-26T18:04:59+00:00,1774548299999,2026-03-26T18:05:00+00:00,1774548300000,0.00607,0.25,1.0,V2弱趋势分层回撤,0.9111147783315084,0.15459610027855153,2.5552409308156387,0.6666666666666571,0.11262968171139078,True,True,weak,True,0.10461538461538455,0.00598
048-BARD-2026-03-19,BARD,2026-03-19,2026-03-20,2026-03-21T02:04:59+00:00,1774058699999,2026-03-21T02:05:00+00:00,1774058700000,0.5326,1.0,1.0,保护止损,0.6400413250769127,0.0965388530709197,2.7820591689502825,0.0,0.44934528273193036,True,True,weak,True,0.01568154402895061,0.533876
049-NIL-2026-03-19,NIL,2026-03-19,2026-03-20,2026-03-22T19:44:59+00:00,1774208699999,2026-03-22T19:45:00+00:00,1774208700000,0.04524,0.75,0.75,V2弱趋势分层回撤,0.5906061196373286,0.15087258397447922,1.8651229423265787,0.0,0.7923271196167812,True,True,weak,True,0.11136600625651716,0.044114
049-NIL-2026-03-19,NIL,2026-03-19,2026-03-20,2026-03-22T23:49:59+00:00,1774223399999,2026-03-22T23:50:00+00:00,1774223400000,0.04508,0.25,1.0,V2弱趋势分层回撤,0.8542037938069333,0.15387502345655846,4.950988969064706,0.6250000000000434,0.8586808452595421,True,True,weak,True,0.11136600625651716,0.044114
050-AIXBT-2026-03-18,AIXBT,2026-03-18,2026-03-19,2026-03-29T22:44:59+00:00,1774824299999,2026-03-29T22:45:00+00:00,1774824300000,0.02265,0.75,0.75,V2弱趋势分层回撤,0.7,0.15668031261630078,49.233983385210436,0.0,0.3189772232034314,True,False,weak,True,0.09183258837870789,0.0226412
050-AIXBT-2026-03-18,AIXBT,2026-03-18,2026-03-19,2026-03-29T22:49:59+00:00,1774824599999,2026-03-29T22:50:00+00:00,1774824600000,0.0223,0.25,1.0,保护止损,0.6144300648294528,0.1704503163379234,29.638817719618956,0.0,0.47835490275582065,True,False,weak,True,0.09183258837870789,0.0226412
051-SKL-2026-03-21,SKL,2026-03-21,2026-03-22,2026-03-28T01:19:59+00:00,1774660799999,2026-03-28T01:20:00+00:00,1774660800000,0.00573,1.0,1.0,保护止损,0.7930009414387756,0.1265243902439025,15.204246942480731,0.0,0.3604985878418365,True,True,weak,True,0.052969502407704594,0.0057316
052-PROM-2026-03-23,PROM,2026-03-23,2026-03-24,2026-03-27T07:39:59+00:00,1774597199999,2026-03-27T07:40:00+00:00,1774597200000,0.998,1.0,1.0,保护止损,0.9142857142857143,0.14786324786324778,29.01682557487381,0.2857142857142857,0.2109012892127491,True,True,weak,True,0.07734806629834234,0.99912
053-FLOCK-2026-03-29,FLOCK,2026-03-29,2026-03-30,2026-04-12T23:59:59+00:00,1776038399999,2026-04-13T00:00:00+00:00,1776038400000,0.05165,1.0,1.0,持有满14天,0.7726064133856422,0.1049072307959078,1.4148468185388845,0.6111111111111068,0.6567282956711639,True,True,weak,True,0.16740890688259102,0.045448
054-RESOLV-2026-03-26,RESOLV,2026-03-26,2026-03-27,2026-03-28T20:49:59+00:00,1774730999999,2026-03-28T20:50:00+00:00,1774731000000,0.0394,0.75,0.75,V2弱趋势分层回撤,0.7847977974292785,0.15012942191544443,3.8452669274420144,0.11764705882352701,0.3330074285655338,True,True,weak,True,0.15524545228008968,0.0369196
054-RESOLV-2026-03-26,RESOLV,2026-03-26,2026-03-27,2026-03-28T21:09:59+00:00,1774732199999,2026-03-28T21:10:00+00:00,1774732200000,0.03933,0.25,1.0,V2弱趋势分层回撤,0.9084055947395258,0.15163934426229508,3.2777995077450726,0.5882352941176434,0.37839764466793463,True,True,weak,True,0.15524545228008968,0.0369196
055-PHA-2026-03-28,PHA,2026-03-28,2026-03-29,2026-04-11T23:59:59+00:00,1775951999999,2026-04-12T00:00:00+00:00,1775952000000,0.04126,1.0,1.0,持有满14天,0.8318181818181772,0.12116695059625215,0.5294889544613348,0.4545454545454431,0.31637122369295645,True,True,weak,False,0.3440183171150544,0.03507976
056-SKL-2026-04-01,SKL,2026-04-01,2026-04-02,2026-04-03T15:19:59+00:00,1775229599999,2026-04-03T15:20:00+00:00,1775229600000,0.00654,1.0,1.0,保护止损,0.7365907072513594,0.09668508287292821,5.982780335850728,0.19999999999999307,0.5419069964650511,True,True,weak,False,0.015427769985974837,0.0065596000000000005
057-SXT-2026-04-02,SXT,2026-04-02,2026-04-03,2026-04-16T23:59:59+00:00,1776383999999,2026-04-17T00:00:00+00:00,1776384000000,0.01659,1.0,1.0,持有满14天,0.4588298078852061,0.06906232453677696,2.209457040711486,0.49999999999998557,0.7614476109516636,False,False,weak,True,0.06264916467780424,0.015419200000000001
058-AUCTION-2026-04-09,AUCTION,2026-04-09,2026-04-10,2026-04-23T23:59:59+00:00,1776988799999,2026-04-24T00:00:00+00:00,1776988800000,4.78,1.0,1.0,持有满14天,0.3244186046511628,0.05813953488372092,22.735061106675676,0.0,0.57848701360094,False,False,weak,True,0.07819804504887373,4.3295200000000005
059-FLOCK-2026-04-02,FLOCK,2026-04-02,2026-04-03,2026-04-16T23:59:59+00:00,1776383999999,2026-04-17T00:00:00+00:00,1776384000000,0.06085,1.0,1.0,持有满14天,0.4106772744850613,0.08836303729219708,2.901691535053779,0.19047619047618103,0.5665244347714028,False,False,strong,False,0.35134588140052614,0.04960764
060-TNSR-2026-04-10,TNSR,2026-04-10,2026-04-11,2026-04-14T16:54:59+00:00,1776185699999,2026-04-14T16:55:00+00:00,1776185700000,0.03849,1.0,1.0,保护止损,0.7665848904343003,0.1354447439353098,5.831517628945647,0.04651162790697487,0.37533049948533515,True,True,weak,True,0.06151645207439205,0.038584799999999995
061-MAGIC-2026-04-04,MAGIC,2026-04-04,2026-04-05,2026-04-18T12:39:59+00:00,1776515999999,2026-04-18T12:40:00+00:00,1776516000000,0.06706,0.75,0.75,V2弱趋势分层回撤,0.6416496852363247,0.1503673676209779,2.2538934706590923,0.09677419354839505,0.6245079986060217,True,True,weak,False,0.35635738831615105,0.0584328
061-MAGIC-2026-04-04,MAGIC,2026-04-04,2026-04-05,2026-04-18T17:59:59+00:00,1776535199999,2026-04-18T18:00:00+00:00,1776535200000,0.06625,0.25,1.0,V2弱趋势分层回撤,0.8502771653705627,0.16075500380035457,1.0042637095251747,0.538461538461522,0.08644315843119998,True,True,weak,True,0.35635738831615105,0.0584328
062-POWER-2026-04-15,POWER,2026-04-15,2026-04-16,2026-04-17T08:19:59+00:00,1776413999999,2026-04-17T08:20:00+00:00,1776414000000,0.10605,0.25,0.25,V2强趋势分层回撤,0.5351007562704961,0.19605761940864286,16.920107727394463,0.06585662211421606,0.4118628388627854,False,False,strong,False,0.48770584254455196,0.08901464
062-POWER-2026-04-15,POWER,2026-04-15,2026-04-16,2026-04-17T08:29:59+00:00,1776414599999,2026-04-17T08:30:00+00:00,1776414600000,0.10824,0.25,0.5,V2强趋势分层回撤,0.7439999687474643,0.17983320697498095,3.3503718194620564,0.4783018867924528,0.4641271055496511,True,False,strong,False,0.48770584254455196,0.08901464
062-POWER-2026-04-15,POWER,2026-04-15,2026-04-16,2026-04-17T08:59:59+00:00,1776416399999,2026-04-17T09:00:00+00:00,1776416400000,0.10016,0.25,0.75,V2强趋势分层回撤,0.653789945393854,0.24040940106141007,1.0160381627443462,0.05742145178764925,0.38032270759543485,True,True,strong,False,0.48770584254455196,0.08901464
062-POWER-2026-04-15,POWER,2026-04-15,2026-04-16,2026-04-18T19:14:59+00:00,1776539699999,2026-04-18T19:15:00+00:00,1776539700000,0.08797,0.25,1.0,保护止损,0.7904039761212825,0.333131159969674,5.731241774288643,0.06666666666666851,0.32512838880289674,True,True,weak,True,0.48770584254455196,0.08901464
063-MUBARAK-2026-04-17,MUBARAK,2026-04-17,2026-04-18,2026-04-18T18:54:59+00:00,1776538499999,2026-04-18T18:55:00+00:00,1776538500000,0.01418,1.0,1.0,保护止损,0.8109288223338875,0.14060606060606062,1.441483894874466,0.5999999999999792,0.4443389702733752,True,True,weak,True,0.06865284974093266,0.0142048
064-BAS-2026-04-19,BAS,2026-04-19,2026-04-20,2026-04-21T23:19:59+00:00,1776813599999,2026-04-21T23:20:00+00:00,1776813600000,0.015595,0.25,0.25,V2强趋势分层回撤,0.45056221575876504,0.17381406183820403,3.4204951468430176,0.1104426299957027,0.46059227453614576,False,False,strong,False,1.3866565579984838,0.007945655999999999
064-BAS-2026-04-19,BAS,2026-04-19,2026-04-20,2026-04-22T00:09:59+00:00,1776816599999,2026-04-22T00:10:00+00:00,1776816600000,0.015918,0.25,0.5,V2强趋势分层回撤,0.6216163495653789,0.1565544260906394,0.6532932665047416,0.3773584905660382,0.4689905699915546,True,False,strong,False,1.3866565579984838,0.007945655999999999
064-BAS-2026-04-19,BAS,2026-04-19,2026-04-20,2026-04-22T06:04:59+00:00,1776837899999,2026-04-22T06:05:00+00:00,1776837900000,0.015924,0.25,0.75,V2强趋势分层回撤,0.6731726849117498,0.15676620076238879,3.5993173662558164,0.09261186264307904,0.4959576221296347,True,True,strong,False,1.3866565579984838,0.007945655999999999
064-BAS-2026-04-19,BAS,2026-04-19,2026-04-20,2026-04-24T10:09:59+00:00,1777025399999,2026-04-24T10:10:00+00:00,1777025400000,0.015323,0.25,1.0,V2弱趋势分层回撤,0.875257391225653,0.20187499999999992,3.8063070582273504,0.34545454545454446,0.210897692858564,True,True,weak,True,1.4260803639120545,0.007945655999999999
065-AGT-2026-04-18,AGT,2026-04-18,2026-04-19,2026-04-19T05:14:59+00:00,1776575699999,2026-04-19T05:15:00+00:00,1776575700000,0.013335,1.0,1.0,保护止损,0.6864700202384217,0.10346914078257363,1.4358595560623149,0.03225806451612795,0.3226556368064043,True,True,weak,False,0.025439503619441473,0.0133446
066-SXT-2026-04-20,SXT,2026-04-20,2026-04-21,2026-05-03T09:04:59+00:00,1777799099999,2026-05-03T09:05:00+00:00,1777799100000,0.01562,1.0,1.0,保护止损,0.8084058630557371,0.1478450627386797,4.0887884635472505,0.16666666666666186,0.15873404309674852,True,True,weak,True,0.07886992348440236,0.0156308
067-SPK-2026-04-24,SPK,2026-04-24,2026-04-25,2026-04-25T10:09:59+00:00,1777111799999,2026-04-25T10:10:00+00:00,1777111800000,0.03981,1.0,1.0,保护止损,0.7938635919507324,0.1414707785205953,9.101031405242072,0.0,0.2725268951903197,True,True,weak,True,0.0664673413063479,0.0400016
068-WET-2026-04-23,WET,2026-04-23,2026-04-24,2026-04-27T06:39:59+00:00,1777271999999,2026-04-27T06:40:00+00:00,1777272000000,0.09159,1.0,1.0,保护止损,0.6789631581729128,0.09383351479758473,2.0721320362617837,0.0,0.1660382843272627,True,True,weak,True,0.012121819274694356,0.09183440000000001
069-XVS-2026-04-18,XVS,2026-04-18,2026-04-19,2026-04-29T15:14:59+00:00,1777475699999,2026-04-29T15:15:00+00:00,1777475700000,2.57,1.0,1.0,保护止损,0.5658616359132633,0.08469750889679717,2.581035996488147,0.0,0.5899040751071503,True,True,weak,True,0.0042887776983560055,2.57416
070-STO-2026-04-26,STO,2026-04-26,2026-04-27,2026-05-10T23:59:59+00:00,1778457599999,2026-05-11T00:00:00+00:00,1778457600000,0.08774,1.0,1.0,持有满14天,0.43126984126984647,0.07153439153439156,0.5233750833124151,0.1666666666666795,0.5277102455966262,True,False,weak,True,0.0853336396003217,0.08010439999999999
071-ZETA-2026-04-30,ZETA,2026-04-30,2026-05-01,2026-05-14T23:59:59+00:00,1778803199999,2026-05-15T00:00:00+00:00,1778803200000,0.05609,1.0,1.0,持有满14天,0.73,0.12237871674491396,0.6337168349377789,0.2,0.324996912436705,True,True,weak,True,0.09305508039685262,0.053783199999999996
072-BIO-2026-05-03,BIO,2026-05-03,2026-05-04,2026-05-04T22:54:59+00:00,1777935299999,2026-05-04T22:55:00+00:00,1777935300000,0.05554,1.0,1.0,保护止损,0.707680807366888,0.14406779661016944,2.275467642135232,0.017857142857135997,0.35453397408247717,True,True,weak,True,0.07308201058201069,0.0556416
073-PHA-2026-04-29,PHA,2026-04-29,2026-04-30,2026-05-13T21:09:59+00:00,1778706599999,2026-05-13T21:10:00+00:00,1778706600000,0.03408,0.75,0.75,V2弱趋势分层回撤,0.4,0.1516056758775205,0.9911096764061805,0.0,0.7517253521126761,False,True,weak,True,0.2941365979381443,0.031164160000000003
073-PHA-2026-04-29,PHA,2026-04-29,2026-04-30,2026-05-13T22:04:59+00:00,1778709899999,2026-05-13T22:05:00+00:00,1778709900000,0.03412,0.25,1.0,V2弱趋势分层回撤,0.9,0.15060990789146134,12.079836418580243,0.5,0.8930104498717734,True,True,weak,True,0.2941365979381443,0.031164160000000003
074-FHE-2026-05-06,FHE,2026-05-06,2026-05-07,2026-05-07T12:14:59+00:00,1778156099999,2026-05-07T12:15:00+00:00,1778156100000,0.04684,0.75,0.75,V2弱趋势分层回撤,0.6606291244799946,0.15415162454873643,4.522409643825845,0.09116022099447608,0.38621067305395473,True,False,weak,False,0.3134186818397344,0.04234872
074-FHE-2026-05-06,FHE,2026-05-06,2026-05-07,2026-05-07T14:34:59+00:00,1778164499999,2026-05-07T14:35:00+00:00,1778164500000,0.04213,0.25,1.0,保护止损,0.7653082713754857,0.23953068592057758,4.266336851722947,0.051999999999999366,0.3156086545405218,True,True,weak,False,0.3134186818397344,0.04234872
075-HYPER-2026-05-05,HYPER,2026-05-05,2026-05-06,2026-05-16T10:24:59+00:00,1778927099999,2026-05-16T10:25:00+00:00,1778927100000,0.1018,1.0,1.0,保护止损,0.7526677629016465,0.12730390055722252,3.6579657218740924,0.04545454545454402,0.318523488627634,True,True,weak,True,0.05146926266450347,0.1020648
076-FLOCK-2026-05-08,FLOCK,2026-05-08,2026-05-09,2026-05-12T13:59:59+00:00,1778594399999,2026-05-12T14:00:00+00:00,1778594400000,0.07139,0.75,0.75,V2弱趋势分层回撤,0.7157167666019661,0.15006545281447103,7.46267255245678,0.08695652173913743,0.6665507693521836,True,True,weak,True,0.08355899419729207,0.07134599999999999
076-FLOCK-2026-05-08,FLOCK,2026-05-08,2026-05-09,2026-05-12T14:29:59+00:00,1778596199999,2026-05-12T14:30:00+00:00,1778596200000,0.07123,0.25,1.0,保护止损,0.7116689489859318,0.15161251933833142,2.255127654141052,0.1851851851851652,0.4480711920301163,True,True,weak,True,0.08355899419729207,0.07134599999999999
077-SXT-2026-05-09,SXT,2026-05-09,2026-05-10,2026-05-15T13:59:59+00:00,1778853599999,2026-05-15T14:00:00+00:00,1778853600000,0.01291,0.75,0.75,V2弱趋势分层回撤,0.7364116783203605,0.1579634464751959,4.22359546487176,0.0,0.36116100336726537,True,True,weak,True,0.11175616835994195,0.0126776
077-SXT-2026-05-09,SXT,2026-05-09,2026-05-10,2026-05-15T14:04:59+00:00,1778853899999,2026-05-15T14:05:00+00:00,1778853900000,0.01291,0.25,1.0,V2弱趋势分层回撤,0.9139789231571643,0.1579634464751959,3.7555565214012754,0.4444444444444466,0.2954722038447261,True,True,weak,True,0.11175616835994195,0.0126776
078-JOE-2026-05-11,JOE,2026-05-11,2026-05-12,2026-05-13T14:04:59+00:00,1778681099999,2026-05-13T14:05:00+00:00,1778681100000,0.04815,1.0,1.0,保护止损,0.7008795117894964,0.09121813031161463,5.900143576240119,0.04545454545454402,0.434879126502142,True,True,weak,True,0.010689062798243887,0.0481988
079-SAPIEN-2026-05-13,SAPIEN,2026-05-13,2026-05-14,2026-05-15T14:34:59+00:00,1778855699999,2026-05-15T14:35:00+00:00,1778855700000,0.12055,0.75,0.75,V2强趋势分层回撤,0.7305785362821446,0.1537381537381537,2.7706439072930964,0.2784810126582256,0.4958014634492884,True,True,strong,False,0.18215767634854774,0.11086
079-SAPIEN-2026-05-13,SAPIEN,2026-05-13,2026-05-14,2026-05-18T03:59:59+00:00,1779076799999,2026-05-18T04:00:00+00:00,1779076800000,0.1151,0.25,1.0,V2弱趋势分层回撤,0.8578743493648437,0.191997191997192,1.7497332828578311,0.42857142857140734,0.1723378309271862,True,True,weak,True,0.18215767634854774,0.11086
080-ACX-2026-05-13,ACX,2026-05-13,2026-05-14,2026-05-27T23:59:59+00:00,1779926399999,2026-05-28T00:00:00+00:00,1779926400000,0.04265,1.0,1.0,持有满14天,0.14639889196675873,0.015466297322252909,0.6771654273553814,0.0,0.30087494815266985,False,False,weak,False,0.024840312278211485,0.038888400000000004
081-NEWT-2026-05-12,NEWT,2026-05-12,2026-05-13,2026-05-16T06:44:59+00:00,1778913899999,2026-05-16T06:45:00+00:00,1778913900000,0.07406,1.0,1.0,保护止损,0.8035041666693132,0.11785714285714288,6.038608426559257,0.09090909090909664,0.14875686843914085,True,True,weak,True,0.03678104171809449,0.07453839999999999
082-TOWNS-2026-05-16,TOWNS,2026-05-16,2026-05-17,2026-05-20T00:24:59+00:00,1779236699999,2026-05-20T00:25:00+00:00,1779236700000,0.003299,0.75,0.75,V2中性趋势分层回撤,0.8057971014492761,0.1539250897896357,41.079322157882096,0.01449275362319032,0.3205676678515537,True,True,neutral,False,0.27012056044314114,0.003081276
082-TOWNS-2026-05-16,TOWNS,2026-05-16,2026-05-17,2026-05-20T12:04:59+00:00,1779278699999,2026-05-20T12:05:00+00:00,1779278700000,0.003274,0.25,1.0,V2弱趋势分层回撤,0.9142449193074009,0.16033863519753722,2.68101634717483,0.5000000000000216,0.09924950050520984,True,True,weak,True,0.27012056044314114,0.003081276
083-EDU-2026-05-17,EDU,2026-05-17,2026-05-18,2026-05-31T23:59:59+00:00,1780271999999,2026-06-01T00:00:00+00:00,1780272000000,0.04572,1.0,1.0,持有满14天,0.47951881554595954,0.0598396051819865,0.5998136513683314,0.5555555555555727,0.8619082702362036,False,True,weak,True,0.11921749136938997,0.039974
084-TNSR-2026-05-15,TNSR,2026-05-15,2026-05-16,2026-05-28T03:29:59+00:00,1779938999999,2026-05-28T03:30:00+00:00,1779939000000,0.03608,1.0,1.0,保护止损,0.7523472076798324,0.09616829451540199,4.000240315420592,0.058823529411762304,0.2985161414263712,True,True,weak,True,0.015772068176036713,0.036165199999999995
085-COOKIE-2026-05-19,COOKIE,2026-05-19,2026-05-20,2026-05-22T08:24:59+00:00,1779438299999,2026-05-22T08:25:00+00:00,1779438300000,0.01572,1.0,1.0,保护止损,0.8444419069981137,0.17097625329815325,49.3007885595843,0.12499999999999901,0.3583371395028288,True,True,weak,True,0.10046457607433235,0.0158424
086-FIDA-2026-05-21,FIDA,2026-05-21,2026-05-22,2026-05-22T02:49:59+00:00,1779418199999,2026-05-22T02:50:00+00:00,1779418200000,0.0372,1.0,1.0,保护止损,0.5390065292621155,0.08552469894322923,0.7478682805480927,0.08108108108106943,0.5095801644424219,True,True,weak,False,0.0007378258730939002,0.0374072
087-PROM-2026-05-19,PROM,2026-05-19,2026-05-20,2026-05-29T02:24:59+00:00,1780021499999,2026-05-29T02:25:00+00:00,1780021500000,1.018,0.75,0.75,V2弱趋势分层回撤,0.7631474997539678,0.15179316096747297,5.679585804248444,0.0,0.30060449329238725,True,True,weak,True,0.11224489795918369,0.9917600000000001
087-PROM-2026-05-19,PROM,2026-05-19,2026-05-20,2026-05-29T02:34:59+00:00,1780022099999,2026-05-29T02:35:00+00:00,1780022100000,1.002,0.25,1.0,V2弱趋势分层回撤,0.8783054828664717,0.16430358632193498,6.38000390217419,0.37499999999999134,0.41362648817833947,True,True,weak,True,0.11224489795918369,0.9917600000000001
088-AWE-2026-05-23,AWE,2026-05-23,2026-05-24,2026-06-06T23:59:59+00:00,1780790399999,2026-06-07T00:00:00+00:00,1780790400000,0.05238,1.0,1.0,持有满14天,0.4823168386081147,0.08410561286938267,0.042932660635956105,0.19999999999991674,0.6739520958083832,True,False,weak,True,0.16857376379239897,0.0450248
089-HFT-2026-05-23,HFT,2026-05-23,2026-05-24,2026-05-25T03:14:59+00:00,1779678899999,2026-05-25T03:15:00+00:00,1779678900000,0.01125,1.0,1.0,保护止损,0.6423365151125714,0.08462164361269331,8.37806827399576,0.0,0.6799508415896262,True,True,weak,True,0.0040849673202616454,0.0112608
090-NXPC-2026-05-23,NXPC,2026-05-23,2026-05-24,2026-06-05T23:34:59+00:00,1780702499999,2026-06-05T23:35:00+00:00,1780702500000,0.3734,0.75,0.75,V2弱趋势分层回撤,0.8007402573045621,0.1557766222021253,12.401361550984165,0.03278688524590716,0.36856174519070123,True,True,weak,True,0.25939635535307515,0.3526048
090-NXPC-2026-05-23,NXPC,2026-05-23,2026-05-24,2026-06-06T04:14:59+00:00,1780719299999,2026-06-06T04:15:00+00:00,1780719300000,0.3616,0.25,1.0,V2弱趋势分层回撤,0.8590106733853341,0.18200316527243954,2.0022274895050973,0.6206896551723999,0.40432450935645825,True,True,weak,True,0.25939635535307515,0.3526048
091-TOSHI-2026-05-26,TOSHI,2026-05-26,2026-05-27,2026-06-02T15:29:59+00:00,1780414199999,2026-06-02T15:30:00+00:00,1780414200000,0.0001417,1.0,1.0,保护止损,0.6570087770642773,0.11041405269761606,2.993018273680098,0.052631578947369924,0.47819038966318594,True,True,weak,True,0.023763648041104757,0.000143244
092-VANRY-2026-05-27,VANRY,2026-05-27,2026-05-28,2026-05-29T11:09:59+00:00,1780052999999,2026-05-29T11:10:00+00:00,1780053000000,0.004263,1.0,1.0,保护止损,0.7083416606625821,0.08603304012014601,2.3918979750251905,0.18918918918918062,0.3983667995669182,True,True,weak,True,0.003660637381567744,0.0042724799999999995
093-BIO-2026-05-26,BIO,2026-05-26,2026-05-27,2026-05-28T03:19:59+00:00,1779938399999,2026-05-28T03:20:00+00:00,1779938400000,0.03005,1.0,1.0,保护止损,0.7636542310358218,0.12335958005249348,19.5465951854886,0.039473684210529256,0.42820286397258484,True,True,weak,True,0.040983606557377206,0.030304799999999996
094-AIXBT-2026-06-02,AIXBT,2026-06-02,2026-06-03,2026-06-04T02:04:59+00:00,1780538699999,2026-06-04T02:05:00+00:00,1780538700000,0.02316,1.0,1.0,保护止损,0.7957445892712441,0.17928571428571427,17.20003877449896,0.030150753768843012,0.37447356835443957,True,True,weak,True,0.07444359171143522,0.0239752
095-SKL-2026-06-03,SKL,2026-06-03,2026-06-04,2026-06-04T02:04:59+00:00,1780538699999,2026-06-04T02:05:00+00:00,1780538700000,0.00483,1.0,1.0,保护止损,0.7871492157026645,0.0955056179775281,9.63670222157563,0.03846153846154013,0.368512279263581,True,True,weak,True,0.015209125475285301,0.0048392
096-STO-2026-06-04,STO,2026-06-04,2026-06-05,2026-06-05T06:14:59+00:00,1780640099999,2026-06-05T06:15:00+00:00,1780640100000,0.05643,1.0,1.0,保护止损,0.6874377029637664,0.10683760683760679,3.0198822999132746,0.054794520547942864,0.4347179116258861,True,True,weak,False,0.027150056901316777,0.0565892
097-PHA-2026-06-06,PHA,2026-06-06,2026-06-07,2026-06-20T23:59:59+00:00,1781999999999,2026-06-21T00:00:00+00:00,1782000000000,0.03732,1.0,1.0,持有满14天,0.38946360153256654,0.04648786717752218,0.8137782065069394,0.0,0.3470399401068548,True,False,strong,False,0.25722543352601135,0.031264560000000004
098-SXT-2026-06-06,SXT,2026-06-06,2026-06-07,2026-06-10T11:34:59+00:00,1781091299999,2026-06-10T11:35:00+00:00,1781091300000,0.007664,1.0,1.0,保护止损,0.612238711444852,0.12710706150341688,1.1589042351799566,0.13157894736841624,0.5361969206475773,True,True,weak,True,0.052757793764987904,0.0076728000000000005
099-FIDA-2026-06-08,FIDA,2026-06-08,2026-06-09,2026-06-10T17:24:59+00:00,1781112299999,2026-06-10T17:25:00+00:00,1781112300000,0.02121,0.75,0.75,V2弱趋势分层回撤,0.5843692953538202,0.15058069683620345,2.995300945921001,0.03225806451612759,0.29532876805574015,False,True,weak,True,0.09565598946906517,0.0209668
099-FIDA-2026-06-08,FIDA,2026-06-08,2026-06-09,2026-06-10T17:44:59+00:00,1781113499999,2026-06-10T17:45:00+00:00,1781113500000,0.02094,0.25,1.0,保护止损,0.7466520728564681,0.16099319183019623,1.1828197866314603,0.21428571428570367,0.2500972160212003,True,True,weak,True,0.09565598946906517,0.0209668
100-BLUR-2026-06-06,BLUR,2026-06-06,2026-06-07,2026-06-18T07:04:59+00:00,1781766299999,2026-06-18T07:05:00+00:00,1781766300000,0.01613,0.75,0.75,V2弱趋势分层回撤,0.5762430643402965,0.1633817427385892,886.1275678870809,0.0,0.4606354034895552,False,True,weak,True,0.15449101796407172,0.015364
100-BLUR-2026-06-06,BLUR,2026-06-06,2026-06-07,2026-06-18T07:44:59+00:00,1781768699999,2026-06-18T07:45:00+00:00,1781768700000,0.01627,0.25,1.0,V2弱趋势分层回撤,0.9,0.15612033195020747,19.269595343905063,0.5833333333333285,0.5215322107718184,True,True,weak,True,0.15449101796407172,0.015364
101-EDU-2026-06-09,EDU,2026-06-09,2026-06-10,2026-06-23T08:19:59+00:00,1782202799999,2026-06-23T08:20:00+00:00,1782202800000,0.02744,0.75,0.75,V2弱趋势分层回撤,0.7999999999999999,0.15651906519065195,20.403641815928072,0.0,0.26440204487150576,True,True,weak,True,0.2008862629246677,0.02718832
101-EDU-2026-06-09,EDU,2026-06-09,2026-06-10,2026-06-23T08:24:59+00:00,1782203099999,2026-06-23T08:25:00+00:00,1782203100000,0.02739,0.25,1.0,V2弱趋势分层回撤,0.8581960991397727,0.15682656826568264,5.26389633166074,0.5600000000000045,0.5482288363216065,True,True,weak,True,0.2008862629246677,0.02718832
102-USUAL-2026-06-10,USUAL,2026-06-10,2026-06-11,2026-06-24T15:44:59+00:00,1782315899999,2026-06-24T15:45:00+00:00,1782315900000,0.00921,0.75,0.75,V2弱趋势分层回撤,0.7614632517294219,0.15426997245179075,5.534626840101612,0.0,0.28514986334541387,True,True,weak,True,0.16098081023454158,0.0086296
102-USUAL-2026-06-10,USUAL,2026-06-10,2026-06-11,2026-06-24T16:04:59+00:00,1782317099999,2026-06-24T16:05:00+00:00,1782317100000,0.00917,0.25,1.0,V2弱趋势分层回撤,0.9409102177508742,0.1579430670339762,4.037087090154962,0.6000000000000139,0.34618921814876996,True,True,weak,True,0.16098081023454158,0.0086296
103-FLOCK-2026-06-13,FLOCK,2026-06-13,2026-06-14,2026-06-18T11:44:59+00:00,1781783099999,2026-06-18T11:45:00+00:00,1781783100000,0.03902,1.0,1.0,保护止损,0.6596974575314714,0.09529329932761421,4.010773850586373,0.08333333333332851,0.527208802327052,True,True,weak,True,0.01601884570082457,0.039054
104-SAPIEN-2026-06-17,SAPIEN,2026-06-17,2026-06-18,2026-06-26T12:44:59+00:00,1782477899999,2026-06-26T12:45:00+00:00,1782477900000,0.07682,0.75,0.75,V2弱趋势分层回撤,0.5499999999999999,0.15016045147726031,24.985400635596637,0.0,0.5902893815937295,False,True,weak,True,0.13019009504752388,0.07356320000000001
104-SAPIEN-2026-06-17,SAPIEN,2026-06-17,2026-06-18,2026-06-27T04:04:59+00:00,1782533099999,2026-06-27T04:05:00+00:00,1782533100000,0.07506,0.25,1.0,V2弱趋势分层回撤,0.8752551797328905,0.16941462874847846,7.506518719351978,0.48484848484846954,0.8730586236572565,True,True,weak,True,0.13019009504752388,0.07356320000000001
105-ZEREBRO-2026-06-19,ZEREBRO,2026-06-19,2026-06-20,2026-06-20T05:09:59+00:00,1781932199999,2026-06-20T05:10:00+00:00,1781932200000,0.041083,1.0,1.0,保护止损,0.6300175749518213,0.08829992674968379,2.9232412816054185,0.11309523809523779,0.5074653665928586,True,True,weak,True,0.005961950696677487,0.04120128
106-TA-2026-06-16,TA,2026-06-16,2026-06-17,2026-06-27T19:34:59+00:00,1782588899999,2026-06-27T19:35:00+00:00,1782588900000,0.07328,0.75,0.75,V2弱趋势分层回撤,0.7767527407972776,0.15017975182651055,2.6991384912765994,0.1551724137930919,0.16421983232290804,True,True,weak,True,0.161972779948794,0.06827319999999999
106-TA-2026-06-16,TA,2026-06-16,2026-06-17,2026-06-27T19:39:59+00:00,1782589199999,2026-06-27T19:40:00+00:00,1782589200000,0.0732,0.25,1.0,V2弱趋势分层回撤,0.9285557663396936,0.15099153426881595,4.1374081418406625,0.4651162790697809,0.3009223085907608,True,True,weak,True,0.161972779948794,0.06827319999999999
107-WET-2026-06-23,WET,2026-06-23,2026-06-24,2026-07-06T08:34:59+00:00,1783326899999,2026-07-06T08:35:00+00:00,1783326900000,0.06129,0.75,0.75,V2弱趋势分层回撤,0.7925847947379936,0.15375051802735173,8.924117878833169,0.0,0.320326297455635,True,True,weak,True,0.27267932489451474,0.05710752
107-WET-2026-06-23,WET,2026-06-23,2026-06-24,2026-07-06T08:39:59+00:00,1783327199999,2026-07-06T08:40:00+00:00,1783327200000,0.0613,0.25,1.0,V2弱趋势分层回撤,0.9,0.1533360961458765,14.208855857936713,0.6956521739130421,0.5502559797128667,True,True,weak,True,0.27267932489451474,0.05710752
108-USUAL-2026-06-21,USUAL,2026-06-21,2026-06-22,2026-06-24T16:54:59+00:00,1782320099999,2026-06-24T16:55:00+00:00,1782320100000,0.00896,1.0,1.0,保护止损,0.8001338669254614,0.13583815028901736,21.82953290666972,0.03703703703703561,0.37202142183402925,True,True,weak,True,0.04742684157416743,0.0091172
109-MUBARAK-2026-06-21,MUBARAK,2026-06-21,2026-06-22,2026-06-24T16:54:59+00:00,1782320099999,2026-06-24T16:55:00+00:00,1782320100000,0.00968,1.0,1.0,保护止损,0.8116652846960778,0.11850501367365551,23.840371239268865,0.03846153846153692,0.35557899603280546,True,True,weak,True,0.03101503759398505,0.0097888
110-ID-2026-06-24,ID,2026-06-24,2026-06-25,2026-06-26T02:14:59+00:00,1782440099999,2026-06-26T02:15:00+00:00,1782440100000,0.03729,0.75,0.75,V2强趋势分层回撤,0.7291296623543545,0.15204545454545448,2.3763014519414014,0.10752688172043316,0.3803994805083874,True,True,strong,False,0.1597258829731154,0.0349048
110-ID-2026-06-24,ID,2026-06-24,2026-06-25,2026-06-28T00:29:59+00:00,1782606599999,2026-06-28T00:30:00+00:00,1782606600000,0.03682,0.25,1.0,V2弱趋势分层回撤,0.8770954508742461,0.16295454545454535,3.966523154351721,0.3902439024390248,0.37814541375676636,True,True,weak,True,0.1597258829731154,0.0349048
111-AIOT-2026-06-26,AIOT,2026-06-26,2026-06-27,2026-06-30T07:39:59+00:00,1782805199999,2026-06-30T07:40:00+00:00,1782805200000,0.04744,0.75,0.75,V2弱趋势分层回撤,0.793961270618402,0.15826827537260468,39.214242296240585,0.00471698113207365,0.36188828275164125,True,True,weak,True,0.12923261871368452,0.045917200000000005
111-AIOT-2026-06-26,AIOT,2026-06-26,2026-06-27,2026-07-07T22:14:59+00:00,1783462499999,2026-07-07T22:15:00+00:00,1783462500000,0.05235,0.25,1.0,V2弱趋势分层回撤,0.872358393674513,0.1568690610404252,6.082630383118748,0.47916666666666,0.4803829805504272,True,True,weak,True,0.24403927068723696,0.050109640000000004
112-SXT-2026-06-27,SXT,2026-06-27,2026-06-28,2026-07-07T20:54:59+00:00,1783457699999,2026-07-07T20:55:00+00:00,1783457700000,0.006662,0.75,0.75,V2弱趋势分层回撤,0.8061713869782379,0.15146496815286614,7.3336200218492404,0.0659340659340652,0.34661940914921935,True,True,weak,True,0.15764636484294337,0.00623852
112-SXT-2026-06-27,SXT,2026-06-27,2026-06-28,2026-07-08T02:19:59+00:00,1783477199999,2026-07-08T02:20:00+00:00,1783477200000,0.006543,0.25,1.0,V2弱趋势分层回撤,0.857726208856319,0.16636942675159228,1.9946934922944677,0.5454545454545383,0.4058828251418528,True,True,weak,True,0.15764636484294337,0.00623852
113-GMT-2026-06-29,GMT,2026-06-29,2026-06-30,2026-07-13T23:59:59+00:00,1783987199999,2026-07-14T00:00:00+00:00,1783987200000,0.00743,1.0,1.0,持有满14天,0.4,0.11031175059952036,0.8204443141152002,0.0,0.01311853008922189,False,False,weak,True,0.09881422924901173,0.006982800000000001
114-VANRY-2026-07-01,VANRY,2026-07-01,2026-07-02,2026-07-03T06:09:59+00:00,1783058999999,2026-07-03T06:10:00+00:00,1783059000000,0.002856,1.0,1.0,保护止损,0.5147106981102284,0.09876932786367931,23.950208805662225,0.049999999999998046,0.42739592822121314,False,False,weak,True,0.0022137887413029578,0.00290904
115-PIPPIN-2026-07-07,PIPPIN,2026-07-07,2026-07-08,2026-07-13T18:44:59+00:00,1783968299999,2026-07-13T18:45:00+00:00,1783968300000,0.01588,0.75,0.75,V2弱趋势分层回撤,0.7473431764965065,0.15523657628920784,18.63612644568267,0.0,0.4289852352552402,True,True,weak,True,0.11170212765957444,0.015566400000000001
115-PIPPIN-2026-07-07,PIPPIN,2026-07-07,2026-07-08,2026-07-21T23:59:59+00:00,1784678399999,2026-07-22T00:00:00+00:00,1784678400000,0.01715,0.25,1.0,持有满14天,0.26475279106858074,0.08825093035619358,0.7214911148245996,0.0,0.6947312970062041,False,False,strong,False,0.11170212765957444,0.015566400000000001
116-C98-2026-07-06,C98,2026-07-06,2026-07-07,2026-07-20T23:59:59+00:00,1784591999999,2026-07-21T00:00:00+00:00,1784592000000,0.01296,1.0,1.0,持有满14天,0.3,0.1005547850208044,0.7143228412525153,0.0,0.91997920997921,False,False,neutral,False,0.09242424242424252,0.012144
117-STO-2026-07-04,STO,2026-07-04,2026-07-05,2026-07-08T09:49:59+00:00,1783504199999,2026-07-08T09:50:00+00:00,1783504200000,0.04379,1.0,1.0,保护止损,0.7812551549871619,0.12554890219560877,12.78000597052137,0.06666666666666435,0.41811726751925565,True,True,weak,True,0.05163727959697728,0.0438288
118-SKL-2026-07-10,SKL,2026-07-10,2026-07-11,2026-07-11T11:19:59+00:00,1783768799999,2026-07-11T11:20:00+00:00,1783768800000,0.004818,0.75,0.75,V2强趋势分层回撤,0.7063651303648713,0.15695538057742775,2.939573301587992,0.007407407407401982,0.3752607151111855,True,True,strong,False,0.17327037569287596,0.0044813200000000004
118-SKL-2026-07-10,SKL,2026-07-10,2026-07-11,2026-07-11T21:29:59+00:00,1783805399999,2026-07-11T21:30:00+00:00,1783805400000,0.004679,0.25,1.0,V2弱趋势分层回撤,0.8627208916461593,0.1811023622047243,1.5774448897878783,0.5,0.37545835651931814,True,True,weak,True,0.17327037569287596,0.0044813200000000004
119-XPIN-2026-07-11,XPIN,2026-07-11,2026-07-12,2026-07-13T11:54:59+00:00,1783943699999,2026-07-13T11:55:00+00:00,1783943700000,0.001751,1.0,1.0,保护止损,0.8197530864197525,0.17925856405443463,35.52526175118879,0.0493827160493813,0.3368616362150697,True,True,weak,False,0.08392675483214651,0.0018087199999999998
120-JOE-2026-07-08,JOE,2026-07-08,2026-07-09,2026-07-22T23:59:59+00:00,1784764799999,2026-07-23T00:00:00+00:00,1784764800000,0.02814,1.0,1.0,持有满14天,0.40928909384246215,0.03860608131192356,3.088912925905895,0.3000000000000243,0.9790244073256995,False,True,weak,False,0.0379432624113476,0.025944
121-PROMPT-2026-07-14,PROMPT,2026-07-14,2026-07-15,2026-07-28T23:59:59+00:00,1785283199999,2026-07-29T00:00:00+00:00,1785283200000,0.02031,1.0,1.0,持有满14天,0.5566756725611846,0.06749311294765836,1.0665360954174514,0.24999999999997832,0.7606957537174984,True,True,weak,True,0.09833585476550688,0.0182436
122-C98-2026-07-17,C98,2026-07-17,2026-07-18,2026-07-27T22:44:59+00:00,1785192299999,2026-07-27T22:45:00+00:00,1785192300000,0.01193,1.0,1.0,保护止损,0.7999999999999999,0.11760355029585812,73.91874637260592,0.0,0.30913632380490996,True,True,weak,True,0.03442999234889066,0.0120244
123-SKYAI-2026-07-14,SKYAI,2026-07-14,2026-07-15,2026-07-17T07:54:59+00:00,1784274899999,2026-07-17T07:55:00+00:00,1784274900000,0.03097,0.75,0.75,V2强趋势分层回撤,0.7069681295997201,0.15340442986054137,1.323497162497607,0.0967741935483833,0.2778071308393088,True,True,strong,False,0.1900423039375203,0.0282716
123-SKYAI-2026-07-14,SKYAI,2026-07-14,2026-07-15,2026-07-17T21:39:59+00:00,1784324399999,2026-07-17T21:40:00+00:00,1784324400000,0.02908,0.25,1.0,V2弱趋势分层回撤,0.85,0.2045392398140552,0.9124933126296697,0.6249999999999729,0.28588639475481104,True,True,weak,True,0.1900423039375203,0.0282716
124-VANRY-2026-07-15,VANRY,2026-07-15,2026-07-16,2026-07-18T09:54:59+00:00,1784368499999,2026-07-18T09:55:00+00:00,1784368500000,0.005158,0.75,0.75,V2弱趋势分层回撤,0.75,0.15010710166419505,0.387978134263628,0.5333333333333372,0.5478792598752701,True,True,weak,True,0.10647219690063792,0.005046200000000001
124-VANRY-2026-07-15,VANRY,2026-07-15,2026-07-16,2026-07-18T11:04:59+00:00,1784372699999,2026-07-18T11:05:00+00:00,1784372700000,0.005045,0.25,1.0,保护止损,0.7656344553045671,0.16889108584610313,3.9184886297742785,0.06666666666667438,0.28684661567377256,True,True,weak,True,0.10647219690063792,0.005046200000000001
125-AIOT-2026-07-21,AIOT,2026-07-21,2026-07-22,2026-07-27T22:54:59+00:00,1785192899999,2026-07-27T22:55:00+00:00,1785192900000,0.04617,1.0,1.0,保护止损,0.7999999999999999,0.1513145798860085,20.725104743558873,0.0,0.3336003985530146,True,True,weak,True,0.06940621313409356,0.046791200000000005
126-FLOCK-2026-07-19,FLOCK,2026-07-19,2026-07-20,2026-07-28T00:09:59+00:00,1785197399999,2026-07-28T00:10:00+00:00,1785197400000,0.029,1.0,1.0,保护止损,0.7267183794249584,0.12759554619319902,4.440634641132499,0.023809523809522826,0.39488327971353115,True,True,weak,True,0.04958938723941886,0.0291272
127-NEWT-2026-07-21,NEWT,2026-07-21,2026-07-22,2026-07-27T16:19:59+00:00,1785169199999,2026-07-27T16:20:00+00:00,1785169200000,0.04148,1.0,1.0,保护止损,0.7163671157224741,0.1263956182852327,3.2078433281898397,0.0,0.36434728496089347,True,True,weak,True,0.04767159567424395,0.041685200000000006
128-C98-2026-07-29,C98,2026-07-29,2026-07-30,,,2026-08-03T23:59:59+00:00,1785801599999,0.01245,1.0,1.0,数据截止日强制估值,,,,,,,,,,,0.0103868
129-COOKIE-2026-07-29,COOKIE,2026-07-29,2026-07-30,,,2026-08-03T23:59:59+00:00,1785801599999,0.00774,1.0,1.0,数据截止日强制估值,,,,,,,,,,,0.0069184
