case_id,symbol,signal_date,entry_date,fold_month,train_completed,train_rank_rows,xsec_score,f7c_share,signal_range_pct,market_median_return_7d,market_positive_breadth_7d,completed,target_return_2x,xsec_rank_pct,classifier_score,classifier_rank_pct
074-SXT-2026-01-31,SXT,2026-01-31,2026-02-01,2026-02,67,59,-0.0019667423280725874,0.025553685126038048,0.21500605082694646,-0.1857454898470997,0.07692307692307693,True,-0.19774229483847003,1.0,0.9047040188855292,1.0
075-ZORA-2026-02-01,ZORA,2026-02-01,2026-02-02,2026-02,67,59,0.11288570032980487,0.0030125620717366686,0.9073236889692584,-0.1649335644136336,0.05325443786982249,True,-0.08735996896819244,1.0,0.5829449247105818,0.0
076-IOST-2026-02-01,IOST,2026-02-01,2026-02-02,2026-02,67,59,0.05373358699792203,0.001095347508305245,0.08142116950407119,-0.1649335644136336,0.05325443786982249,True,-0.16796823104693145,0.5,0.7504428428746671,1.0
077-C98-2026-02-01,C98,2026-02-01,2026-02-02,2026-02,67,59,-0.17251951431194468,0.0010322444942013932,0.6157894736842107,-0.1649335644136336,0.05325443786982249,True,0.5347268041237113,0.0,0.6793751183745638,0.5
078-TOSHI-2026-02-02,TOSHI,2026-02-02,2026-02-03,2026-02,67,59,-0.0019667423280725874,0.0017508157969000834,0.1109969167523126,-0.16647068704854695,0.05917159763313609,True,-0.1704761003312826,1.0,0.7240566383232101,1.0
079-ACU-2026-02-03,ACU,2026-02-03,2026-02-04,2026-02,67,59,-0.0019667423280725874,0.003458198989349228,0.2326093128904032,-0.19692737430167584,0.04142011834319527,True,-0.0017617202150271825,1.0,0.9269149137502121,1.0
080-RIVER-2026-02-04,RIVER,2026-02-04,2026-02-05,2026-02,67,59,0.07979426883806622,0.01751538787340989,0.48061293599729105,-0.19327251995439,0.047337278106508875,True,-0.1743333333333332,1.0,0.9469218895912892,1.0
081-C98-2026-02-04,C98,2026-02-04,2026-02-05,2026-02,67,59,-0.0837277534942114,0.0021746824002147865,0.18942731277533031,-0.19327251995439,0.047337278106508875,False,,0.0,0.8290025366840814,0.0
082-KMNO-2026-02-06,KMNO,2026-02-06,2026-02-07,2026-02,67,59,-0.0034036636048500285,0.004893557416428058,0.2614770459081839,-0.1804697156983931,0.07100591715976332,True,-0.16724511374559461,0.0,0.9295034675198637,1.0
083-USELESS-2026-02-06,USELESS,2026-02-06,2026-02-07,2026-02,67,59,-0.0027585114094423216,0.0017363252336149706,0.39752457226064797,-0.1804697156983931,0.07100591715976332,True,-0.17687492925863083,0.5,0.8722024413131058,0.5
084-MELANIA-2026-02-06,MELANIA,2026-02-06,2026-02-07,2026-02,67,59,0.0002619480300745879,0.0010652994642741764,0.25862068965517215,-0.1804697156983931,0.07100591715976332,True,-0.17497753679318342,1.0,0.8158959488351343,0.0
085-ELSA-2026-02-07,ELSA,2026-02-07,2026-02-08,2026-02,67,59,0.07979426883806622,0.004409984384499015,0.12670957361222857,-0.09007869589657114,0.17751479289940827,True,0.08552287166454883,1.0,0.23418308669230722,1.0
086-TOSHI-2026-02-07,TOSHI,2026-02-07,2026-02-08,2026-02,67,59,-0.0837277534942114,0.0013155628472569108,0.08790623335109204,-0.09007869589657114,0.17751479289940827,True,-0.15592794647452396,0.0,0.11819247148398858,0.0
087-DUSK-2026-02-09,DUSK,2026-02-09,2026-02-10,2026-02,67,59,-0.0019667423280725874,0.0011688583620972387,0.31733553992552754,-0.11503496503496513,0.15976331360946747,True,-0.1409626787913233,1.0,0.22920878381924156,1.0
088-MAGIC-2026-02-11,MAGIC,2026-02-11,2026-02-12,2026-02,67,59,-0.10965349347596524,0.0017248123841338255,0.11111111111111094,-0.11015325670498077,0.1834319526627219,True,0.020545414847161603,0.0,0.13835814992944823,0.25
089-TNSR-2026-02-11,TNSR,2026-02-11,2026-02-12,2026-02,67,59,0.1471430698041023,0.0017209544785962542,0.629584649016274,-0.11015325670498077,0.1834319526627219,True,-0.002506074411541231,1.0,0.14217829319517086,0.5
090-PROM-2026-02-11,PROM,2026-02-11,2026-02-12,2026-02,67,59,-0.024882923739242387,0.001471666333640626,0.08746618575293064,-0.11015325670498077,0.1834319526627219,True,0.34046134453781496,0.5,0.23082668592396036,1.0
091-AWE-2026-02-11,AWE,2026-02-11,2026-02-12,2026-02,67,59,-0.07395520075051432,0.0013408302462356487,0.09337197580645151,-0.11015325670498077,0.1834319526627219,True,0.057100158208591795,0.25,0.13668155921819772,0.0
092-FLOCK-2026-02-11,FLOCK,2026-02-11,2026-02-12,2026-02,67,59,0.05151483652125668,0.0010689298290509068,0.12064156206415633,-0.11015325670498077,0.1834319526627219,True,-0.17301112877583458,0.75,0.19512725018266183,0.75
093-POPCAT-2026-02-12,POPCAT,2026-02-12,2026-02-13,2026-02,67,59,-0.07733312793802653,0.00186448123125934,0.057370184254606604,0.07442909500986739,0.8402366863905325,True,0.15713669064748198,0.0,0.6352385473803742,1.0
094-TOWNS-2026-02-12,TOWNS,2026-02-12,2026-02-13,2026-02,67,59,0.07339964328188135,0.0015551122591502056,0.07158469945355184,0.07442909500986739,0.8402366863905325,True,0.07091948931735295,1.0,0.5828519152102833,0.0
095-RECALL-2026-02-13,RECALL,2026-02-13,2026-02-14,2026-02,67,59,0.06596869661822616,0.0021565697329617435,0.20775510204081638,-0.004682622268470271,0.48520710059171596,True,0.03674428044280454,1.0,0.015656966311253753,0.0
096-SKL-2026-02-13,SKL,2026-02-13,2026-02-14,2026-02,67,59,-0.005330888737021084,0.0021134284294321024,0.13731825525040398,-0.004682622268470271,0.48520710059171596,True,-0.07337117903930152,0.3333333333333333,0.028735598228600202,0.3333333333333333
097-FLOCK-2026-02-13,FLOCK,2026-02-13,2026-02-14,2026-02,67,59,0.02668678176543663,0.00134694325733749,0.10416315523344011,-0.004682622268470271,0.48520710059171596,False,,0.6666666666666666,0.07746122247123724,1.0
098-KERNEL-2026-02-13,KERNEL,2026-02-13,2026-02-14,2026-02,67,59,-0.09519155895893207,0.0011342370905942569,0.08672258268713406,-0.004682622268470271,0.48520710059171596,True,-0.1388756248162302,0.0,0.03196390284630234,0.6666666666666666
099-IOST-2026-02-14,IOST,2026-02-14,2026-02-15,2026-02,67,59,0.08265369351794892,0.12797163795190125,0.03434816549570652,0.04990925589836648,0.757396449704142,True,-0.1736999238385375,0.6666666666666666,0.6180627770537727,0.6666666666666666
100-PIPPIN-2026-02-14,PIPPIN,2026-02-14,2026-02-15,2026-02,67,59,0.20358331903390975,0.0030747280879353466,0.2938726948245092,0.04990925589836648,0.757396449704142,True,-0.17498406758519017,1.0,0.9770447198555375,1.0
101-TRADOOR-2026-02-14,TRADOOR,2026-02-14,2026-02-15,2026-02,67,59,-0.24588625782969503,0.0012091690008094456,0.12064965197215782,0.04990925589836648,0.757396449704142,True,-0.07954380883417816,0.0,0.18945491608225473,0.0
102-ZORA-2026-02-14,ZORA,2026-02-14,2026-02-15,2026-02,67,59,-0.04821772403445398,0.001103685494800355,0.0409492787342951,0.04990925589836648,0.757396449704142,True,-0.12137823129251711,0.3333333333333333,0.4291666256980744,0.3333333333333333
103-COOKIE-2026-02-15,COOKIE,2026-02-15,2026-02-16,2026-02,67,59,0.05569954027388554,0.0033836297275851436,0.11028632025450702,0.024136299100804726,0.6390532544378699,True,-0.16992199687987514,1.0,0.11225396958459267,0.6666666666666666
104-WET-2026-02-15,WET,2026-02-15,2026-02-16,2026-02,67,59,-0.03681477972900716,0.0019742400227037785,0.10592055958031454,0.024136299100804726,0.6390532544378699,True,-0.06009976798143859,0.3333333333333333,0.14207564482026563,1.0
105-TOSHI-2026-02-15,TOSHI,2026-02-15,2026-02-16,2026-02,67,59,-0.05854469294774197,0.001922393700290063,0.16291877007801725,0.024136299100804726,0.6390532544378699,True,-0.16700489541611013,0.0,0.0660070982563683,0.3333333333333333
106-EUL-2026-02-15,EUL,2026-02-15,2026-02-16,2026-02,67,59,0.03179296309057322,0.0012156171645581971,0.4134897360703813,0.024136299100804726,0.6390532544378699,True,-0.16782529572338512,0.6666666666666666,0.038952836330688224,0.0
107-FIGHT-2026-02-18,FIGHT,2026-02-18,2026-02-19,2026-02,67,59,-0.035021609508572,0.003418082270590343,0.12100786390627505,0.008353901651794171,0.5739644970414202,True,-0.02824728219261986,0.0,0.10523411009743935,1.0
108-FLOCK-2026-02-18,FLOCK,2026-02-18,2026-02-19,2026-02,67,59,0.031088124852426822,0.0013750599305443992,0.13793691389599316,0.008353901651794171,0.5739644970414202,False,,1.0,0.09212420402357836,0.0
109-AWE-2026-02-20,AWE,2026-02-20,2026-02-21,2026-02,67,59,-0.03406581464057117,0.02236332448373864,0.13411181882519463,-0.03540185893931125,0.2781065088757396,True,-0.16799118793424847,0.0,0.04424747410987177,0.0
110-ANIME-2026-02-20,ANIME,2026-02-20,2026-02-21,2026-02,67,59,-0.01354351072592843,0.011381116305148072,0.05538524422644597,-0.03540185893931125,0.2781065088757396,True,-0.1714587588373919,0.6666666666666666,0.06614015966651775,0.3333333333333333
111-JOE-2026-02-20,JOE,2026-02-20,2026-02-21,2026-02,67,59,-0.03272130848252377,0.0016616365554741747,0.04156976744186047,-0.03540185893931125,0.2781065088757396,True,-0.12074944071588353,0.3333333333333333,0.07137861956846467,0.6666666666666666
112-ICNT-2026-02-20,ICNT,2026-02-20,2026-02-21,2026-02,67,59,0.07246366453673304,0.0013376281993817607,0.110815838426787,-0.03540185893931125,0.2781065088757396,True,-0.16983783783783774,1.0,0.11223424520583723,1.0
113-BIO-2026-02-21,BIO,2026-02-21,2026-02-22,2026-02,67,59,-0.0019667423280725874,0.003444121327874814,0.1616915422885572,-0.08650656759984099,0.14201183431952663,True,-0.16790442726633883,1.0,0.06719873216168025,1.0
114-USUAL-2026-02-22,USUAL,2026-02-22,2026-02-23,2026-02,67,59,0.09225642906115022,0.002080000542842842,0.06725794530672569,-0.06918744971842317,0.15384615384615385,True,-0.16808381502890168,1.0,0.135831345524526,1.0
115-USELESS-2026-02-22,USELESS,2026-02-22,2026-02-23,2026-02,67,59,-0.13083888010456873,0.0017589572351924742,0.11795435798735232,-0.06918744971842317,0.15384615384615385,True,-0.1693407056345447,0.0,0.0860164055521945,0.0
116-GIGGLE-2026-02-22,GIGGLE,2026-02-22,2026-02-23,2026-02,67,59,0.03268222405920074,0.0015005108604837305,0.07360594795539033,-0.06918744971842317,0.15384615384615385,True,-0.1709687385068042,0.5,0.08638128759716687,0.5
117-NEWT-2026-02-24,NEWT,2026-02-24,2026-02-25,2026-02,67,59,-0.0019667423280725874,0.002864266668475585,0.058145200584700296,-0.1067809820732658,0.15976331360946747,True,0.27584554363042474,1.0,0.3978305039136569,1.0
118-ZKC-2026-02-25,ZKC,2026-02-25,2026-02-26,2026-02,67,59,-0.0019667423280725874,0.0017669507931848147,0.09013398294762465,-0.014998125234345627,0.3905325443786982,True,-0.17310691244239637,1.0,0.04864633762903951,1.0
119-RIVER-2026-02-27,RIVER,2026-02-27,2026-02-28,2026-02,67,59,0.04797612838188277,0.008109894102911828,0.16571541035229287,-0.060104529616724744,0.21301775147928995,True,0.7034077105888564,0.8333333333333334,0.02604375971912369,0.0
120-CHILLGUY-2026-02-27,CHILLGUY,2026-02-27,2026-02-28,2026-02,67,59,-0.02680448684961133,0.0036035153070816733,0.08020833333333344,-0.060104529616724744,0.21301775147928995,True,0.010237563451776795,0.3333333333333333,0.09171947620964399,1.0
121-BARD-2026-02-27,BARD,2026-02-27,2026-02-28,2026-02,67,59,-0.0521440556849827,0.0034719085187854336,0.10646932442110302,-0.060104529616724744,0.21301775147928995,True,0.1424883557636043,0.16666666666666666,0.03512697569651325,0.3333333333333333
122-VANRY-2026-02-27,VANRY,2026-02-27,2026-02-28,2026-02,67,59,0.00858161596357261,0.0033534327352162233,0.07429797191887677,-0.060104529616724744,0.21301775147928995,True,-0.17039419404125292,0.5,0.08087126784193978,0.8333333333333334
123-COOKIE-2026-02-27,COOKIE,2026-02-27,2026-02-28,2026-02,67,59,0.05017119245757013,0.0021016812334311947,0.1198156682027649,-0.060104529616724744,0.21301775147928995,True,-0.1705298382599,1.0,0.05468810454535235,0.6666666666666666
124-SXT-2026-02-27,SXT,2026-02-27,2026-02-28,2026-02,67,59,-0.08671371683314813,0.0013520494486524296,0.04992511233150276,-0.060104529616724744,0.21301775147928995,True,-0.17125608568646544,0.0,0.052179899241344065,0.5
125-PIPPIN-2026-02-27,PIPPIN,2026-02-27,2026-02-28,2026-02,67,59,0.045166126268208553,0.0013392193291015498,0.5478264133943991,-0.060104529616724744,0.21301775147928995,True,-0.16687849540659036,0.6666666666666666,0.03395984917251588,0.16666666666666666
126-FIGHT-2026-02-28,FIGHT,2026-02-28,2026-03-01,2026-03,114,97,-0.052503109921151495,0.001970441670263048,0.10658509096763802,-0.041466498103666316,0.2781065088757396,True,-0.166517956019617,0.0,0.09347426221493967,0.0
127-EUL-2026-02-28,EUL,2026-02-28,2026-03-01,2026-03,114,97,-0.0002977392786592405,0.0016888888075688368,0.17276422764227628,-0.041466498103666316,0.2781065088757396,True,-0.1774548704200179,0.5,0.1474757594433587,1.0
128-EDU-2026-02-28,EDU,2026-02-28,2026-03-01,2026-03,114,97,0.052522978463040236,0.0014610060918239332,0.0795677799607073,-0.041466498103666316,0.2781065088757396,True,-0.16746005509641881,1.0,0.13693725361915307,0.5
129-PARTI-2026-03-01,PARTI,2026-03-01,2026-03-02,2026-03,114,97,-0.010072908700766037,0.0023193070022611804,0.14093882704005511,-0.04173106646058733,0.25443786982248523,True,-0.1684402125775022,0.0,0.12182778110734917,1.0
130-TNSR-2026-03-01,TNSR,2026-03-01,2026-03-02,2026-03,114,97,0.009887661542919042,0.0010876925931907436,0.13768450184501835,-0.04173106646058733,0.25443786982248523,True,0.05451454138702467,1.0,0.10170154499776723,0.0
131-JOE-2026-03-02,JOE,2026-03-02,2026-03-03,2026-03,114,97,-9.262357892349841e-05,0.0012487865783642384,0.2065600433721877,0.019261637239165186,0.621301775147929,True,-0.16852274440814274,1.0,0.1498529214154279,1.0
132-REZ-2026-03-03,REZ,2026-03-03,2026-03-04,2026-03,114,97,-9.262357892349841e-05,0.001401512975326053,0.04740904079382591,0.011246943765281125,0.5502958579881657,True,0.7852684397163119,1.0,0.19353362528853854,1.0
133-DOLO-2026-03-04,DOLO,2026-03-04,2026-03-05,2026-03,114,97,0.04045126942747764,0.08103417100196707,0.05508729680915114,-0.012002630713581097,0.4319526627218935,True,0.07412522361359558,1.0,0.22992254578021,1.0
134-MAGIC-2026-03-04,MAGIC,2026-03-04,2026-03-05,2026-03,114,97,-0.04063651658532464,0.007210133801450091,0.054566627848943616,-0.012002630713581097,0.4319526627218935,True,0.03737836960051959,0.0,0.12989000847145932,0.0
135-BIO-2026-03-05,BIO,2026-03-05,2026-03-06,2026-03,114,97,-0.038965790492119,0.0028151795982772686,0.06413418845584595,-0.007023848415550482,0.4319526627218935,True,-0.049483994266603056,0.0,0.15859987370143272,0.5
136-SHELL-2026-03-05,SHELL,2026-03-05,2026-03-06,2026-03,114,97,0.0245522366585086,0.00203736466441197,0.06414701803051304,-0.007023848415550482,0.4319526627218935,True,-0.1864930295817748,1.0,0.21456182696456735,1.0
137-ZORA-2026-03-05,ZORA,2026-03-05,2026-03-06,2026-03,114,97,0.014135683096839904,0.001432610383856476,0.05625374027528429,-0.007023848415550482,0.4319526627218935,True,0.01546854791299206,0.5,0.13419687194618968,0.0
138-ORCA-2026-03-06,ORCA,2026-03-06,2026-03-07,2026-03,114,97,-0.09042936492519572,0.014625652028842289,0.16702819956616044,-0.01605605021164802,0.38461538461538464,True,0.004822269807280168,0.0,0.10113298329849522,0.0
139-BLUR-2026-03-06,BLUR,2026-03-06,2026-03-07,2026-03,114,97,0.09024411776734874,0.012784029347246133,0.05770248808893608,-0.01605605021164802,0.38461538461538464,True,0.02940551795939626,1.0,0.1972403233684194,1.0
140-BICO-2026-03-07,BICO,2026-03-07,2026-03-08,2026-03,114,97,-0.06051920027793183,0.0019620624563278706,0.09447128287707995,-0.046431642304385234,0.2485207100591716,True,0.4096949505465901,0.0,0.13082514829853137,0.6666666666666666
141-TOWNS-2026-03-07,TOWNS,2026-03-07,2026-03-08,2026-03,114,97,0.05011170370035336,0.0013330528852930725,0.11639871382636646,-0.046431642304385234,0.2485207100591716,True,0.40291432926829285,1.0,0.11762101567100441,0.3333333333333333
142-ZKC-2026-03-07,ZKC,2026-03-07,2026-03-08,2026-03,114,97,0.013294414401749041,0.0011539395800898246,0.035223582313264945,-0.046431642304385234,0.2485207100591716,False,,0.6666666666666666,0.16776672028139186,1.0
143-ZORA-2026-03-07,ZORA,2026-03-07,2026-03-08,2026-03,114,97,-0.0032574121398645634,0.0010381381682406043,0.12403100775193798,-0.046431642304385234,0.2485207100591716,True,-0.16832560646900277,0.3333333333333333,0.07468428104557649,0.0
144-ZETA-2026-03-08,ZETA,2026-03-08,2026-03-09,2026-03,114,97,-9.262357892349841e-05,0.002737082588311423,0.032837038547827824,-0.024216524216524093,0.3609467455621302,True,0.014411086384786503,1.0,0.24644488369517492,1.0
145-FARTCOIN-2026-03-09,FARTCOIN,2026-03-09,2026-03-10,2026-03,114,97,-0.059645033445874886,0.006538427346395441,0.061634349030470936,-0.03627242909511863,0.3431952662721893,True,0.7073685636856366,0.0,0.11261365366933546,0.0
146-TOWNS-2026-03-09,TOWNS,2026-03-09,2026-03-10,2026-03,114,97,0.05945978628802789,0.0012298975148201414,0.04144144144144146,-0.03627242909511863,0.3431952662721893,False,,1.0,0.13552219757151157,1.0
147-STO-2026-03-10,STO,2026-03-10,2026-03-11,2026-03,114,97,-9.262357892349841e-05,0.0035919582549398124,0.06605019815059454,-0.01540284360189581,0.378698224852071,True,0.14345601173020536,1.0,0.13922848893868395,1.0
148-SXT-2026-03-11,SXT,2026-03-11,2026-03-12,2026-03,114,97,0.02664727408063646,0.0018758743505661295,0.06434599156118148,-0.021162444113263845,0.35502958579881655,True,-0.17066035751840156,1.0,0.10530225758213681,0.0
149-AWE-2026-03-11,AWE,2026-03-11,2026-03-12,2026-03,114,97,-0.02683252123848346,0.0015879405938570815,0.04380724810832337,-0.021162444113263845,0.35502958579881655,True,-0.02318611002731185,0.0,0.1380545707262014,1.0
150-SOLV-2026-03-12,SOLV,2026-03-12,2026-03-13,2026-03,114,97,0.08856660655203377,0.003708263262672055,0.15967660434562925,-0.002855103497501621,0.46745562130177515,True,-0.07301587701612917,1.0,0.09013882555645032,0.0
151-TOWNS-2026-03-12,TOWNS,2026-03-12,2026-03-13,2026-03,114,97,-0.038965790492119,0.0013727832409926955,0.10413223140495886,-0.002855103497501621,0.46745562130177515,True,0.282025175961018,0.5,0.1317409037203122,0.5
152-JOE-2026-03-12,JOE,2026-03-12,2026-03-13,2026-03,114,97,-0.049878686796685265,0.0013387470527254797,0.0494505494505495,-0.002855103497501621,0.46745562130177515,True,-0.17103721604639924,0.0,0.15040577756432602,1.0
153-SKL-2026-03-13,SKL,2026-03-13,2026-03-14,2026-03,114,97,0.0634254035717041,0.002726119542343321,0.05084745762711851,0.02358490566037741,0.6568047337278107,True,-0.135436923076923,1.0,0.3002905078270047,1.0
154-TNSR-2026-03-13,TNSR,2026-03-13,2026-03-14,2026-03,114,97,-0.06361065072955109,0.0014091024372086258,0.04095341278439868,0.02358490566037741,0.6568047337278107,False,,0.0,0.22354375508284627,0.0
155-USELESS-2026-03-14,USELESS,2026-03-14,2026-03-15,2026-03,114,97,-0.08787411252187646,0.003966089364052655,0.051244933410538485,0.050728277247614306,0.7928994082840237,True,0.13246436464088365,0.0,0.3183302712669142,0.0
156-SHELL-2026-03-14,SHELL,2026-03-14,2026-03-15,2026-03,114,97,0.06776952503658337,0.0020603343289277818,0.07037533512064353,0.050728277247614306,0.7928994082840237,True,0.1974513593187029,1.0,0.38337216667764,0.5
157-FLOCK-2026-03-14,FLOCK,2026-03-14,2026-03-15,2026-03,114,97,0.019826716748522606,0.0010187438143552025,0.040315191497159564,0.050728277247614306,0.7928994082840237,True,0.04054891696750927,0.5,0.43784878935431104,1.0
158-NAORIS-2026-03-15,NAORIS,2026-03-15,2026-03-16,2026-03,114,97,-9.262357892349841e-05,0.007860568724856638,0.11773940345368894,0.07416879795396425,0.8875739644970414,True,-0.17719896325659382,1.0,0.5668486104424766,1.0
159-RIVER-2026-03-16,RIVER,2026-03-16,2026-03-17,2026-03,114,97,0.11127101700223668,0.0034021226597801273,0.2648202137998057,0.09185667752443005,0.893491124260355,True,-0.17271754156547725,1.0,0.35898757492356287,0.0
160-REZ-2026-03-16,REZ,2026-03-16,2026-03-17,2026-03,114,97,-0.08414776083446501,0.003073288309826804,0.15268411114108438,0.09185667752443005,0.893491124260355,False,,0.0,0.5121418564370297,1.0
161-XVS-2026-03-16,XVS,2026-03-16,2026-03-17,2026-03,114,97,-0.01642454266228961,0.0026314732632788745,0.07205169628432961,0.09185667752443005,0.893491124260355,True,-0.1695367441860466,0.3333333333333333,0.46707244550501514,0.6666666666666666
162-C98-2026-03-16,C98,2026-03-16,2026-03-17,2026-03,114,97,-0.011069207821176071,0.001243103242771127,0.0625,0.09185667752443005,0.893491124260355,True,-0.16609900990099,0.6666666666666666,0.4303915640675333,0.3333333333333333
163-ANIME-2026-03-17,ANIME,2026-03-17,2026-03-18,2026-03,114,97,0.14557464595431238,0.013008679853615574,0.47459727385377937,0.07800054929964295,0.7988165680473372,True,-0.16919206717884586,1.0,0.15846287877483686,0.0
164-TOSHI-2026-03-17,TOSHI,2026-03-17,2026-03-18,2026-03,114,97,-0.1457598931121594,0.0013063093806765728,0.05454545454545445,0.07800054929964295,0.7988165680473372,True,-0.1717973094170404,0.0,0.5090317699812769,1.0
165-AIXBT-2026-03-18,AIXBT,2026-03-18,2026-03-19,2026-03,114,97,-9.262357892349841e-05,0.0018877690835313204,0.11627906976744184,0.016122689736531637,0.6272189349112426,True,-0.1740629825274279,1.0,0.1419700642996097,1.0
166-NIL-2026-03-19,NIL,2026-03-19,2026-03-20,2026-03,114,97,0.08173549352976435,0.010171324350772741,0.0868282402528977,-0.016538688718251593,0.40236686390532544,True,-0.12247340980187686,1.0,0.28956516454577635,1.0
167-BARD-2026-03-19,BARD,2026-03-19,2026-03-20,2026-03,114,97,-0.11877989545657149,0.004536205763830082,0.2984698469846985,-0.016538688718251593,0.40236686390532544,True,-0.17206892986386385,0.0,0.10614493847929779,0.0
168-NEWT-2026-03-19,NEWT,2026-03-19,2026-03-20,2026-03,114,97,0.07608208865918978,0.003797740070883483,0.08934911242603549,-0.016538688718251593,0.40236686390532544,True,-0.17099554069119294,0.6666666666666666,0.19175690874077142,0.3333333333333333
169-PLUME-2026-03-19,PLUME,2026-03-19,2026-03-20,2026-03,114,97,-0.03940818104807662,0.002020881744847275,0.06463527239150513,-0.016538688718251593,0.40236686390532544,True,-0.17057013574660662,0.3333333333333333,0.21003027622468629,0.6666666666666666
170-LISTA-2026-03-20,LISTA,2026-03-20,2026-03-21,2026-03,114,97,0.03284317741404747,0.06137696937621615,0.036117647058823366,-0.015008726003490347,0.41420118343195267,True,-0.16890816562572267,1.0,0.016221564910598733,0.0
171-IN-2026-03-20,IN,2026-03-20,2026-03-21,2026-03,114,97,-0.03302842457189447,0.04111711566674335,0.07693602693602686,-0.015008726003490347,0.41420118343195267,True,-0.1674962183492272,0.0,0.18111883959426017,1.0
172-SKL-2026-03-21,SKL,2026-03-21,2026-03-22,2026-03,114,97,0.012724191074260467,0.002659521058200371,0.05339805825242716,-0.039270253555967805,0.30177514792899407,False,,0.5,0.16062571345925516,1.0
173-KERNEL-2026-03-21,KERNEL,2026-03-21,2026-03-22,2026-03,114,97,0.03137507358002718,0.001768064091975617,0.057853057633084015,-0.039270253555967805,0.30177514792899407,True,-0.16428647474198824,1.0,0.15573714811453143,0.5
174-ZETA-2026-03-21,ZETA,2026-03-21,2026-03-22,2026-03,114,97,-0.04437713539105815,0.001057870119696623,0.08671276396935146,-0.039270253555967805,0.30177514792899407,False,,0.0,0.15510025309296108,0.0
175-ZORA-2026-03-22,ZORA,2026-03-22,2026-03-23,2026-03,114,97,0.13720612011441888,0.0011723826409641479,0.0699935191186003,-0.08072916666666663,0.1893491124260355,True,-0.16691719745222924,1.0,0.2442998353956851,1.0
176-ZKC-2026-03-22,ZKC,2026-03-22,2026-03-23,2026-03,114,97,-0.1373913672722659,0.001003917646565448,0.057952799888283835,-0.08072916666666663,0.1893491124260355,True,-0.02340038578120724,0.0,0.19327033032324525,0.0
177-PROM-2026-03-23,PROM,2026-03-23,2026-03-24,2026-03,114,97,-9.262357892349841e-05,0.0021081856401503184,0.06704438149197345,-0.08006793643091115,0.1952662721893491,True,-0.16973848987108658,1.0,0.17644275585818803,1.0
178-BLUR-2026-03-24,BLUR,2026-03-24,2026-03-25,2026-03,114,97,0.09048457933753026,0.006942158544027807,0.024585783003741257,-0.0726981250435631,0.20118343195266272,True,-0.16989429618001048,1.0,0.2772433028281112,1.0
179-AXS-2026-03-24,AXS,2026-03-24,2026-03-25,2026-03,114,97,-0.12664321639616835,0.005842654336135702,0.0512820512820511,-0.0726981250435631,0.20118343195266272,True,0.04011785714285719,0.0,0.09632843089435754,0.0
180-JOE-2026-03-24,JOE,2026-03-24,2026-03-25,2026-03,114,97,0.035880766321867576,0.003461443004366664,0.05980317940953839,-0.0726981250435631,0.20118343195266272,True,-0.16657190715482195,0.5,0.19612336508649791,0.5
181-ID-2026-03-25,ID,2026-03-25,2026-03-26,2026-03,114,97,0.07149152556921885,0.02307696131519534,0.02488335925349916,-0.026258205689277947,0.3136094674556213,True,-0.18926990587636724,1.0,0.028813954781163997,0.0
182-POPCAT-2026-03-25,POPCAT,2026-03-25,2026-03-26,2026-03,114,97,-0.07167677272706584,0.0021724836757036144,0.05039891029383159,-0.026258205689277947,0.3136094674556213,True,-0.17885072110882178,0.0,0.11746173086804353,1.0
183-RESOLV-2026-03-26,RESOLV,2026-03-26,2026-03-27,2026-03,114,97,0.005825944348284421,0.04220194124477972,0.13683941792187881,-0.050186741363211995,0.20118343195266272,True,-0.045179416895091064,1.0,0.17057364597439775,1.0
184-ZKC-2026-03-26,ZKC,2026-03-26,2026-03-27,2026-03,114,97,-0.006011191506131418,0.0012872790848782692,0.11389394151392174,-0.050186741363211995,0.20118343195266272,False,,0.0,0.09217896297280014,0.0
185-TRADOOR-2026-03-27,TRADOOR,2026-03-27,2026-03-28,2026-03,114,97,-0.02056332360335339,0.01809915715400257,0.1772357723577236,-0.08395225464190981,0.13609467455621302,True,0.7498188865398168,0.3333333333333333,0.09588852571607681,0.0
186-EDU-2026-03-27,EDU,2026-03-27,2026-03-28,2026-03,114,97,0.046692846524567476,0.004981913087030327,0.07424960505529232,-0.08395225464190981,0.13609467455621302,True,-0.18237753510140414,1.0,0.30065729514103123,1.0
187-XPIN-2026-03-27,XPIN,2026-03-27,2026-03-28,2026-03,114,97,0.028625237640261002,0.004549779369803667,0.10648596321393988,-0.08395225464190981,0.13609467455621302,True,-0.17882882882882886,0.6666666666666666,0.11008094780532184,0.3333333333333333
188-AWE-2026-03-27,AWE,2026-03-27,2026-03-28,2026-03,114,97,-0.05512525487716909,0.001021024987183534,0.06437768240343344,-0.08395225464190981,0.13609467455621302,True,0.19428864656831288,0.0,0.13908222294071831,0.6666666666666666
189-PHA-2026-03-28,PHA,2026-03-28,2026-03-29,2026-03,114,97,-0.038443189911889955,0.006982638419956203,0.09369369369369362,-0.07468402910762162,0.14792899408284024,True,0.35303949627933584,0.5,0.17884441621532132,1.0
190-WOO-2026-03-28,WOO,2026-03-28,2026-03-29,2026-03,114,97,0.10315412344018064,0.002615451376444084,0.029356652092442426,-0.07468402910762162,0.14792899408284024,True,0.1766083178150221,1.0,0.176508713373009,0.5
191-EUL-2026-03-28,EUL,2026-03-28,2026-03-29,2026-03,114,97,-0.06498880426506118,0.0017578399366042687,0.06784260515603813,-0.07468402910762162,0.14792899408284024,True,0.37995398110661277,0.0,0.11105780758749519,0.0
192-FLOCK-2026-03-29,FLOCK,2026-03-29,2026-03-30,2026-03,114,97,-0.021033965970128618,0.0018427515712379932,0.07274969173859436,-0.06786542923433869,0.13609467455621302,True,0.08291093117408908,0.5,0.21190829539853384,1.0
193-COOKIE-2026-03-29,COOKIE,2026-03-29,2026-03-30,2026-03,114,97,-0.029585549451653724,0.001317309350853578,0.07671418873048186,-0.06786542923433869,0.13609467455621302,True,0.0729009966777409,0.0,0.11275912853211661,0.0
194-GRIFFAIN-2026-03-29,GRIFFAIN,2026-03-29,2026-03-30,2026-03,114,97,0.050341644685011844,0.0010225101636832932,0.0928859312025494,-0.06786542923433869,0.13609467455621302,True,-0.0034265432653427528,1.0,0.13094257810970927,0.5
195-TOSHI-2026-03-30,TOSHI,2026-03-30,2026-03-31,2026-03,114,97,0.1457365824577366,0.001063514635920559,0.08198549916341324,-0.08632619439868205,0.10650887573964497,True,-0.11800929978118156,1.0,0.0823577247040116,0.0
196-ZETA-2026-03-30,ZETA,2026-03-30,2026-03-31,2026-03,114,97,-0.14592182961558361,0.0010082811370531839,0.04944586530264261,-0.08632619439868205,0.10650887573964497,True,0.05629158720067814,0.0,0.22912418213506552,1.0
197-AUCTION-2026-03-31,AUCTION,2026-03-31,2026-04-01,2026-04,171,141,-0.07968363546619689,0.0039865760445264116,0.03610923042202674,-0.07107288365776376,0.13609467455621302,True,0.06887002188183806,0.0,0.23165553775427167,1.0
198-BIO-2026-03-31,BIO,2026-03-31,2026-04-01,2026-04,171,141,0.029175230997292724,0.0016712006551835791,0.04126213592233019,-0.07107288365776376,0.13609467455621302,True,0.2990769230769233,0.5,0.22902159385443055,0.5
199-ZORA-2026-03-31,ZORA,2026-03-31,2026-04-01,2026-04,171,141,0.049448861857862146,0.0011197353806376865,0.06759735488611307,-0.07107288365776376,0.13609467455621302,True,0.0007098181818181488,1.0,0.19169130489913908,0.0
200-SKL-2026-04-01,SKL,2026-04-01,2026-04-02,2026-04,171,141,-0.03753299574367242,0.013291653268817075,0.0709117221418234,-0.06614276358873605,0.17159763313609466,True,-0.17316690042075752,0.2,0.17033942853486514,0.2
201-ELSA-2026-04-01,ELSA,2026-04-01,2026-04-02,2026-04,171,141,0.004683135880532406,0.0035171431842546353,0.07910252210940061,-0.06614276358873605,0.17159763313609466,True,0.2496298639670992,0.4,0.1747859997515601,0.4
202-BICO-2026-04-01,BICO,2026-04-01,2026-04-02,2026-04,171,141,0.020126437206653473,0.0022593259673034135,0.06169296987087525,-0.06614276358873605,0.17159763313609466,True,-0.018982118294360285,0.6,0.19359334555561086,0.6
203-SOLV-2026-04-01,SOLV,2026-04-01,2026-04-02,2026-04,171,141,0.09068435347712438,0.001967145715284146,0.23671641791044773,-0.06614276358873605,0.17159763313609466,True,0.7215653071760456,1.0,0.16007597771379958,0.0
204-TA-2026-04-01,TA,2026-04-01,2026-04-02,2026-04,171,141,-0.1269595070650064,0.0012541340726018979,0.09619140625,-0.06614276358873605,0.17159763313609466,True,0.1754072847682119,0.0,0.20657476916883266,0.8
205-IOST-2026-04-01,IOST,2026-04-01,2026-04-02,2026-04,171,141,0.04687949102228453,0.0012284249461783046,0.070754716981132,-0.06614276358873605,0.17159763313609466,True,0.008301270417423286,0.8,0.2324254242678096,1.0
206-SXT-2026-04-02,SXT,2026-04-02,2026-04-03,2026-04,171,141,0.11891497953754483,0.005107544887283498,0.08043758043758031,-0.044917257683215084,0.28402366863905326,True,-0.0282458233890214,1.0,0.24206121985822854,1.0
207-FLOCK-2026-04-02,FLOCK,2026-04-02,2026-04-03,2026-04,171,141,-0.11962134127823952,0.0021934865213516434,0.10202378468600037,-0.044917257683215084,0.28402366863905326,False,,0.0,0.22760255153900927,0.0
208-DRIFT-2026-04-03,DRIFT,2026-04-03,2026-04-04,2026-04,171,141,0.054830567887664994,0.027869749655554544,0.22670375521557706,-0.0010504201680673342,0.48520710059171596,True,-0.2035102448775613,0.6666666666666666,0.003223771782513216,0.0
209-PORTAL-2026-04-03,PORTAL,2026-04-03,2026-04-04,2026-04,171,141,-0.004911317789668515,0.016023991171573125,0.058504875406283796,-0.0010504201680673342,0.48520710059171596,True,-0.178006309148265,0.3333333333333333,0.28583936266842985,0.6666666666666666
210-ANIME-2026-04-03,ANIME,2026-04-03,2026-04-04,2026-04,171,141,-0.10995640707274305,0.012961676506469712,0.04667124227865482,-0.0010504201680673342,0.48520710059171596,True,0.18243109540636043,0.0,0.3026846021518384,1.0
211-AIXBT-2026-04-03,AIXBT,2026-04-03,2026-04-04,2026-04,171,141,0.058624433493357206,0.001571761791252364,0.08804143126177033,-0.0010504201680673342,0.48520710059171596,True,0.03907956521739133,1.0,0.2513581502265011,0.3333333333333333
212-MAGIC-2026-04-04,MAGIC,2026-04-04,2026-04-05,2026-04,171,141,-0.019525233692749402,0.013906834555839902,0.06108714408973248,0.015209125475285079,0.5976331360946746,True,0.2889135738831613,0.3333333333333333,0.2720292899339035,0.6666666666666666
213-STO-2026-04-04,STO,2026-04-04,2026-04-05,2026-04,171,141,-0.025354281285883466,0.0018560218734104499,1.3066404580805058,0.015209125475285079,0.5976331360946746,True,-0.18612739798622152,0.0,0.11241813254514224,0.0
214-PIPPIN-2026-04-04,PIPPIN,2026-04-04,2026-04-05,2026-04,171,141,-0.01233167732154703,0.0011933437786814638,0.5794491525423728,0.015209125475285079,0.5976331360946746,True,-0.05666819941916759,0.6666666666666666,0.24862034894266,0.3333333333333333
215-POPCAT-2026-04-04,POPCAT,2026-04-04,2026-04-05,2026-04,171,141,0.055798468818790546,0.0010612002020573212,0.056834988379463436,0.015209125475285079,0.5976331360946746,True,0.530688483844242,1.0,0.33741781913583907,1.0
216-COOKIE-2026-04-06,COOKIE,2026-04-06,2026-04-07,2026-04,171,141,-0.10921204733383695,0.0015861845185135843,0.05027932960893855,0.014189255308738602,0.5976331360946746,False,,0.0,0.34935146047921267,1.0
217-VIRTUAL-2026-04-06,VIRTUAL,2026-04-06,2026-04-07,2026-04,171,141,0.10850568559314226,0.0011551265420045584,0.0659605199807416,0.014189255308738602,0.5976331360946746,True,0.12736913285600657,1.0,0.25670723083286373,0.0
218-RED-2026-04-07,RED,2026-04-07,2026-04-08,2026-04,171,141,-0.0003531808703473384,0.0018999705262139112,0.5249190938511328,0.03862035462715574,0.7218934911242604,True,-0.16448963075366704,1.0,0.12811108399926419,1.0
219-POPCAT-2026-04-08,POPCAT,2026-04-08,2026-04-09,2026-04,171,141,-0.0003531808703473384,0.0012683436574960477,0.04404666130329837,0.011228070175438587,0.5798816568047337,False,,1.0,0.2980139592498356,1.0
220-AUCTION-2026-04-09,AUCTION,2026-04-09,2026-04-10,2026-04,171,141,0.09162938309098229,0.009288691079937376,0.027651760639447076,0.04052573932091996,0.6863905325443787,False,,1.0,0.37885327837866395,1.0
221-AIXBT-2026-04-09,AIXBT,2026-04-09,2026-04-10,2026-04,171,141,-0.019567540060092238,0.001674016435414524,0.11904761904761907,0.04052573932091996,0.6863905325443787,False,,0.3333333333333333,0.3582982022376001,0.6666666666666666
222-TOSHI-2026-04-09,TOSHI,2026-04-09,2026-04-10,2026-04,171,141,-0.11410408170348053,0.0012530945318759133,0.04893494530800235,0.04052573932091996,0.6863905325443787,False,,0.0,0.3101032270561323,0.3333333333333333
223-AWE-2026-04-09,AWE,2026-04-09,2026-04-10,2026-04,171,141,0.04062951519120111,0.0010015387948077246,0.046094228023659145,0.04052573932091996,0.6863905325443787,False,,0.6666666666666666,0.26039616102255636,0.0
224-TNSR-2026-04-10,TNSR,2026-04-10,2026-04-11,2026-04,171,141,0.03811228949339762,0.02007820167950085,0.30177799135031247,0.04123314065510586,0.7514792899408284,True,-0.17219170243204548,1.0,0.17730952796406857,0.0
225-TOWNS-2026-04-10,TOWNS,2026-04-10,2026-04-11,2026-04,171,141,-0.019878708987691972,0.0017491017304925895,0.057526366251198446,0.04123314065510586,0.7514792899408284,True,-0.1586766076421249,0.0,0.4058093728291968,1.0
226-IOST-2026-04-10,IOST,2026-04-10,2026-04-11,2026-04,171,141,-0.019293123116747662,0.0013559278505754378,0.02985074626865658,0.04123314065510586,0.7514792899408284,False,,0.5,0.36938753943540426,0.5
227-AWE-2026-04-11,AWE,2026-04-11,2026-04-12,2026-04,171,141,-0.0003531808703473384,0.001582029646211933,0.028149606299212593,0.036593825875823605,0.7218934911242604,True,0.10204931081343456,1.0,0.4571179848536776,1.0
228-UB-2026-04-13,UB,2026-04-13,2026-04-14,2026-04,171,141,0.09719689957856617,0.014215823608687153,0.1381638163816381,0.05416329830234434,0.7692307692307693,True,0.28556644238856194,1.0,0.40143086761821495,1.0
229-SIGN-2026-04-13,SIGN,2026-04-13,2026-04-14,2026-04,171,141,0.0752521972227501,0.00449438957484128,0.08709996700758826,0.05416329830234434,0.7692307692307693,True,-0.19039199225056513,0.5,0.2847750978091687,0.0
230-FARTCOIN-2026-04-13,FARTCOIN,2026-04-13,2026-04-14,2026-04,171,141,-0.17350863941235828,0.0013898831673320974,0.12479015109121439,0.05416329830234434,0.7692307692307693,True,-0.033262656641604195,0.0,0.33772926172277656,0.5
231-ICNT-2026-04-14,ICNT,2026-04-14,2026-04-15,2026-04,171,141,0.17708939784565858,0.005437100002807924,0.1432350718065003,-0.013292433537832271,0.3905325443786982,True,0.435113384188627,1.0,0.22087071619497142,0.5
232-PROM-2026-04-14,PROM,2026-04-14,2026-04-15,2026-04,171,141,-0.08709947220114007,0.0012608502121946807,0.15821812596006146,-0.013292433537832271,0.3905325443786982,True,1.2840860685630928,0.5,0.25828884706920974,1.0
233-TOSHI-2026-04-14,TOSHI,2026-04-14,2026-04-15,2026-04,171,141,-0.09104946825556054,0.0010197787723727032,0.06076388888888906,-0.013292433537832271,0.3905325443786982,True,0.12712794033275931,0.0,0.19905556424542487,0.0
234-POWER-2026-04-15,POWER,2026-04-15,2026-04-16,2026-04,171,141,0.08014331250883935,0.05719034198964949,0.08546712802768175,0.04304485727231544,0.7514792899408284,True,0.2609174374013083,0.8,0.39802695669086796,0.6
235-ANIME-2026-04-15,ANIME,2026-04-15,2026-04-16,2026-04,171,141,0.10383893602874995,0.012962346360296188,0.028827254859139506,0.04304485727231544,0.7514792899408284,False,,1.0,0.391936196977726,0.4
236-FHE-2026-04-15,FHE,2026-04-15,2026-04-16,2026-04,171,141,-0.019900895969973683,0.006353817391291651,0.11150029188558097,0.04304485727231544,0.7514792899408284,True,0.5260175438596495,0.4,0.42147273297302357,0.8
237-SKL-2026-04-15,SKL,2026-04-15,2026-04-16,2026-04,171,141,-0.12104940030963383,0.0020363362121382017,0.05186385737439214,0.04304485727231544,0.7514792899408284,True,0.5107389240506329,0.0,0.44658314501756535,1.0
238-COOKIE-2026-04-15,COOKIE,2026-04-15,2026-04-16,2026-04,171,141,0.01235504122991497,0.0015149986819342045,0.03616751269035534,0.04304485727231544,0.7514792899408284,True,0.033064837905237066,0.6,0.365158665186235,0.0
239-PORTAL-2026-04-15,PORTAL,2026-04-15,2026-04-16,2026-04,171,141,-0.05750607870998079,0.0010065102729985038,0.07439024390243887,0.04304485727231544,0.7514792899408284,True,1.2032822580645162,0.2,0.39117108369532033,0.2
240-TRB-2026-04-16,TRB,2026-04-16,2026-04-17,2026-04,171,141,0.010691729747101279,0.002959171637188922,0.5329636475662352,0.08093416549224886,0.8698224852071006,True,-0.21142434351210349,1.0,0.28884944408613716,0.0
241-OGN-2026-04-16,OGN,2026-04-16,2026-04-17,2026-04,171,141,-0.011398091487795957,0.0011071802968779737,0.047945205479452246,0.08093416549224886,0.8698224852071006,True,0.018755448997384582,0.0,0.39548432112212134,1.0
242-MUBARAK-2026-04-17,MUBARAK,2026-04-17,2026-04-18,2026-04,171,141,-0.21026235738914498,0.018666819956221513,0.08997955010224956,0.0955457327439646,0.893491124260355,True,-0.17088601036269443,0.0,0.3803545437707844,0.5
243-POPCAT-2026-04-17,POPCAT,2026-04-17,2026-04-18,2026-04,171,141,0.01575804198451211,0.0013413262974803512,0.1262320594846964,0.0955457327439646,0.893491124260355,False,,0.5,0.38222614024637325,1.0
244-BR-2026-04-17,BR,2026-04-17,2026-04-18,2026-04,171,141,0.19344477279359087,0.0012023230897035885,0.4769663466201146,0.0955457327439646,0.893491124260355,True,-0.1559529058999914,1.0,0.12596404203585662,0.0
245-XVS-2026-04-18,XVS,2026-04-18,2026-04-19,2026-04,171,141,-0.16452875669347808,0.009573026266096046,0.11170977011494276,0.04783660306369253,0.757396449704142,True,-0.17064760543245183,0.0,0.036822615679343314,0.0
246-AGT-2026-04-18,AGT,2026-04-18,2026-04-19,2026-04,171,141,0.16382239495278342,0.00453096422493389,0.40110349439893,0.04783660306369253,0.757396449704142,True,-0.1690010341261636,1.0,0.1992206889803488,1.0
247-BAS-2026-04-19,BAS,2026-04-19,2026-04-20,2026-04,171,141,0.08363829060052175,0.07458480650594941,0.1702878103837473,0.04558065794688848,0.727810650887574,True,1.9531948445792273,1.0,0.35539655052515035,1.0
248-PORTAL-2026-04-19,PORTAL,2026-04-19,2026-04-20,2026-04,171,141,0.07315161045220848,0.020450713240839535,0.575369458128079,0.04558065794688848,0.727810650887574,True,0.5394466019417475,0.75,0.06490361786239211,0.0
249-PHA-2026-04-19,PHA,2026-04-19,2026-04-20,2026-04,171,141,0.003878019159716246,0.002092082365969231,0.1496621621621621,0.04558065794688848,0.727810650887574,True,0.06326187290969897,0.5,0.29546850372337724,0.5
250-LISTA-2026-04-19,LISTA,2026-04-19,2026-04-20,2026-04,171,141,-0.12312894137629014,0.001275084253392724,0.10571428571428587,0.04558065794688848,0.727810650887574,True,-0.17540645161290302,0.0,0.2466946209502835,0.25
251-TOSHI-2026-04-19,TOSHI,2026-04-19,2026-04-20,2026-04,171,141,-0.03930488318789304,0.0011827668054640054,0.06032482598607891,0.04558065794688848,0.727810650887574,False,,0.25,0.29856487222690253,0.75
252-SXT-2026-04-20,SXT,2026-04-20,2026-04-21,2026-04,171,141,-0.0003531808703473384,0.0013361570501324595,0.05731343283582091,0.036383682469680156,0.6686390532544378,True,-0.16894879340788718,1.0,0.294311015862186,1.0
253-NIL-2026-04-21,NIL,2026-04-21,2026-04-22,2026-04,171,141,0.20444755773736883,0.006602185263292276,0.15582726326742957,0.05241090146750538,0.7337278106508875,True,-0.07368443658413326,1.0,0.24604124762300517,0.0
254-PLUME-2026-04-21,PLUME,2026-04-21,2026-04-22,2026-04,171,141,-0.18008129612264742,0.001394707252986589,0.08030431107354175,0.05241090146750538,0.7337278106508875,True,0.00024793388429754766,0.0,0.3838951376262506,1.0
255-TURBO-2026-04-21,TURBO,2026-04-21,2026-04-22,2026-04,171,141,-0.025425804225763425,0.0011651921724359538,0.04725983822593838,0.05241090146750538,0.7337278106508875,True,0.25143593818984533,0.5,0.3610598873620079,0.5
256-ELSA-2026-04-22,ELSA,2026-04-22,2026-04-23,2026-04,171,141,0.1430936186696338,0.028862961499330177,0.05677764565992849,0.03205465055176049,0.6568047337278107,True,0.08021856155316999,1.0,0.30327436468958896,0.6666666666666666
257-EDU-2026-04-22,EDU,2026-04-22,2026-04-23,2026-04,171,141,-0.09859505712175273,0.005748552911818241,0.21208198489751884,0.03205465055176049,0.6568047337278107,True,-0.16887289562289556,0.0,0.18262931400094673,0.0
258-ANKR-2026-04-22,ANKR,2026-04-22,2026-04-23,2026-04,171,141,0.00838682384700258,0.0020059967270716745,0.022556390977443552,0.03205465055176049,0.6568047337278107,True,-0.009577865612648433,0.5,0.3778546785483857,1.0
259-NEWT-2026-04-22,NEWT,2026-04-22,2026-04-23,2026-04,171,141,-0.06850007133457937,0.0016947728736441533,0.08110869842891821,0.03205465055176049,0.6568047337278107,True,-0.05018154042011435,0.16666666666666666,0.20202065617674952,0.16666666666666666
260-USELESS-2026-04-22,USELESS,2026-04-22,2026-04-23,2026-04,171,141,0.046026038212353466,0.0014340004587418392,0.11866051929143429,0.03205465055176049,0.6568047337278107,True,-0.16990314769975823,0.8333333333333334,0.31271339887508104,0.8333333333333334
261-EUL-2026-04-22,EUL,2026-04-22,2026-04-23,2026-04,171,141,-0.06108002505969203,0.0014285754299925963,0.14132015120674635,0.03205465055176049,0.6568047337278107,True,0.016163882427574237,0.3333333333333333,0.28508420718211425,0.5
262-NAORIS-2026-04-22,NAORIS,2026-04-22,2026-04-23,2026-04,171,141,0.028196406694602952,0.0012425861441715496,0.11713286713286708,0.03205465055176049,0.6568047337278107,True,0.7113725038402456,0.6666666666666666,0.2428444996864354,0.3333333333333333
263-WET-2026-04-23,WET,2026-04-23,2026-04-24,2026-04,171,141,-0.08486065179129405,0.015219680731668534,0.04358104635625448,-0.021582733812949728,0.40236686390532544,True,-0.1725670206371468,0.0,0.37809319985561984,1.0
264-LISTA-2026-04-23,LISTA,2026-04-23,2026-04-24,2026-04,171,141,0.15574373705593442,0.001175339152437424,0.05471651398861099,-0.021582733812949728,0.40236686390532544,True,0.0910770692316827,1.0,0.28087324165097277,0.0
265-TURBO-2026-04-23,TURBO,2026-04-23,2026-04-24,2026-04,171,141,-0.0719426278756824,0.0010004997330439979,0.03801563763817728,-0.021582733812949728,0.40236686390532544,False,,0.5,0.316133367774934,0.5
266-SPK-2026-04-24,SPK,2026-04-24,2026-04-25,2026-04,171,141,0.041053595664606084,0.0319379153894491,0.22614348734618073,-0.02851770604826076,0.3609467455621302,True,-0.17647562097516095,0.6666666666666666,0.0025528029828592712,0.0
267-TA-2026-04-24,TA,2026-04-24,2026-04-25,2026-04,171,141,-0.10447919831094993,0.009330402411642024,0.02432778489116516,-0.02851770604826076,0.3609467455621302,True,0.22000670718926837,0.0,0.39444168593225165,1.0
268-COOKIE-2026-04-24,COOKIE,2026-04-24,2026-04-25,2026-04,171,141,-0.019628990299842063,0.0038801041249048496,0.04339739615623084,-0.02851770604826076,0.3609467455621302,True,0.3502874469375375,0.3333333333333333,0.2801500164519332,0.6666666666666666
269-RED-2026-04-24,RED,2026-04-24,2026-04-25,2026-04,171,141,0.08164186946479651,0.0013804184484142517,0.2002989536621822,-0.02851770604826076,0.3609467455621302,True,-0.17088045812455252,1.0,0.23651485403149247,0.3333333333333333
270-VANRY-2026-04-25,VANRY,2026-04-25,2026-04-26,2026-04,171,141,0.024908257176025086,0.008994028273811173,0.05877934272300478,0.02732846715328474,0.6982248520710059,True,0.11483644428016983,0.5,0.35530682113273937,0.0
271-FIGHT-2026-04-25,FIGHT,2026-04-25,2026-04-26,2026-04,171,141,-0.16285369175399916,0.004621310029232639,0.14018691588785037,0.02732846715328474,0.6982248520710059,True,0.05737055981813028,0.0,0.3917321104404489,0.5
272-SHELL-2026-04-25,SHELL,2026-04-25,2026-04-26,2026-04,171,141,0.13688589196693207,0.0016912079333798106,0.07028657616892908,0.02732846715328474,0.6982248520710059,True,0.2065372689326178,1.0,0.4523150646187046,1.0
273-STO-2026-04-26,STO,2026-04-26,2026-04-27,2026-04,171,141,-0.0003531808703473384,0.0055489933939019504,0.08036454018227013,0.07309105757452028,0.8757396449704142,True,0.007359136327093383,1.0,0.35852386672088005,1.0
274-ORCA-2026-04-27,ORCA,2026-04-27,2026-04-28,2026-04,171,141,0.17765368015032337,0.003180901451666403,0.6092150170648465,0.012881595200282314,0.6094674556213018,True,0.1150822192513368,1.0,0.09586120486188943,0.0
275-FLOCK-2026-04-27,FLOCK,2026-04-27,2026-04-28,2026-04,171,141,-0.013677057438062985,0.0029053096668182807,0.13534338358458964,0.012881595200282314,0.6094674556213018,True,0.5580006533812479,0.5,0.37293741916697576,1.0
276-PIEVERSE-2026-04-27,PIEVERSE,2026-04-27,2026-04-28,2026-04,171,141,-0.1650361653233024,0.0025479661174872274,0.2187364464363164,0.012881595200282314,0.6094674556213018,True,-0.13736780812422034,0.0,0.22168063219329084,0.5
277-SKL-2026-04-28,SKL,2026-04-28,2026-04-29,2026-04,171,141,-0.0388186512340923,0.003011861517006576,0.042709867452135564,0.012736149437486688,0.5621301775147929,True,0.08551683748169839,0.5,0.263673992487667,0.5
278-AWE-2026-04-28,AWE,2026-04-28,2026-04-29,2026-04,171,141,-0.13521139497950324,0.001974228812030207,0.056079854809437224,0.012736149437486688,0.5621301775147929,True,-0.12496951646811488,0.0,0.30316381071428283,1.0
279-SFP-2026-04-28,SFP,2026-04-28,2026-04-29,2026-04,171,141,0.17297050360255353,0.0013499283671049047,0.12056737588652489,0.012736149437486688,0.5621301775147929,True,-0.1706283704572098,1.0,0.2378015654477628,0.0
280-PHA-2026-04-29,PHA,2026-04-29,2026-04-30,2026-04,171,141,-0.0003531808703473384,0.0045980854762416295,0.06741573033707882,-0.0109439124487003,0.4260355029585799,False,,1.0,0.30311915552450247,1.0
281-ZETA-2026-04-30,ZETA,2026-04-30,2026-05-01,2026-05,237,202,0.00014825833131449314,0.0027319098059710506,0.09333333333333327,-0.02884188729477888,0.33727810650887574,True,-0.08891891891891876,1.0,0.3471651116970388,1.0
282-RECALL-2026-05-01,RECALL,2026-05-01,2026-05-02,2026-05,237,202,0.2111989175724429,0.00409540134782483,0.08731031449307247,-0.029503105590062084,0.3136094674556213,True,0.5404307894161383,1.0,0.47990708884848143,1.0
283-1000FLOKI-2026-05-01,1000FLOKI,2026-05-01,2026-05-02,2026-05,237,202,-0.21090240090981394,0.003200419501193667,0.0327817670933499,-0.029503105590062084,0.3136094674556213,True,0.01632257063023917,0.0,0.4536989686606006,0.0
284-AIXBT-2026-05-02,AIXBT,2026-05-02,2026-05-03,2026-05,237,202,0.2308010366743507,0.006079328380166888,0.2468289338361329,-0.006614785992217764,0.4556213017751479,True,-0.12778876080691676,1.0,0.3709232692630347,0.0
285-TRB-2026-05-02,TRB,2026-05-02,2026-05-03,2026-05,237,202,-0.23050452001172173,0.0024875315592731684,0.09961724929829052,-0.006614785992217764,0.4556213017751479,True,-0.18368384622579745,0.0,0.4512823689458909,1.0
286-BIO-2026-05-03,BIO,2026-05-03,2026-05-04,2026-05,237,202,-0.1759997224952043,0.009665297714237728,0.28431755964020344,-0.024242424242424176,0.3727810650887574,True,-0.1710330687830688,0.0,0.3696090892832504,0.0
287-BAND-2026-05-03,BAND,2026-05-03,2026-05-04,2026-05,237,202,0.17629623915783327,0.0011120775257093954,0.01751152073732709,-0.024242424242424176,0.3727810650887574,True,-0.033519634703196334,1.0,0.49364063567878746,1.0
288-STO-2026-05-04,STO,2026-05-04,2026-05-05,2026-05,237,202,0.00014825833131449314,0.007471387513631969,0.023712275924665294,0.0037341299477222645,0.5384615384615384,False,,1.0,0.5071733591393224,1.0
289-HYPER-2026-05-05,HYPER,2026-05-05,2026-05-06,2026-05,237,202,0.00014825833131449314,0.0012826061237276839,0.22207109176641282,0.011140337304657244,0.621301775147929,True,-0.17244420407427438,1.0,0.4023306247951294,1.0
290-FHE-2026-05-06,FHE,2026-05-06,2026-05-07,2026-05,237,202,0.00014825833131449314,0.0027163362365433615,0.3770739064856714,0.06143269017520514,0.8165680473372781,True,0.15679540066382158,1.0,0.3543484843646492,1.0
291-WET-2026-05-07,WET,2026-05-07,2026-05-08,2026-05,237,202,0.21217465056461043,0.0020201882550721422,0.08135333406328704,0.07089673033344113,0.7988165680473372,True,-0.18094088207694722,1.0,0.4513228217305848,0.3333333333333333
292-ARB-2026-05-07,ARB,2026-05-07,2026-05-08,2026-05,237,202,-0.12303923640976804,0.0017320375253389564,0.06275468622656866,0.07089673033344113,0.7988165680473372,True,-0.0028759873617691784,0.0,0.4239349605723109,0.0
293-RED-2026-05-07,RED,2026-05-07,2026-05-08,2026-05,237,202,-0.10032399126421639,0.0010808024693783826,0.05278174037089878,0.07089673033344113,0.7988165680473372,True,-0.17240844111640566,0.3333333333333333,0.527322902837365,1.0
294-BAND-2026-05-07,BAND,2026-05-07,2026-05-08,2026-05,237,202,0.011781610434631972,0.0010357091475415691,0.05814469596094107,0.07089673033344113,0.7988165680473372,False,,0.6666666666666666,0.48752241281572517,0.6666666666666666
295-FLOCK-2026-05-08,FLOCK,2026-05-08,2026-05-09,2026-05,237,202,-0.18817917596544004,0.0017835562891396891,0.10342465753424657,0.09227129337539441,0.8224852071005917,False,,0.0,0.41401758686034756,0.0
296-ZEC-2026-05-08,ZEC,2026-05-08,2026-05-09,2026-05,237,202,0.188475692628069,0.0014947074450292143,0.13015329125338138,0.09227129337539441,0.8224852071005917,True,-0.18992530226638615,1.0,0.4210731184148118,1.0
297-SXT-2026-05-09,SXT,2026-05-09,2026-05-10,2026-05,237,202,-0.11436690136141851,0.004754553775153413,0.04847129008202833,0.06988609397247281,0.8047337278106509,True,-0.13401741654571853,0.3333333333333333,0.4831013779738353,0.3333333333333333
298-ACX-2026-05-09,ACX,2026-05-09,2026-05-10,2026-05,237,202,0.10735033884850428,0.0013775500609961608,0.04761904761904767,0.06988609397247281,0.8047337278106509,True,-0.17237124415757824,0.6666666666666666,0.4242198729478058,0.0
299-RED-2026-05-09,RED,2026-05-09,2026-05-10,2026-05,237,202,0.14602724582813337,0.0010902038304235005,0.03164139749505601,0.06988609397247281,0.8047337278106509,False,,1.0,0.5515896400023785,0.6666666666666666
300-AWE-2026-05-09,AWE,2026-05-09,2026-05-10,2026-05,237,202,-0.13841764998996114,0.0010819194088910362,0.036029273784950355,0.06988609397247281,0.8047337278106509,True,-0.14681676557863507,0.0,0.5579338301905787,1.0
301-AEVO-2026-05-10,AEVO,2026-05-10,2026-05-11,2026-05,237,202,0.02686678603321219,0.016863649484657496,0.05312084993359889,0.10631337912986605,0.8402366863905325,True,-0.18120129032258067,0.6666666666666666,0.5259061351773423,0.6666666666666666
302-ORCA-2026-05-10,ORCA,2026-05-10,2026-05-11,2026-05,237,202,-0.053183546551528106,0.0026103170125890986,0.0884900990099009,0.10631337912986605,0.8402366863905325,True,-0.17463520871143395,0.0,0.5493859578529414,1.0
303-TOSHI-2026-05-10,TOSHI,2026-05-10,2026-05-11,2026-05,237,202,-0.0009651449433131693,0.0013972997154299935,0.07792887029288686,0.10631337912986605,0.8402366863905325,True,-0.17614667988107036,0.3333333333333333,0.36072092339535033,0.0
304-HYPER-2026-05-10,HYPER,2026-05-10,2026-05-11,2026-05,237,202,0.027874938786887078,0.001024215201102927,0.038273253226524195,0.10631337912986605,0.8402366863905325,False,,1.0,0.4151636547779543,0.3333333333333333
305-JOE-2026-05-11,JOE,2026-05-11,2026-05-12,2026-05,237,202,-0.04780685990617698,0.0023286514218535505,0.09593199757134174,0.10007942811755344,0.8106508875739645,True,-0.1695392250429471,0.0,0.34259112576810397,0.0
306-COOKIE-2026-05-11,COOKIE,2026-05-11,2026-05-12,2026-05,237,202,0.04810337656880597,0.001243939451389752,0.04759441282979826,0.10007942811755344,0.8106508875739645,True,-0.17970959721531557,1.0,0.5026074191308175,1.0
307-NEWT-2026-05-12,NEWT,2026-05-12,2026-05-13,2026-05,237,202,0.0411422845038814,0.01448814113037965,0.07009169702298701,0.045454545454545636,0.757396449704142,True,-0.17946581091088604,0.5,0.37608276185844686,0.0
308-BR-2026-05-12,BR,2026-05-12,2026-05-13,2026-05,237,202,0.16638675767355812,0.005379343793720068,0.07718096348662629,0.045454545454545636,0.757396449704142,True,-0.05332488610478334,1.0,0.4319366587895418,1.0
309-FLOCK-2026-05-12,FLOCK,2026-05-12,2026-05-13,2026-05,237,202,-0.20708426718349604,0.001267463678457672,0.1602201941184993,0.045454545454545636,0.757396449704142,True,-0.1845990504963316,0.0,0.41986713392007197,0.5
310-ACX-2026-05-13,ACX,2026-05-13,2026-05-14,2026-05,237,202,0.11365242239505324,0.001400316610113707,0.049379770992366456,-0.021065936380872174,0.3431952662721893,False,,1.0,0.33461366327451736,0.0
311-SAPIEN-2026-05-13,SAPIEN,2026-05-13,2026-05-14,2026-05,237,202,-0.11335590573242427,0.0011138545900278864,0.13228917794885398,-0.021065936380872174,0.3431952662721893,True,-0.029740663900414972,0.0,0.40645721408964863,1.0
312-RECALL-2026-05-14,RECALL,2026-05-14,2026-05-15,2026-05,237,202,-0.1639796246298754,0.0041009386499844995,0.113368401959006,-0.010692177827799854,0.42011834319526625,False,,0.0,0.41979936577028754,0.0
313-WOO-2026-05-14,WOO,2026-05-14,2026-05-15,2026-05,237,202,-0.0012017011552765014,0.0035017317101693896,0.06233062330623307,-0.010692177827799854,0.42011834319526625,True,-0.1671773347324239,0.5,0.48940184005626347,1.0
314-SHELL-2026-05-14,SHELL,2026-05-14,2026-05-15,2026-05,237,202,0.16562610077909537,0.0020038824789701524,0.08633879781420761,-0.010692177827799854,0.42011834319526625,True,-0.19323385183232236,1.0,0.4262721624492283,0.5
315-TNSR-2026-05-15,TNSR,2026-05-15,2026-05-16,2026-05,237,202,-0.027466363326446804,0.004047421894109883,0.09754204398447608,-0.09006211180124224,0.1242603550295858,True,-0.1720061053167132,0.0,0.39714107342975036,1.0
316-VIRTUAL-2026-05-15,VIRTUAL,2026-05-15,2026-05-16,2026-05,237,202,0.04427382181310383,0.0012040410095949647,0.08260987520347274,-0.09006211180124224,0.1242603550295858,True,-0.16875704554561233,1.0,0.3148489258124804,0.0
317-C98-2026-05-15,C98,2026-05-15,2026-05-16,2026-05,237,202,-0.01636268349271355,0.0010911799072039832,0.11679197994987489,-0.09006211180124224,0.1242603550295858,True,-0.1719086491739553,0.5,0.36035922623392036,0.5
318-TOWNS-2026-05-16,TOWNS,2026-05-16,2026-05-17,2026-05,237,202,0.00014825833131449314,0.005540658379133637,0.07123745819397986,-0.12060301507537685,0.10059171597633136,True,0.13752134245682615,1.0,0.3789687144094643,1.0
319-EDU-2026-05-17,EDU,2026-05-17,2026-05-18,2026-05,237,202,-0.01014445081725695,0.002238435083591003,0.11837327523602026,-0.16095293434049973,0.07692307692307693,True,0.0962789413118523,0.0,0.36467013385102054,0.5
320-SSV-2026-05-17,SSV,2026-05-17,2026-05-18,2026-05,237,202,-0.000257227011266412,0.0013103376274125056,0.09223099293726622,-0.16095293434049973,0.07692307692307693,True,-0.15213783459848182,0.5,0.42465376367675317,1.0
321-BARD-2026-05-17,BARD,2026-05-17,2026-05-18,2026-05,237,202,0.010846452822466842,0.0010220009037804417,0.12400000000000011,-0.16095293434049973,0.07692307692307693,True,-0.1882893835616438,1.0,0.35626819605191196,0.0
322-BIO-2026-05-18,BIO,2026-05-18,2026-05-19,2026-05,237,202,0.22490693900715358,0.0015416979478140773,0.10713294476824875,-0.15036064361013501,0.07100591715976332,True,-0.1789537037037037,1.0,0.2895578344294533,0.0
323-BNT-2026-05-18,BNT,2026-05-18,2026-05-19,2026-05,237,202,-0.2246104223445246,0.0012313684413336541,0.05065257924176514,-0.15036064361013501,0.07100591715976332,True,-0.07701222056631897,0.0,0.3866897261170364,1.0
324-PROM-2026-05-19,PROM,2026-05-19,2026-05-20,2026-05,237,202,0.03603281104537407,0.003742839080256605,0.14218009478673,-0.13993370802709315,0.08284023668639054,True,-0.12650092764378493,0.6666666666666666,0.24303547360996358,0.0
325-COOKIE-2026-05-19,COOKIE,2026-05-19,2026-05-20,2026-05,237,202,-0.0824491069482378,0.0016940249896391657,0.15338526063511093,-0.13993370802709315,0.08284023668639054,True,-0.181867595818815,0.3333333333333333,0.4184181081506344,0.6666666666666666
326-OGN-2026-05-19,OGN,2026-05-19,2026-05-20,2026-05,237,202,0.15880950924075324,0.0013018258900436585,0.026131591227251505,-0.13993370802709315,0.08284023668639054,True,-0.1539361406756132,1.0,0.4369333064942452,1.0
327-FIDA-2026-05-19,FIDA,2026-05-19,2026-05-20,2026-05,237,202,-0.11180018001263152,0.0011476803125777158,0.12493625701172872,-0.13993370802709315,0.08284023668639054,True,1.0996550764951325,0.0,0.3830214258762847,0.3333333333333333
328-POPCAT-2026-05-20,POPCAT,2026-05-20,2026-05-21,2026-05,237,202,0.00014825833131449314,0.0013261304350234923,0.04782608695652191,-0.08107044470680835,0.14792899408284024,True,-0.17886517841448432,1.0,0.43060969604248295,1.0
329-FIDA-2026-05-21,FIDA,2026-05-21,2026-05-22,2026-05,237,202,-0.1759997224952043,0.0023017855078948627,0.6127744510978044,-0.06686701728024047,0.17751479289940827,False,,0.0,0.27150505400290925,0.0
330-FLOCK-2026-05-21,FLOCK,2026-05-21,2026-05-22,2026-05,237,202,0.17629623915783327,0.0019845741379472155,0.05855986119144019,-0.06686701728024047,0.17751479289940827,True,-0.17042211771412272,1.0,0.48445559138244854,1.0
331-AWE-2026-05-23,AWE,2026-05-23,2026-05-24,2026-05,237,202,0.12675740348129919,0.001991603662312037,0.0627543371171555,-0.011335633316904903,0.41420118343195267,True,0.13229914180629385,1.0,0.3864526663029565,1.0
332-HFT-2026-05-23,HFT,2026-05-23,2026-05-24,2026-05,237,202,0.08762564941349567,0.001688658572986417,0.08124459809853057,-0.011335633316904903,0.41420118343195267,True,-0.16944117647058812,0.5,0.36520951441500604,0.5
333-NXPC-2026-05-23,NXPC,2026-05-23,2026-05-24,2026-05,237,202,-0.21393827790085138,0.0016016261042067458,0.10659272951324716,-0.011335633316904903,0.41420118343195267,True,0.10140489749430512,0.0,0.3385273822115152,0.0
334-TNSR-2026-05-24,TNSR,2026-05-24,2026-05-25,2026-05,237,202,-0.0940128004668712,0.0013491406313699608,0.05636856368563681,-0.012224938875305624,0.40236686390532544,False,,0.0,0.44126501087894626,0.5
335-DRIFT-2026-05-24,DRIFT,2026-05-24,2026-05-25,2026-05,237,202,0.15732396631945345,0.0010619622052871105,0.07272727272727275,-0.012224938875305624,0.40236686390532544,True,0.700998146088246,1.0,0.42808517777009103,0.0
336-WET-2026-05-24,WET,2026-05-24,2026-05-25,2026-05,237,202,-0.0628663908586388,0.0010169056910503285,0.05081194342587758,-0.012224938875305624,0.40236686390532544,True,-0.1676593987872532,0.5,0.46520165600000823,1.0
337-TOSHI-2026-05-26,TOSHI,2026-05-26,2026-05-27,2026-05,237,202,0.030565800378393158,0.0023211329641192107,0.04848093083387206,-0.014613319248206302,0.34911242603550297,True,-0.18747334617854844,0.5,0.43967148921682775,1.0
338-BIO-2026-05-26,BIO,2026-05-26,2026-05-27,2026-05,237,202,0.09632059798898301,0.0013664972134149159,0.06050263729444616,-0.014613319248206302,0.34911242603550297,True,-0.18311961141469316,1.0,0.3813796903316292,0.5
339-FARTCOIN-2026-05-26,FARTCOIN,2026-05-26,2026-05-27,2026-05,237,202,-0.1264416233734327,0.0012868987997623044,0.06868451688009314,-0.014613319248206302,0.34911242603550297,True,-0.1716443418013855,0.0,0.36577191336835924,0.0
340-VANRY-2026-05-27,VANRY,2026-05-27,2026-05-28,2026-05,237,202,0.08577162996814344,0.004682306711292579,0.06649168853893284,-0.056717135304013455,0.1893491124260355,True,-0.17175452196382407,1.0,0.3893695915972486,0.3333333333333333
341-EDU-2026-05-27,EDU,2026-05-27,2026-05-28,2026-05,237,202,0.015342480247770912,0.0036248250348008006,0.060093478744714046,-0.056717135304013455,0.1893491124260355,False,,0.6666666666666666,0.4719400934248665,0.6666666666666666
342-VIRTUAL-2026-05-27,VIRTUAL,2026-05-27,2026-05-28,2026-05,237,202,-0.0943843877724524,0.0024018068091225643,0.1283967391304348,-0.056717135304013455,0.1893491124260355,True,-0.17001908345652478,0.0,0.3535086012430547,0.0
343-ZORA-2026-05-27,ZORA,2026-05-27,2026-05-28,2026-05,237,202,-0.006136689118203989,0.0019936981108210202,0.057255676209279516,-0.056717135304013455,0.1893491124260355,True,0.05583691406249967,0.3333333333333333,0.4825996913415312,1.0
344-SXT-2026-05-28,SXT,2026-05-28,2026-05-29,2026-05,237,202,-0.09275055273916968,0.0029108216134289353,0.1888175985334557,-0.10069444444444431,0.14201183431952663,True,-0.07579019292604498,0.0,0.27019555928775624,0.0
345-FLOCK-2026-05-28,FLOCK,2026-05-28,2026-05-29,2026-05,237,202,0.11311904222850547,0.001244414298745427,0.116948542641238,-0.10069444444444431,0.14201183431952663,True,-0.18109579480020938,1.0,0.36972817168950683,0.5
346-EUL-2026-05-28,EUL,2026-05-28,2026-05-29,2026-05,237,202,-0.019923714495392316,0.0010232910744885717,0.09381095938996298,-0.10069444444444431,0.14201183431952663,True,-0.09351856899488921,0.5,0.41577229259385506,1.0
347-NEWT-2026-05-29,NEWT,2026-05-29,2026-05-30,2026-05,237,202,-0.0004051135626512195,0.006389404376062922,0.2945328927605888,-0.04532871972318331,0.22485207100591717,True,-0.17876462510299365,0.0,0.19185857071481208,0.0
348-TOWNS-2026-05-29,TOWNS,2026-05-29,2026-05-30,2026-05,237,202,0.0007016302252802058,0.0015177604060051997,0.07572614107883813,-0.04532871972318331,0.22485207100591717,True,-0.16839879959986648,1.0,0.3701121014748848,1.0
349-ZKC-2026-05-30,ZKC,2026-05-30,2026-05-31,2026-05,237,202,0.20195805975222025,0.0019972654474770296,0.040632054176072296,-0.06132853501274549,0.1834319526627219,True,-0.1830323905830304,1.0,0.5067204436868851,1.0
350-EPIC-2026-05-30,EPIC,2026-05-30,2026-05-31,2026-05,237,202,-0.20166154308959128,0.0014999293257444003,0.26984126984127,-0.06132853501274549,0.1834319526627219,True,1.087607520067596,0.0,0.43925377505694585,0.0
351-NEIRO-2026-06-01,NEIRO,2026-06-01,2026-06-02,2026-06,301,253,0.00011978539362387567,0.004339741237386395,0.06182339898265288,-0.0425303239674496,0.24260355029585798,True,-0.17005345990507148,1.0,0.29146964452628843,1.0
352-AIXBT-2026-06-02,AIXBT,2026-06-02,2026-06-03,2026-06,301,253,0.06677617191529467,0.006116611795151458,0.1514195583596214,-0.0925164473684209,0.20118343195266272,True,-0.23011818879508822,1.0,0.3445288414856166,1.0
353-TNSR-2026-06-02,TNSR,2026-06-02,2026-06-03,2026-06,301,253,-0.06653660112804691,0.001095866802964828,0.09918080748975999,-0.0925164473684209,0.20118343195266272,True,-0.18976730824475715,0.0,0.32216282406726354,0.0
354-SKL-2026-06-03,SKL,2026-06-03,2026-06-04,2026-06,301,253,0.05311810189874352,0.0017461526753196268,0.05758157389635321,-0.06166044776119417,0.25443786982248523,True,-0.1711711026615969,1.0,0.3553969647937701,1.0
355-1000BONK-2026-06-03,1000BONK,2026-06-03,2026-06-04,2026-06,301,253,-0.005336510583838433,0.0014083932066057791,0.07090464547677255,-0.06166044776119417,0.25443786982248523,True,-0.18790549930514167,0.5,0.33855062134268454,0.5
356-PROM-2026-06-03,PROM,2026-06-03,2026-06-04,2026-06,301,253,-0.047422235134033465,0.0011010664613966114,0.4212410501193318,-0.06166044776119417,0.25443786982248523,True,-0.17941221374045827,0.0,0.306330408201408,0.0
357-STO-2026-06-04,STO,2026-06-04,2026-06-05,2026-06,301,253,-0.06996193734595958,0.007389439648401843,0.2562068965517239,-0.10466477177729472,0.15384615384615385,True,-0.17284604129409853,0.0,0.23834175981217987,0.0
358-XNY-2026-06-04,XNY,2026-06-04,2026-06-05,2026-06,301,253,0.07020150813320734,0.0010210668107050863,0.18518518518518534,-0.10466477177729472,0.15384615384615385,True,-0.1984494968319048,1.0,0.26695150264570855,1.0
359-BLUR-2026-06-06,BLUR,2026-06-06,2026-06-07,2026-06,301,253,-0.006154912615883664,0.01604126307325191,0.08985132514544292,-0.2070467141726049,0.07100591715976332,True,-0.07194371257485034,0.4,0.3535296571072759,0.8
360-PHA-2026-06-06,PHA,2026-06-06,2026-06-07,2026-06,301,253,0.08400416432503756,0.012082574620940468,0.10904255319148937,-0.2070467141726049,0.07100591715976332,True,0.38812331406551065,1.0,0.4215842035650419,1.0
361-SXT-2026-06-06,SXT,2026-06-06,2026-06-07,2026-06,301,253,-0.028204336129945065,0.0015964286968116873,0.09595959595959602,-0.2070467141726049,0.07100591715976332,True,-0.1697860911270983,0.2,0.24935750816555086,0.0
362-RED-2026-06-06,RED,2026-06-06,2026-06-07,2026-06,301,253,0.029286302612184355,0.0013714573580375325,0.10997732426303863,-0.2070467141726049,0.07100591715976332,True,0.3687635206786851,0.8,0.32254920933762526,0.6
363-VIRTUAL-2026-06-06,VIRTUAL,2026-06-06,2026-06-07,2026-06,301,253,0.028102145469780758,0.0010768128473319174,0.0989603388525222,-0.2070467141726049,0.07100591715976332,True,0.23008197022606106,0.6,0.27941919552140665,0.4
364-XNY-2026-06-06,XNY,2026-06-06,2026-06-07,2026-06,301,253,-0.1063146512994307,0.0010153820458763349,0.2584593232541399,-0.2070467141726049,0.07100591715976332,True,0.0018123719786971454,0.0,0.263191429502551,0.2
365-NXPC-2026-06-07,NXPC,2026-06-07,2026-06-08,2026-06,301,253,0.00011978539362387567,0.003312635273941093,0.12668010752688175,-0.191311612364244,0.10650887573964497,True,-0.035931921331316244,1.0,0.2658906363114659,1.0
366-FIDA-2026-06-08,FIDA,2026-06-08,2026-06-09,2026-06,301,253,0.00011978539362387567,0.007158939252977397,0.23498233215547693,-0.18287461773700298,0.07100591715976332,True,-0.15229179464677506,1.0,0.32806265519878036,1.0
367-EDU-2026-06-09,EDU,2026-06-09,2026-06-10,2026-06,301,253,-0.06352905185269161,0.012271911360571637,0.10995154677599706,-0.15159171298635676,0.10650887573964497,True,0.01761336779911384,0.0,0.2659056770558426,0.0
368-POPCAT-2026-06-09,POPCAT,2026-06-09,2026-06-10,2026-06,301,253,0.08069447756873663,0.0037914744299318757,0.05096966683242177,-0.15159171298635676,0.10650887573964497,True,0.16640776699029117,1.0,0.2760603195696552,0.3333333333333333
369-EPIC-2026-06-09,EPIC,2026-06-09,2026-06-10,2026-06,301,253,-0.0632813472537894,0.0022884796813074666,0.25540179655256146,-0.15159171298635676,0.10650887573964497,True,0.22697671617824164,0.3333333333333333,0.27984018404456185,0.6666666666666666
370-HFT-2026-06-09,HFT,2026-06-09,2026-06-10,2026-06,301,253,0.04659506311223993,0.0012934625911893763,0.09839572192513346,-0.15159171298635676,0.10650887573964497,True,0.05217047817047834,0.6666666666666666,0.3054409380438849,1.0
371-USUAL-2026-06-10,USUAL,2026-06-10,2026-06-11,2026-06,301,253,0.09297256767321437,0.021933201004022056,0.07986870897155351,-0.17515364354697094,0.09467455621301775,True,-0.04630277185501063,1.0,0.425212794998884,1.0
372-EUL-2026-06-10,EUL,2026-06-10,2026-06-11,2026-06,301,253,-0.05361718962175289,0.0033464371146498233,0.06469947998548786,-0.17515364354697094,0.09467455621301775,True,0.28969684759421654,0.0,0.3538324163457828,0.5
373-WET-2026-06-10,WET,2026-06-10,2026-06-11,2026-06,301,253,-0.03899602187058985,0.0019695372063976233,0.06747306747306747,-0.17515364354697094,0.09467455621301775,True,0.19748150213794372,0.5,0.3451310667686925,0.0
374-SXT-2026-06-11,SXT,2026-06-11,2026-06-12,2026-06,301,253,0.00011978539362387567,0.016084590954860756,0.41989233529864123,-0.06886572814900238,0.20710059171597633,True,-0.16896774193548372,1.0,0.13869130851852499,1.0
375-RESOLV-2026-06-12,RESOLV,2026-06-12,2026-06-13,2026-06,301,253,-0.006128292856326314,0.026069867045002682,0.05387409200968518,0.01883239171374762,0.6331360946745562,True,-0.12134218289085556,0.3333333333333333,0.5214733714286522,1.0
376-KMNO-2026-06-12,KMNO,2026-06-12,2026-06-13,2026-06,301,253,0.06984776370687909,0.010920561808280726,0.21879021879021865,0.01883239171374762,0.6331360946745562,True,-0.009423274386765506,1.0,0.005544716478959035,0.0
377-BIO-2026-06-12,BIO,2026-06-12,2026-06-13,2026-06,301,253,-0.13195934705415763,0.0021730654808158802,0.08478552278820395,0.01883239171374762,0.6331360946745562,True,0.1665758176412291,0.0,0.43162778606915564,0.3333333333333333
378-TNSR-2026-06-12,TNSR,2026-06-12,2026-06-13,2026-06,301,253,0.0687190177781004,0.002002772720012611,0.03877052043311213,0.01883239171374762,0.6331360946745562,True,-0.045210652920962296,0.6666666666666666,0.4422499277351094,0.6666666666666666
379-FLOCK-2026-06-13,FLOCK,2026-06-13,2026-06-14,2026-06,301,253,0.00011978539362387567,0.0015505526324876718,0.17209876543209868,0.04757683215130015,0.7692307692307693,True,-0.16927868080094247,1.0,0.29135753270221154,1.0
380-SHELL-2026-06-14,SHELL,2026-06-14,2026-06-15,2026-06,301,253,0.00011978539362387567,0.001499675979425433,0.05183413078149912,0.03276955602537002,0.7751479289940828,True,-0.16786270022883312,1.0,0.4676477005453832,1.0
381-ZKC-2026-06-15,ZKC,2026-06-15,2026-06-16,2026-06,301,253,-0.18617043177228398,0.002146018453364113,0.13891531874405327,0.03480278422273786,0.757396449704142,True,-0.17247693452380958,0.0,0.27519763982987105,0.0
382-PIPPIN-2026-06-15,PIPPIN,2026-06-15,2026-06-16,2026-06,301,253,0.18641000255953172,0.00178676915034944,0.10581717451523542,0.03480278422273786,0.757396449704142,True,-0.2105562260010971,1.0,0.37991518254503964,1.0
383-TA-2026-06-16,TA,2026-06-16,2026-06-17,2026-06,301,253,0.17772149290152714,0.009493325776984314,0.1545347813325506,0.05549626467449298,0.8402366863905325,True,-0.03355181242420154,1.0,0.4360840352376341,1.0
384-FIGHT-2026-06-16,FIGHT,2026-06-16,2026-06-17,2026-06,301,253,-0.14822116304980898,0.0013423652621814173,0.15903307888040707,0.05549626467449298,0.8402366863905325,True,-0.17602814167879663,0.0,0.41392840249268675,0.0
385-GMX-2026-06-16,GMX,2026-06-16,2026-06-17,2026-06,301,253,-0.029140973670846542,0.001001874979009247,0.039735099337748325,0.05549626467449298,0.8402366863905325,True,-0.17928842247799617,0.5,0.42959231541370674,0.5
386-SAPIEN-2026-06-17,SAPIEN,2026-06-17,2026-06-18,2026-06,301,253,-0.02329311335993873,0.010883790676888003,0.10277531364846038,0.07717934480843991,0.9053254437869822,True,-0.09736568284142078,0.5,0.2552738539856851,0.0
387-C98-2026-06-17,C98,2026-06-17,2026-06-18,2026-06,301,253,-0.044225210426657856,0.0018370104038564746,0.07731958762886593,0.07717934480843991,0.9053254437869822,True,-0.18996749116607758,0.0,0.31277308741996973,0.5
388-NAORIS-2026-06-17,NAORIS,2026-06-17,2026-06-18,2026-06,301,253,0.06787767996746821,0.00117505864345095,0.08011676938047363,0.07717934480843991,0.9053254437869822,True,0.24285208798214822,1.0,0.35247810409345753,1.0
389-FLOCK-2026-06-18,FLOCK,2026-06-18,2026-06-19,2026-06,301,253,0.00011978539362387567,0.0016517476149551878,0.10838500943650597,-0.012876427829698778,0.4378698224852071,True,-0.19623205298013252,1.0,0.427803016913342,1.0
390-ZEREBRO-2026-06-19,ZEREBRO,2026-06-19,2026-06-20,2026-06,301,253,0.00011978539362387567,0.001867244221134003,0.27520443018321106,-0.017869415807560074,0.40828402366863903,True,-0.17295167917113244,1.0,0.4168176330165327,1.0
391-ANIME-2026-06-20,ANIME,2026-06-20,2026-06-21,2026-06,301,253,0.03617978134193349,0.013023865223269997,0.17225555947758564,-0.007534983853605959,0.4437869822485207,True,-0.17378940483976452,0.6,0.2287980261546003,0.2
392-BICO-2026-06-20,BICO,2026-06-20,2026-06-21,2026-06,301,253,-0.06523248877174188,0.012213687558429425,1.1348314606741572,-0.007534983853605959,0.4437869822485207,True,-0.2551934969716291,0.2,0.17482949978905432,0.0
393-VANRY-2026-06-20,VANRY,2026-06-20,2026-06-21,2026-06,301,253,0.037653917253965614,0.004708048606905897,0.18087697929354452,-0.007534983853605959,0.4437869822485207,True,-0.19117721518987327,0.8,0.30248264861365365,0.4
394-PHA-2026-06-20,PHA,2026-06-20,2026-06-21,2026-06,301,253,-0.10145195752882472,0.003092694720979077,0.078925272879933,-0.007534983853605959,0.4437869822485207,True,-0.1684501607717039,0.0,0.4471537977336264,1.0
395-TNSR-2026-06-20,TNSR,2026-06-20,2026-06-21,2026-06,301,253,-0.061510808096978516,0.0017089114664019505,0.18295292439372313,-0.007534983853605959,0.4437869822485207,True,0.7328952658884565,0.4,0.3443351120558747,0.8
396-PIPPIN-2026-06-20,PIPPIN,2026-06-20,2026-06-21,2026-06,301,253,0.15508026816338918,0.0010110817202375404,0.1447282252783233,-0.007534983853605959,0.4437869822485207,True,-0.19160830860534137,1.0,0.30574854465056095,0.6
397-USUAL-2026-06-21,USUAL,2026-06-21,2026-06-22,2026-06,301,253,0.0451835456018241,0.012933425391948495,0.06026557711950975,-0.04428807947019875,0.27218934911242604,False,,1.0,0.5128186993446983,1.0
398-MUBARAK-2026-06-21,MUBARAK,2026-06-21,2026-06-22,2026-06,301,253,-0.04618310497430491,0.0010844163509154117,0.09441233140655103,-0.04428807947019875,0.27218934911242604,True,-0.18809022556390997,0.0,0.30497585632973456,0.0
399-LSK-2026-06-21,LSK,2026-06-21,2026-06-22,2026-06,301,253,0.0013589155533524288,0.0010319902309510866,0.05909617612977969,-0.04428807947019875,0.27218934911242604,True,-0.17452607184241023,0.5,0.4187067409897337,0.5
400-TNSR-2026-06-22,TNSR,2026-06-22,2026-06-23,2026-06,301,253,-0.01777254821836462,0.008002115399148024,0.3914081145584727,-0.05135032331685052,0.23668639053254437,False,,0.0,0.18054563891929043,1.0
401-TAIKO-2026-06-22,TAIKO,2026-06-22,2026-06-23,2026-06,301,253,0.018012119005612375,0.0019109625027011342,0.36115107913669053,-0.05135032331685052,0.23668639053254437,True,-0.1717454031117396,1.0,0.10201479026764454,0.0
402-WET-2026-06-23,WET,2026-06-23,2026-06-24,2026-06,301,253,0.00011978539362387567,0.004019933711501065,0.1542591267000717,-0.07663551401869151,0.1834319526627219,True,0.14684089310829812,1.0,0.2461478766958583,1.0
403-ID-2026-06-24,ID,2026-06-24,2026-06-25,2026-06,301,253,-0.08108462552386961,0.02719669970195941,0.2843107153822535,-0.09611829944547123,0.1242603550295858,True,-0.04837770163415946,0.0,0.2587109900604944,0.6666666666666666
404-COOKIE-2026-06-24,COOKIE,2026-06-24,2026-06-25,2026-06,301,253,-0.06876448641083566,0.012680221395787967,0.18717277486910988,-0.09611829944547123,0.1242603550295858,True,0.23487077294686018,0.3333333333333333,0.2867756444415922,1.0
405-AVNT-2026-06-24,AVNT,2026-06-24,2026-06-25,2026-06,301,253,0.08882043052268716,0.0012018955134434266,0.19358178053830222,-0.09611829944547123,0.1242603550295858,True,-0.1767300672430357,1.0,0.23614484602669558,0.0
406-PORTAL-2026-06-24,PORTAL,2026-06-24,2026-06-25,2026-06,301,253,0.06150782298651364,0.0010535241660385383,0.1866141732283466,-0.09611829944547123,0.1242603550295858,True,-0.06001787043931482,0.6666666666666666,0.25276337678799116,0.3333333333333333
407-POPCAT-2026-06-25,POPCAT,2026-06-25,2026-06-26,2026-06,301,253,0.00011978539362387567,0.0010471580932601612,0.359893436667474,-0.09286367795059469,0.17159763313609466,True,-0.1719075611397799,1.0,0.3216885449980767,1.0
408-AIOT-2026-06-26,AIOT,2026-06-26,2026-06-27,2026-06,301,253,0.1371916675316345,0.0749394981308686,0.10020661157024802,-0.06727152024784233,0.22485207100591717,True,-0.057690042075736366,0.8,0.1355050602234717,0.0
409-FORM-2026-06-26,FORM,2026-06-26,2026-06-27,2026-06,301,253,0.16427449171047842,0.022147233354636028,0.0692158760890611,-0.06727152024784233,0.22485207100591717,True,-0.12899768625636254,1.0,0.38966013329889343,1.0
410-RESOLV-2026-06-26,RESOLV,2026-06-26,2026-06-27,2026-06,301,253,-0.11506440827458736,0.004946590157256919,0.1343930635838151,-0.06727152024784233,0.22485207100591717,True,-0.18063207106124365,0.0,0.34303564822612437,0.6
411-ZORA-2026-06-26,ZORA,2026-06-26,2026-06-27,2026-06,301,253,-0.08231676532686923,0.0012522242448567546,0.06308477459597372,-0.06727152024784233,0.22485207100591717,True,-0.15283289272297187,0.2,0.30781306664021746,0.2
412-PIPPIN-2026-06-26,PIPPIN,2026-06-26,2026-06-27,2026-06,301,253,-0.03574099073278319,0.001057900549049543,0.14546640574037828,-0.06727152024784233,0.22485207100591717,True,0.4428928143712573,0.6,0.3113507391947402,0.4
413-BAND-2026-06-26,BAND,2026-06-26,2026-06-27,2026-06,301,253,-0.06762528254612994,0.001029237197396019,0.08639308855291583,-0.06727152024784233,0.22485207100591717,True,0.22147210884353735,0.4,0.361040455996167,0.8
414-SXT-2026-06-27,SXT,2026-06-27,2026-06-28,2026-06,301,253,0.14485417198107603,0.016212803085990237,0.058222222222222175,-0.0968530400244424,0.14792899408284024,True,-0.05178483999410096,1.0,0.4780702095062082,1.0
415-AGLD-2026-06-27,AGLD,2026-06-27,2026-06-28,2026-06,301,253,-0.1446146011938283,0.004195468237773491,0.3998959958398336,-0.0968530400244424,0.14792899408284024,True,-0.18892960462873676,0.0,0.19805767773751612,0.0
416-GMT-2026-06-29,GMT,2026-06-29,2026-06-30,2026-06,301,253,0.19739790013858144,0.020197413941172793,0.045698924731182755,-0.060221870047543424,0.23076923076923078,True,-0.05007641633728603,1.0,0.4496705130778808,1.0
417-POWR-2026-06-29,POWR,2026-06-29,2026-06-30,2026-06,301,253,-0.17407154375022718,0.0042650519081136925,0.2734567901234568,-0.060221870047543424,0.23076923076923078,True,-0.17185363020329134,0.0,0.18010884744935132,0.0
418-MAGIC-2026-06-29,MAGIC,2026-06-29,2026-06-30,2026-06,301,253,-0.022967000207482643,0.002387241501338873,0.1334878331402085,-0.060221870047543424,0.23076923076923078,True,-0.16959384893713245,0.5,0.34466995524211735,0.5
419-VANRY-2026-07-01,VANRY,2026-07-01,2026-07-02,2026-07,371,317,-0.06678178619264853,0.0038094066759752064,0.12922326715430166,-0.0015576323987539498,0.4911242603550296,True,-0.20116129032258048,0.16666666666666666,0.30677203048432794,0.3333333333333333
420-IN-2026-07-01,IN,2026-07-01,2026-07-02,2026-07,371,317,-0.10435997563532916,0.0025164520864925473,0.230926430517711,-0.0015576323987539498,0.4911242603550296,True,-0.16991788953009077,0.0,0.15655108393099443,0.0
421-EDU-2026-07-01,EDU,2026-07-01,2026-07-02,2026-07,371,317,0.04906662765740666,0.002120542489163012,0.062172546280125696,-0.0015576323987539498,0.4911242603550296,True,-0.019161842105263168,0.6666666666666666,0.41658351586989284,1.0
422-ZKC-2026-07-01,ZKC,2026-07-01,2026-07-02,2026-07,371,317,0.06275572822801255,0.0013385620992310459,0.08027243979567,-0.0015576323987539498,0.4911242603550296,True,-0.014876435461644555,0.8333333333333334,0.36890501048766977,0.8333333333333334
423-SKL-2026-07-01,SKL,2026-07-01,2026-07-02,2026-07,371,317,0.0737368173971953,0.0013357550206216724,0.07208817396484957,-0.0015576323987539498,0.4911242603550296,True,0.8276560383747181,1.0,0.3273265265686112,0.5
424-RLC-2026-07-01,RLC,2026-07-01,2026-07-02,2026-07,371,317,0.01959132257373074,0.001191428930238541,0.0833634067123783,-0.0015576323987539498,0.4911242603550296,True,-0.021559782608695767,0.5,0.345868678293711,0.6666666666666666
425-PEOPLE-2026-07-01,PEOPLE,2026-07-01,2026-07-02,2026-07,371,317,-0.028250113669790924,0.001068896670264905,0.07346264960792426,-0.0015576323987539498,0.4911242603550296,True,0.27136867182846935,0.3333333333333333,0.2751416730956398,0.16666666666666666
426-AIXBT-2026-07-02,AIXBT,2026-07-02,2026-07-03,2026-07,371,317,0.11432988639927623,0.003775928931630948,0.06451612903225801,0.030124908155767738,0.7100591715976331,True,-0.11975520833333306,1.0,0.37231046295620207,1.0
427-WET-2026-07-02,WET,2026-07-02,2026-07-03,2026-07,371,317,-0.11268456629682576,0.0015406858841087371,0.1213661636219221,0.030124908155767738,0.7100591715976331,False,,0.0,0.35309777487156485,0.0
428-PHA-2026-07-03,PHA,2026-07-03,2026-07-04,2026-07,371,317,-0.10446049436464219,0.004507032103166322,0.07027027027027044,0.046527777777777724,0.7869822485207101,True,-0.17189001883239174,0.0,0.3396913798946208,1.0
429-SIGN-2026-07-03,SIGN,2026-07-03,2026-07-04,2026-07,371,317,0.10610581446709266,0.001005254868047464,0.03496831729640926,0.046527777777777724,0.7869822485207101,True,-0.052126918671248634,1.0,0.30032497927985075,0.0
430-STO-2026-07-04,STO,2026-07-04,2026-07-05,2026-07,371,317,0.11262708839044237,0.007445360487227369,0.04256684491978602,0.06987331749802062,0.8402366863905325,True,-0.169305625524769,1.0,0.37786210828874095,0.75
431-ZRO-2026-07-04,ZRO,2026-07-04,2026-07-05,2026-07,371,317,0.05173266734664808,0.004210659998914964,0.06968048946295036,0.06987331749802062,0.8402366863905325,True,-0.03313383921698,0.75,0.2976049789938697,0.25
432-ACU-2026-07-04,ACU,2026-07-04,2026-07-05,2026-07,371,317,-0.02600175953813002,0.0021978448625505267,0.10427807486631013,0.06987331749802062,0.8402366863905325,True,-0.16737073597400998,0.5,0.28872125490185946,0.0
433-PORTAL-2026-07-04,PORTAL,2026-07-04,2026-07-05,2026-07,371,317,-0.07300675299988035,0.0013280197334093946,0.08601286173633449,0.06987331749802062,0.8402366863905325,True,-0.1705559906029756,0.0,0.31396854850358025,0.5
434-BARD-2026-07-04,BARD,2026-07-04,2026-07-05,2026-07,371,317,-0.06123794294295391,0.001178237216155262,0.04292168674698793,0.06987331749802062,0.8402366863905325,True,-0.16887164179104489,0.25,0.41225714926162466,1.0
435-SKYAI-2026-07-05,SKYAI,2026-07-05,2026-07-06,2026-07,371,317,-0.07252213746878668,0.08744512372657869,0.22910462576930724,0.05314564780235553,0.834319526627219,True,-0.17471516863853073,0.0,0.15690618682519128,0.0
436-PHA-2026-07-05,PHA,2026-07-05,2026-07-06,2026-07,371,317,0.07416745757123715,0.0013127014620883404,0.04986258343148808,0.05314564780235553,0.834319526627219,False,,1.0,0.3837738789786717,1.0
437-C98-2026-07-06,C98,2026-07-06,2026-07-07,2026-07,371,317,0.06573171834579009,0.004296616337012984,0.06984126984126982,0.03811230585424141,0.7633136094674556,True,-0.0442909090909091,1.0,0.37531054197908165,0.5
438-ZRO-2026-07-06,ZRO,2026-07-06,2026-07-07,2026-07,371,317,-0.06125459845117912,0.0035528392869282554,0.15648188563945875,0.03811230585424141,0.7633136094674556,False,,0.0,0.3093216877283669,0.0
439-XNY-2026-07-06,XNY,2026-07-06,2026-07-07,2026-07,371,317,-0.0020091397409352603,0.0011483669734976129,0.10011018416496142,0.03811230585424141,0.7633136094674556,True,-0.1708969963369963,0.5,0.475944302277681,1.0
440-PIPPIN-2026-07-07,PIPPIN,2026-07-07,2026-07-08,2026-07,371,317,-0.10575828664678229,0.00202800483677545,0.14645858343337315,0.022869022869022926,0.6863905325443787,True,-0.09323108747044952,0.0,0.36034296326991105,1.0
441-FARTCOIN-2026-07-07,FARTCOIN,2026-07-07,2026-07-08,2026-07,371,317,0.10740360674923276,0.0011139359691918899,0.09001956947162437,0.022869022869022926,0.6863905325443787,True,-0.17682238126219926,1.0,0.3479118699205633,0.0
442-JOE-2026-07-08,JOE,2026-07-08,2026-07-09,2026-07,371,317,-0.0005682254807509309,0.002303586305809391,0.04259927797833929,-0.005036630036630019,0.46153846153846156,True,-0.012246808510638415,0.6666666666666666,0.3238256897808113,0.6666666666666666
443-COOKIE-2026-07-08,COOKIE,2026-07-08,2026-07-09,2026-07,371,317,-0.0019942506445021135,0.0020099905367888,0.06536697247706424,-0.005036630036630019,0.46153846153846156,True,-0.08009029345372443,0.3333333333333333,0.3505202212742714,1.0
444-TNSR-2026-07-08,TNSR,2026-07-08,2026-07-09,2026-07,371,317,0.020163848684915928,0.001297134115961393,0.0716957605985038,-0.005036630036630019,0.46153846153846156,True,-0.07211393939393937,1.0,0.30837910588955336,0.3333333333333333
445-PORTAL-2026-07-08,PORTAL,2026-07-08,2026-07-09,2026-07,371,317,-0.01431073235476193,0.0011533319748855445,0.07499999999999996,-0.005036630036630019,0.46153846153846156,True,-0.17217316017316014,0.0,0.28636837996836145,0.0
446-MELANIA-2026-07-09,MELANIA,2026-07-09,2026-07-10,2026-07,371,317,0.0008226600512252348,0.005556465236328872,0.04228855721393043,-0.012730744748567835,0.3905325443786982,True,-0.03918750000000022,1.0,0.46297089872758695,1.0
447-SKL-2026-07-10,SKL,2026-07-10,2026-07-11,2026-07,371,317,0.10404181818915609,0.001897267616554907,0.544837980406933,-0.033197831978319714,0.2958579881656805,False,,1.0,0.19432831670446188,0.0
448-REZ-2026-07-10,REZ,2026-07-10,2026-07-11,2026-07,371,317,-0.10239649808670562,0.001391314593504691,0.03134441087613293,-0.033197831978319714,0.2958579881656805,True,-0.16883624210917197,0.0,0.3510371720209565,1.0
449-XPIN-2026-07-11,XPIN,2026-07-11,2026-07-12,2026-07,371,317,0.023594289838592804,0.0011156469791408332,0.36446331109763475,-0.04716721672167212,0.20118343195266272,True,-0.22628077314343834,1.0,0.12565174813469643,0.0
450-SXT-2026-07-11,SXT,2026-07-11,2026-07-12,2026-07,371,317,-0.021948969736142333,0.0010900617364726956,0.49600228440890914,-0.04716721672167212,0.20118343195266272,True,-0.17168691938067263,0.0,0.19456096446082388,1.0
451-C98-2026-07-12,C98,2026-07-12,2026-07-13,2026-07,371,317,-0.13350383079441983,0.00414659312931704,0.07744874715261951,-0.05668650172251799,0.21301775147928995,False,,0.0,0.2767789368789703,0.0
452-MUBARAK-2026-07-12,MUBARAK,2026-07-12,2026-07-13,2026-07,371,317,0.13514915089687027,0.001001244086476584,0.0708035003977725,-0.05668650172251799,0.21301775147928995,True,-0.12959177215189874,1.0,0.29176845047587374,1.0
453-SKYAI-2026-07-14,SKYAI,2026-07-14,2026-07-15,2026-07,371,317,0.0405469160445528,0.08671145301052183,0.08543046357615869,-0.011462313303230331,0.378698224852071,True,-0.02310152945004892,0.6666666666666666,0.46217782688348913,1.0
454-PROMPT-2026-07-14,PROMPT,2026-07-14,2026-07-15,2026-07,371,317,-0.10579878636346685,0.0153801157980748,0.07001044932079425,-0.011462313303230331,0.378698224852071,True,0.040314674735249655,0.0,0.31676637521566614,0.6666666666666666
455-SHELL-2026-07-14,SHELL,2026-07-14,2026-07-15,2026-07,371,317,-0.028429385016352494,0.0020603343289277818,0.10155440414507777,-0.011462313303230331,0.378698224852071,True,-0.06738148873653291,0.3333333333333333,0.2631994134850367,0.3333333333333333
456-UB-2026-07-14,UB,2026-07-14,2026-07-15,2026-07,371,317,0.0969718955401675,0.0012092708193588357,0.12052834342322516,-0.011462313303230331,0.378698224852071,True,0.3035322342849486,1.0,0.24969938470301528,0.0
457-VANRY-2026-07-15,VANRY,2026-07-15,2026-07-16,2026-07,371,317,-0.03915580476855338,0.008156069083011145,0.1343226788432268,0.0,0.4970414201183432,True,-0.1372760255241568,0.3333333333333333,0.37044373486891424,0.6666666666666666
458-FIGHT-2026-07-15,FIGHT,2026-07-15,2026-07-16,2026-07,371,317,-0.010836764119731938,0.0059754594550982445,0.09525336754329694,0.0,0.4970414201183432,True,-0.03303771172898683,0.6666666666666666,0.2569573807661188,0.0
459-BLUR-2026-07-15,BLUR,2026-07-15,2026-07-16,2026-07,371,317,-0.05962418570093582,0.00478359385690302,0.04767879548306153,0.0,0.4970414201183432,True,-0.16816534954407295,0.0,0.42600749938684196,1.0
460-POPCAT-2026-07-15,POPCAT,2026-07-15,2026-07-16,2026-07,371,317,0.1129073947941221,0.0010103550043015354,0.049662921348314626,0.0,0.4970414201183432,True,-0.16833370214649265,1.0,0.3305558620834323,0.3333333333333333
461-AVNT-2026-07-16,AVNT,2026-07-16,2026-07-17,2026-07,371,317,0.0008226600512252348,0.0033257033118137473,0.07547169811320753,-0.0274364104029724,0.2603550295857988,True,-0.16918141592920363,1.0,0.3254198483065202,1.0
462-C98-2026-07-17,C98,2026-07-17,2026-07-18,2026-07,371,317,-0.07524627789815176,0.006708277193136578,0.04068857589984343,-0.04393673110720553,0.21301775147928995,False,,0.0,0.3397177847369622,1.0
463-HOME-2026-07-17,HOME,2026-07-17,2026-07-18,2026-07,371,317,0.07689159800060223,0.004754314899692417,0.3778990450204638,-0.04393673110720553,0.21301775147928995,True,-0.20092193308550205,1.0,0.11261319264202856,0.0
464-TRB-2026-07-18,TRB,2026-07-18,2026-07-19,2026-07,371,317,-0.037328802421061257,0.002805250119484171,0.05730405818775064,-0.03349001175088118,0.26627218934911245,True,-0.17779770892996616,0.5,0.27594815343760526,0.5
465-FARTCOIN-2026-07-18,FARTCOIN,2026-07-18,2026-07-19,2026-07,371,317,-0.04861169071744445,0.002639211351423292,0.06603773584905648,-0.03349001175088118,0.26627218934911245,True,-0.17124163568773243,0.0,0.26056328962116704,0.0
466-JOE-2026-07-18,JOE,2026-07-18,2026-07-19,2026-07,371,317,0.08840847329218142,0.002204816292035017,0.027180067950169917,-0.03349001175088118,0.26627218934911245,False,,1.0,0.35077214649822475,1.0
467-FLOCK-2026-07-19,FLOCK,2026-07-19,2026-07-20,2026-07,371,317,0.04092198192078115,0.0015945399548875844,0.05575480925986298,-0.030852994555353952,0.26627218934911245,True,-0.17569930511686677,1.0,0.290255700556382,0.0
468-POPCAT-2026-07-19,POPCAT,2026-07-19,2026-07-20,2026-07,371,317,-0.03927666181833068,0.0010837137611503405,0.04364326375711558,-0.030852994555353952,0.26627218934911245,False,,0.0,0.2953092342495158,1.0
469-C98-2026-07-20,C98,2026-07-20,2026-07-21,2026-07,371,317,0.0008226600512252348,0.005992176116619366,0.07033144704931282,0.0022222222222221255,0.5207100591715976,True,-0.1743333333333332,1.0,0.36248313063056586,1.0
470-AIOT-2026-07-21,AIOT,2026-07-21,2026-07-22,2026-07,371,317,0.04286528412944572,0.02533166134001192,0.12235915492957727,-0.006549678695007444,0.40236686390532544,True,-0.1920589854502556,1.0,0.5488219283127058,1.0
471-NEWT-2026-07-21,NEWT,2026-07-21,2026-07-22,2026-07,371,317,-0.04121996402699525,0.014367646827615084,0.049147217235188556,-0.006549678695007444,0.40236686390532544,True,-0.17671948797175013,0.0,0.18961988886369513,0.0
472-FLOCK-2026-07-22,FLOCK,2026-07-22,2026-07-23,2026-07,371,317,0.07390090313614263,0.0019714042245572764,0.06234015345268551,-0.011645226811103582,0.39644970414201186,False,,1.0,0.4228092944392546,1.0
473-PROM-2026-07-22,PROM,2026-07-22,2026-07-23,2026-07,371,317,-0.07225558303369216,0.001506771158619234,0.32137518684603883,-0.011645226811103582,0.39644970414201186,True,-0.1708315789473685,0.0,0.2612345002257816,0.0
474-LISTA-2026-07-23,LISTA,2026-07-23,2026-07-24,2026-07,371,317,0.0008226600512252348,0.004849758351096977,0.12917023096663804,-0.016338655774229438,0.3609467455621302,True,-0.1697361809045226,1.0,0.14484569509661915,1.0
475-ICNT-2026-07-24,ICNT,2026-07-24,2026-07-25,2026-07,371,317,-0.01216087268897603,0.0019624187425052106,0.04081632653061229,-0.022248243559718994,0.3905325443786982,True,-0.16805660377358497,0.0,0.672730151370328,1.0
476-FHE-2026-07-24,FHE,2026-07-24,2026-07-25,2026-07,371,317,0.0138061927914265,0.0012930121520999102,0.10169491525423724,-0.022248243559718994,0.3905325443786982,True,-0.1719086491739553,1.0,0.3068185560036992,0.0
477-EPIC-2026-07-25,EPIC,2026-07-25,2026-07-26,2026-07,371,317,-0.06666440619201462,0.0032617066066406583,0.27699130138154526,-0.009284731774415467,0.42011834319526625,True,-0.26561617775196056,0.3333333333333333,0.2930969308511499,0.3333333333333333
478-WOO-2026-07-25,WOO,2026-07-25,2026-07-26,2026-07,371,317,0.07482250378078806,0.0026532988852188385,0.020128824476650653,-0.009284731774415467,0.42011834319526625,True,-0.16679077167859982,0.6666666666666666,0.6186247542231161,1.0
479-GMT-2026-07-25,GMT,2026-07-25,2026-07-26,2026-07,371,317,0.07541097048217278,0.0017553379377373102,0.06187509056658458,-0.009284731774415467,0.42011834319526625,True,-0.1684698341925597,1.0,0.3291580720573013,0.6666666666666666
480-ZKC-2026-07-25,ZKC,2026-07-25,2026-07-26,2026-07,371,317,-0.08027842786604523,0.001392699827462427,0.08735578055097704,-0.009284731774415467,0.42011834319526625,True,-0.1722605219844814,0.0,0.24006989813475013,0.0
481-FARTCOIN-2026-07-26,FARTCOIN,2026-07-26,2026-07-27,2026-07,371,317,0.0008226600512252348,0.002480555775490814,0.06640000000000001,0.005924170616113722,0.5857988165680473,True,-0.17420855213803454,1.0,0.34182704696032884,1.0
482-ANIME-2026-07-29,ANIME,2026-07-29,2026-07-30,2026-07,371,317,-0.0429851035772963,0.013018783021617497,0.0754237288135593,-0.09495896834701045,0.15384615384615385,False,,0.25,0.4516080298615834,1.0
483-COOKIE-2026-07-29,COOKIE,2026-07-29,2026-07-30,2026-07,371,317,-0.07619026450904941,0.004852258816760038,0.10931174089068829,-0.09495896834701045,0.15384615384615385,False,,0.0,0.3045562105432815,0.25
484-C98-2026-07-29,C98,2026-07-29,2026-07-30,2026-07,371,317,0.04259046234416831,0.0033119412847010775,0.08899082568807337,-0.09495896834701045,0.15384615384615385,False,,0.75,0.31135709559755415,0.5
485-JOE-2026-07-29,JOE,2026-07-29,2026-07-30,2026-07,371,317,-0.015600549211152188,0.0027547427656115513,0.09737991266375534,-0.09495896834701045,0.15384615384615385,False,,0.5,0.32526048061741014,0.75
486-VANRY-2026-07-29,VANRY,2026-07-29,2026-07-30,2026-07,371,317,0.09629875520945576,0.0019075391054968916,0.10829607550919018,-0.09495896834701045,0.15384615384615385,True,-0.16834734153703274,1.0,0.30165436546825325,0.0
487-WET-2026-07-30,WET,2026-07-30,2026-07-31,2026-07,371,317,0.021084988881982878,0.001508750225292817,0.05116002379536,-0.06274461839530332,0.20118343195266272,False,,0.5,0.34127685885791614,0.0
488-ZORA-2026-07-30,ZORA,2026-07-30,2026-07-31,2026-07,371,317,0.14682226459522554,0.0014277988442291173,0.028525296017222868,-0.06274461839530332,0.20118343195266272,False,,1.0,0.3447988240466075,0.5
489-EDU-2026-07-30,EDU,2026-07-30,2026-07-31,2026-07,371,317,-0.16543927332353273,0.0012330555985201905,0.053040103492884905,-0.06274461839530332,0.20118343195266272,False,,0.0,0.3890517145100353,1.0
490-C98-2026-08-01,C98,2026-08-01,2026-08-02,2026-08,435,368,0.0006134109009139853,0.0012342657536137263,0.04604691572545616,-0.059743160245672944,0.21301775147928995,False,,1.0,0.28708274883969204,1.0
491-EUL-2026-08-02,EUL,2026-08-02,2026-08-03,2026-08,435,368,0.058756356235637734,0.005390897824566659,0.2039269472316465,-0.06855487608625688,0.21301775147928995,False,,1.0,0.13058395644846174,0.0
492-AIXBT-2026-08-02,AIXBT,2026-08-02,2026-08-03,2026-08,435,368,-0.057529534433809766,0.00428162825660602,0.059237536656891576,-0.06855487608625688,0.21301775147928995,False,,0.0,0.3009187337304252,1.0
