month,feature,standardized_coefficient
2026-04,log_f7c_share,0.3890605926436032
2026-04,rank_pct,-0.6083418262986738
2026-04,log_cluster_amount,-0.9047858345197928
2026-04,signal_open_close_return,0.11820983449337082
2026-04,return_1d,-0.0735228020528735
2026-04,return_3d,0.7959859409051291
2026-04,return_7d,-0.20957261403137725
2026-04,range_pct,-0.16735731347540556
2026-04,close_location,0.09004418529727673
2026-04,volume_ratio_20d,-0.054799940562066496
2026-04,distance_20d_high,-0.10486795576790695
2026-04,volatility_7d,-1.0459029440469
2026-04,flow_change_cluster_share,-0.6671188680775756
2026-04,positive_flow_days_7d,0.8813762277161509
2026-04,negative_flow_days_7d,0.43604978186547727
2026-04,flow_event_count_7d,0.11175240396377616
2026-04,listing_age_days,-0.03630855840851462
2026-05,log_f7c_share,0.693155981874251
2026-05,rank_pct,-0.15110979342963124
2026-05,log_cluster_amount,-0.9572788828174682
2026-05,signal_open_close_return,0.36567638286591414
2026-05,return_1d,0.10511121984608797
2026-05,return_3d,0.40744851774153323
2026-05,return_7d,-0.14591213313473464
2026-05,range_pct,-0.12003214809506393
2026-05,close_location,-0.183297717123201
2026-05,volume_ratio_20d,-0.20289893122520294
2026-05,distance_20d_high,-0.050529485418788454
2026-05,volatility_7d,-0.958089131988406
2026-05,flow_change_cluster_share,-0.5500574136548246
2026-05,positive_flow_days_7d,0.8219104386594548
2026-05,negative_flow_days_7d,0.331854477622901
2026-05,flow_event_count_7d,-0.13934869206435269
2026-05,listing_age_days,-0.0934052291614603
2026-06,log_f7c_share,0.9984601468769068
2026-06,rank_pct,0.22924793913156474
2026-06,log_cluster_amount,-0.7666964776135697
2026-06,signal_open_close_return,0.35302033195265564
2026-06,return_1d,0.08374521168458655
2026-06,return_3d,0.5867845088902452
2026-06,return_7d,0.3844748192349882
2026-06,range_pct,-0.3249036301322528
2026-06,close_location,-0.23276091287081682
2026-06,volume_ratio_20d,-0.22309716564168874
2026-06,distance_20d_high,-0.329511832360708
2026-06,volatility_7d,-0.8010293798437601
2026-06,flow_change_cluster_share,-0.5389085774482254
2026-06,positive_flow_days_7d,0.6577977653888756
2026-06,negative_flow_days_7d,0.5118282885145299
2026-06,flow_event_count_7d,-0.3048634799779447
2026-06,listing_age_days,-0.4088130008082112
2026-07,log_f7c_share,0.6744779273809148
2026-07,rank_pct,-0.044973047788342616
2026-07,log_cluster_amount,-0.8518254817082839
2026-07,signal_open_close_return,0.17884225206273213
2026-07,return_1d,0.027871684572366152
2026-07,return_3d,0.3857925157283654
2026-07,return_7d,0.11028829515128025
2026-07,range_pct,-0.20738434499099187
2026-07,close_location,0.03521581172346928
2026-07,volume_ratio_20d,-0.04936221206819126
2026-07,distance_20d_high,-0.11766150311030765
2026-07,volatility_7d,-0.7257698821339771
2026-07,flow_change_cluster_share,-0.4233080516196074
2026-07,positive_flow_days_7d,0.6801067223964842
2026-07,negative_flow_days_7d,0.6044690520824149
2026-07,flow_event_count_7d,-0.16285407847698288
2026-07,listing_age_days,-0.33686005163849997
