symbol,signal_episodes,executed_trades,skipped_same_symbol_overlap,right_censored_trades,winning_trades,win_rate,final_equity,total_return,classification
ZEREBRO,1,1,0,0,0,0.0,0.9481144962486603,-0.05188550375133971,negative
FHE,3,3,0,0,2,0.6666666666666666,1.149747079488791,0.14974707948879096,positive
SAPIEN,2,2,0,0,0,0.0,0.9621287107818431,-0.037871289218156856,negative
TNSR,12,9,3,0,2,0.2222222222222222,0.9628912539029253,-0.03710874609707471,negative
NIL,3,3,0,0,0,0.0,0.8924204044921086,-0.10757959550789142,negative
BAS,1,1,0,0,1,1.0,1.585958453373768,0.5859584533737681,positive
PIPPIN,7,7,0,0,1,0.14285714285714285,0.8602806696646954,-0.1397193303353046,negative
ALLO,0,0,0,0,0,,1.0,0.0,no_trade
TRADOOR,2,2,0,0,1,0.5,1.1957146127962854,0.19571461279628544,positive
CROSS,1,1,0,0,0,0.0,0.9496478760045924,-0.05035212399540756,negative
BICO,3,3,0,0,1,0.3333333333333333,1.0310358023398816,0.03103580233988157,positive
TAIKO,1,1,0,0,0,0.0,0.9484763790664781,-0.05152362093352192,negative
AGT,1,1,0,0,0,0.0,0.949299689762151,-0.050700310237849044,negative
DOLO,1,1,0,0,1,1.0,1.0222375670840786,0.022237567084078647,positive
STO,6,5,1,0,2,0.4,0.8882610888245195,-0.11173891117548052,negative
BAN,0,0,0,0,0,,1.0,0.0,no_trade
BR,3,3,0,0,0,0.0,0.9168235530314836,-0.08317644696851645,negative
SOLV,2,2,0,0,1,0.5,1.1898231139124664,0.18982311391246642,positive
PORTAL,6,6,0,0,2,0.3333333333333333,1.3226035641510916,0.3226035641510916,positive
UB,2,2,0,0,2,1.0,1.1845306788286036,0.18453067882860363,positive
MELANIA,4,4,0,0,1,0.25,1.1674881200668248,0.16748812006682479,positive
API3,0,0,0,0,0,,1.0,0.0,no_trade
POWER,2,2,0,0,2,1.0,1.0964410880800812,0.09644108808008123,positive
VANRY,9,9,0,0,2,0.2222222222222222,0.7339515329349723,-0.2660484670650277,negative
IN,2,2,0,0,0,0.0,0.9013372219895601,-0.09866277801043988,negative
AXS,4,4,0,0,2,0.5,1.012358027821675,0.012358027821675055,positive
LSK,1,1,0,0,0,0.0,0.9476421784472769,-0.05235782155272306,negative
HYPER,2,1,1,0,0,0.0,0.9482667387777177,-0.05173326122228228,negative
MYX,0,0,0,0,0,,1.0,0.0,no_trade
TA,3,3,0,0,2,0.6666666666666666,1.1108028475888156,0.11080284758881564,positive
RESOLV,3,3,0,0,0,0.0,0.8990276797921419,-0.10097232020785807,negative
ALCH,0,0,0,0,0,,1.0,0.0,no_trade
SIGN,2,2,0,0,0,0.0,0.928137536034069,-0.07186246396593099,negative
PHA,7,5,2,0,3,0.6,1.1329359787400977,0.13293597874009766,positive
SAHARA,0,0,0,0,0,,1.0,0.0,no_trade
AIOT,2,2,0,0,0,0.0,0.9260724819278507,-0.07392751807214926,negative
PIEVERSE,1,1,0,0,0,0.0,0.9587896575627339,-0.04121034243726607,negative
PROMPT,1,1,0,0,1,1.0,1.012094402420575,0.012094402420574912,positive
SKYAI,2,2,0,0,0,0.0,0.9410182474586567,-0.0589817525413433,negative
NAORIS,3,3,0,0,2,0.6666666666666666,1.232611510660698,0.23261151066069807,positive
DUSK,2,2,0,0,1,0.5,1.1822334479541108,0.18223344795411078,positive
AUCTION,2,1,1,0,1,1.0,1.0206610065645514,0.020661006564551387,positive
C98,11,7,4,1,2,0.2857142857142857,0.976662910134452,-0.023337089865548055,negative
ANIME,6,5,1,1,1,0.2,0.8975731054736309,-0.1024268945263691,negative
SWARMS,0,0,0,0,0,,1.0,0.0,no_trade
BANANAS31,0,0,0,0,0,,1.0,0.0,no_trade
BARD,4,4,0,0,1,0.25,0.8857881992846416,-0.11421180071535841,negative
KERNEL,2,2,0,0,0,0.0,0.911104754947113,-0.08889524505288704,negative
BOME,0,0,0,0,0,,1.0,0.0,no_trade
ZKC,11,9,2,0,0,0.0,0.6957990754367878,-0.30420092456321224,negative
NMR,0,0,0,0,0,,1.0,0.0,no_trade
XNY,3,3,0,0,1,0.3333333333333333,0.8927334758856494,-0.10726652411435056,negative
PARTI,2,2,0,0,0,0.0,0.9011764391049513,-0.09882356089504873,negative
FIDA,3,2,1,0,1,0.5,1.269136824496238,0.269136824496238,positive
ZORA,11,11,0,1,4,0.36363636363636365,0.8127281850542757,-0.1872718149457243,negative
PROM,7,7,0,0,2,0.2857142857142857,1.1792547983846013,0.17925479838460134,positive
JELLYJELLY,0,0,0,0,0,,1.0,0.0,no_trade
SKL,11,9,2,0,3,0.3333333333333333,1.168378654012545,0.16837865401254493,positive
BLUR,5,5,0,0,1,0.2,0.8437063567300459,-0.1562936432699541,negative
ENJ,0,0,0,0,0,,1.0,0.0,no_trade
CARV,0,0,0,0,0,,1.0,0.0,no_trade
HOME,1,1,0,0,0,0.0,0.9397234200743494,-0.06027657992565061,negative
BAND,3,2,1,0,1,0.5,1.055717612465418,0.055717612465417954,positive
DRIFT,2,2,0,0,1,0.5,1.1364069429699832,0.13640694296998324,positive
SLP,0,0,0,0,0,,1.0,0.0,no_trade
ORCA,3,3,0,0,2,0.6666666666666666,0.9817435544794088,-0.018256445520591247,negative
FLOCK,18,12,6,0,4,0.3333333333333333,0.8063368984262631,-0.1936631015737369,negative
XPIN,3,3,0,0,0,0.0,0.8374131870356092,-0.16258681296439081,negative
BIO,9,9,0,0,3,0.3333333333333333,0.8741728646668203,-0.12582713533317968,negative
GIGGLE,1,1,0,0,0,0.0,0.9487093784479588,-0.05129062155204123,negative
EUL,9,9,0,1,4,0.4444444444444444,0.9855355327183263,-0.01446446728167372,negative
AGLD,3,3,0,0,1,0.3333333333333333,1.0141348959059906,0.014134895905990597,positive
EPIC,4,4,0,0,2,0.5,1.2368069758536393,0.2368069758536393,positive
LUMIA,0,0,0,0,0,,1.0,0.0,no_trade
RPL,1,1,0,0,0,0.0,0.9846710334788937,-0.015328966521106269,negative
APE,1,1,0,0,0,0.0,0.9487751584283904,-0.05122484157160956,negative
RED,5,4,1,0,1,0.25,0.9498868021533896,-0.05011319784661039,negative
STORJ,0,0,0,0,0,,1.0,0.0,no_trade
REZ,6,5,1,0,1,0.2,1.0506197951351264,0.05061979513512638,positive
ID,2,2,0,0,0,0.0,0.9295297976199751,-0.07047020238002488,negative
OGN,2,2,0,0,1,0.5,0.9591859497673547,-0.04081405023264528,negative
FLUID,0,0,0,0,0,,1.0,0.0,no_trade
EDU,9,8,1,1,3,0.375,0.8866690480419518,-0.11333095195804821,negative
HOLO,0,0,0,0,0,,1.0,0.0,no_trade
SXT,13,13,0,0,1,0.07692307692307693,0.6574208690019266,-0.34257913099807336,negative
MOODENG,0,0,0,0,0,,1.0,0.0,no_trade
AEVO,2,2,0,0,0,0.0,0.9383770724901496,-0.061622927509850434,negative
RECALL,3,2,1,0,2,1.0,1.1749397176014438,0.17493971760144378,positive
ICNT,3,3,0,0,1,0.3333333333333333,1.0188377981510393,0.018837798151039253,positive
FORM,1,1,0,0,0,0.0,0.9613006941230913,-0.03869930587690873,negative
ZEC,1,1,0,0,0,0.0,0.9430224093200842,-0.05697759067991581,negative
METIS,0,0,0,0,0,,1.0,0.0,no_trade
SPK,1,1,0,0,0,0.0,0.9470573137074517,-0.05294268629254828,negative
CVC,0,0,0,0,0,,1.0,0.0,no_trade
PUNDIX,0,0,0,0,0,,1.0,0.0,no_trade
ATH,0,0,0,0,0,,1.0,0.0,no_trade
HFT,2,2,0,0,1,0.5,0.9640232060621257,-0.03597679393787434,negative
WET,9,8,1,1,2,0.25,0.8658502340302481,-0.13414976596975192,negative
JOE,9,8,1,1,2,0.25,0.805254280327665,-0.194745719672335,negative
SOPH,0,0,0,0,0,,1.0,0.0,no_trade
MITO,0,0,0,0,0,,1.0,0.0,no_trade
BAT,0,0,0,0,0,,1.0,0.0,no_trade
RLC,1,1,0,0,0,0.0,0.9935320652173912,-0.006467934782608764,negative
LPT,0,0,0,0,0,,1.0,0.0,no_trade
TURBO,2,1,1,0,1,1.0,1.0754307814569537,0.0754307814569537,positive
APR,0,0,0,0,0,,1.0,0.0,no_trade
FIGHT,7,7,0,0,1,0.14285714285714285,0.8046991388603588,-0.19530086113964118,negative
ZETA,5,4,1,0,2,0.5,0.9769391291087367,-0.023060870891263296,negative
GMT,2,2,0,0,0,0.0,0.9351953977412033,-0.0648046022587967,negative
TOWNS,8,7,1,0,4,0.5714285714285714,1.1027550710499523,0.1027550710499523,positive
CHILLGUY,1,1,0,0,1,1.0,1.003071269035533,0.0030712690355330086,positive
SHELL,6,6,0,0,2,0.3333333333333333,0.9307913252223806,-0.06920867477761938,negative
ANKR,1,1,0,0,0,0.0,0.9971266403162055,-0.0028733596837945408,negative
ACX,2,1,1,0,0,0.0,0.9482886267527265,-0.051711373247273484,negative
LISTA,5,5,0,0,1,0.2,0.8274915965890404,-0.17250840341095963,negative
WAXP,0,0,0,0,0,,1.0,0.0,no_trade
HOT,0,0,0,0,0,,1.0,0.0,no_trade
TOSHI,11,9,2,0,2,0.2222222222222222,0.8147721739282248,-0.18522782607177524,negative
ZRX,0,0,0,0,0,,1.0,0.0,no_trade
AWE,10,9,1,0,5,0.5555555555555556,1.0833519704553347,0.08335197045533471,positive
POWR,1,1,0,0,0,0.0,0.9484439109390126,-0.05155608906098741,negative
NEIRO,1,1,0,0,0,0.0,0.9489839620284786,-0.05101603797152143,negative
YFI,0,0,0,0,0,,1.0,0.0,no_trade
GRIFFAIN,1,1,0,0,0,0.0,0.9989720370203972,-0.0010279629796028367,negative
JASMY,0,0,0,0,0,,1.0,0.0,no_trade
PLUME,3,3,0,0,1,0.3333333333333333,0.9486003279408542,-0.05139967205914575,negative
UMA,0,0,0,0,0,,1.0,0.0,no_trade
MAGIC,4,4,0,0,3,0.75,1.0493799216335076,0.04937992163350757,positive
MASK,0,0,0,0,0,,1.0,0.0,no_trade
SFP,1,1,0,0,0,0.0,0.9488114888628371,-0.05118851113716294,negative
IOST,6,4,2,0,1,0.25,0.8567077062038786,-0.1432922937961214,negative
MUBARAK,3,3,0,0,0,0.0,0.8603967454044299,-0.1396032545955701,negative
USELESS,5,5,0,0,1,0.2,0.8833307544273774,-0.11666924557262259,negative
AVNT,2,2,0,0,0,0.0,0.8989175049195378,-0.10108249508046219,negative
ACH,0,0,0,0,0,,1.0,0.0,no_trade
RIVER,4,4,0,0,1,0.25,1.0312278011480156,0.0312278011480156,positive
AIXBT,7,6,1,1,1,0.16666666666666666,0.8147427817902817,-0.1852572182097183,negative
NEWT,9,8,1,0,3,0.375,0.939081898878169,-0.06091810112183105,negative
GMX,1,1,0,0,0,0.0,0.9462134732566011,-0.0537865267433989,negative
ZRO,2,1,1,0,0,0.0,0.990059848234906,-0.009940151765093996,negative
VIRTUAL,4,4,0,0,2,0.5,0.9999392813704214,-6.0718629578571104e-05,negative
XVS,3,3,0,0,0,0.0,0.859306106300735,-0.140693893699265,negative
SANTOS,0,0,0,0,0,,1.0,0.0,no_trade
USUAL,4,3,1,0,0,0.0,0.88931123688392,-0.11068876311608,negative
COOKIE,13,12,1,1,5,0.4166666666666667,0.8987877538258149,-0.10121224617418512,negative
BMT,1,1,0,0,0,0.0,0.9480178343949045,-0.0519821656050955,negative
GLM,0,0,0,0,0,,1.0,0.0,no_trade
NXPC,2,2,0,0,1,0.5,1.019313962296953,0.019313962296952925,positive
POPCAT,13,10,3,0,3,0.3,0.9186454678019511,-0.08135453219804889,negative
BIGTIME,0,0,0,0,0,,1.0,0.0,no_trade
1000BONK,1,1,0,0,0,0.0,0.9436283502084575,-0.05637164979154252,negative
TRB,4,4,0,0,0,0.0,0.7904794037332102,-0.20952059626678976,negative
KMNO,2,2,0,0,0,0.0,0.9471413232539923,-0.05285867674600775,negative
ARKM,0,0,0,0,0,,1.0,0.0,no_trade
BNT,1,1,0,0,0,0.0,0.9768963338301043,-0.023103666169895676,negative
ELSA,4,4,0,0,4,1.0,1.1654898486089695,0.16548984860896954,positive
PEOPLE,1,1,0,0,1,1.0,1.0814106015485407,0.08141060154854074,positive
1000FLOKI,1,1,0,0,1,1.0,1.0048967711890717,0.004896771189071725,positive
WLFI,0,0,0,0,0,,1.0,0.0,no_trade
WOO,3,3,0,0,1,0.3333333333333333,0.9501262126467978,-0.04987378735320225,negative
IMX,0,0,0,0,0,,1.0,0.0,no_trade
FARTCOIN,7,7,0,0,2,0.2857142857142857,1.029016954899205,0.029016954899204972,positive
ACU,3,3,0,0,1,0.3333333333333333,0.9528104151537243,-0.04718958484627567,negative
LQTY,1,1,0,0,0,0.0,0.9997662015503875,-0.00023379844961246565,negative
MEW,0,0,0,0,0,,1.0,0.0,no_trade
SSV,1,1,0,0,0,0.0,0.9543586496204555,-0.04564135037954453,negative
STBL,0,0,0,0,0,,1.0,0.0,no_trade
SEI,0,0,0,0,0,,1.0,0.0,no_trade
ARB,1,1,0,0,0,0.0,0.9991372037914692,-0.0008627962085308027,negative
