symbol,classification,completed_v2_candidates,executed_v2_trades,capacity_skipped_candidates,winning_trades,portfolio_contribution,mean_margin_return
FHE,capacity_skipped_only,1,0,1,0,0.0,
TA,capacity_skipped_only,1,0,1,0,0.0,
SKYAI,capacity_skipped_only,1,0,1,0,0.0,
AUCTION,capacity_skipped_only,1,0,1,0,0.0,
C98,capacity_skipped_only,2,0,2,0,0.0,
BARD,capacity_skipped_only,1,0,1,0,0.0,
PARTI,capacity_skipped_only,1,0,1,0,0.0,
WET,capacity_skipped_only,2,0,2,0,0.0,
NXPC,capacity_skipped_only,1,0,1,0,0.0,
TNSR,negative,3,1,2,0,-0.0003986394071256,-0.0025060744115412
ID,negative,1,1,0,0,-0.0049271493846668,-0.0483777016341594
GMT,negative,1,1,0,0,-0.0049352551308636,-0.050076416337286
SAPIEN,negative,2,1,1,0,-0.0053485941450882,-0.0297406639004149
RESOLV,negative,1,1,0,0,-0.006160391838015,-0.045179416895091
BLUR,negative,1,1,0,0,-0.0085637744058488,-0.0719437125748503
PIPPIN,negative,1,1,0,0,-0.0091041413637304,-0.0932310874704495
AWE,negative,3,3,0,1,-0.009634482804280201,-0.019626052051755466
EDU,negative,3,1,2,0,-0.015194811218927,-0.0522067114093958
ZORA,negative,1,1,0,0,-0.0198313826876685,-0.0873599689681924
STO,negative,3,2,1,1,-0.020613127487773098,-0.0827434524835026
ZEREBRO,negative,1,1,0,0,-0.0225491163237771,-0.1729516791711324
AIOT,negative,2,2,0,0,-0.0236437521770902,-0.12487451376299595
PROM,negative,2,1,1,0,-0.0243520309870665,-0.1697384898710865
AGT,negative,1,1,0,0,-0.025263760049335,-0.1690010341261636
XVS,negative,1,1,0,0,-0.0255099040010645,-0.1706476054324518
HFT,negative,1,1,0,0,-0.0271670359050987,-0.1694411764705881
FIGHT,negative,2,2,0,0,-0.0304045745919,-0.0973826191061184
KMNO,negative,1,1,0,0,-0.0315106943697879,-0.1672451137455946
MELANIA,negative,1,1,0,0,-0.0329675621606228,-0.1749775367931834
FIDA,negative,2,1,1,0,-0.0331651989451442,-0.1778514510575506
USELESS,negative,1,1,0,0,-0.0333250503570743,-0.1768749292586308
HYPER,negative,1,1,0,0,-0.03335212763803,-0.1724442040742744
JOE,negative,2,2,0,0,-0.0381853056940441,-0.09089301677679275
SPK,negative,1,1,0,0,-0.0390292109488823,-0.1764756209751609
EUL,negative,1,1,0,0,-0.0413088537312133,-0.1579443084455325
XPIN,negative,2,1,1,0,-0.0436102436666113,-0.1688976034858389
BMT,negative,1,1,0,0,-0.0453181609126719,-0.1732738853503184
REZ,negative,1,1,0,0,-0.0492942299932739,-0.175795839588248
SKL,negative,5,2,3,0,-0.049469142216183,-0.1721690015411772
MUBARAK,negative,2,2,0,0,-0.051867826398737396,-0.17948811796330216
NIL,negative,2,1,1,0,-0.0525969059896866,-0.1753230199656221
RIVER,negative,2,1,1,0,-0.0550553017673311,-0.1745679360601784
USUAL,negative,3,3,0,0,-0.0552246810583433,-0.13790955519742928
AIXBT,negative,2,2,0,0,-0.0603414959056026,-0.20209058566125798
COOKIE,negative,2,2,0,0,-0.0618285348988393,-0.17589479634934507
TOSHI,negative,2,2,0,0,-0.0664968516303612,-0.1789747232549155
BIO,negative,4,3,1,1,-0.0715415007596177,-0.09773253006727771
VANRY,negative,4,2,2,0,-0.0773596365204374,-0.17275703611925708
ZKC,negative,3,3,0,0,-0.1453321415494356,-0.1904171868961174
ALLO,no_completed_entry,0,0,0,0,0.0,
TRADOOR,no_completed_entry,0,0,0,0,0.0,
CROSS,no_completed_entry,0,0,0,0,0.0,
BICO,no_completed_entry,0,0,0,0,0.0,
TAIKO,no_completed_entry,0,0,0,0,0.0,
BAN,no_completed_entry,0,0,0,0,0.0,
BR,no_completed_entry,0,0,0,0,0.0,
SOLV,no_completed_entry,0,0,0,0,0.0,
PORTAL,no_completed_entry,0,0,0,0,0.0,
UB,no_completed_entry,0,0,0,0,0.0,
API3,no_completed_entry,0,0,0,0,0.0,
IN,no_completed_entry,0,0,0,0,0.0,
AXS,no_completed_entry,0,0,0,0,0.0,
LSK,no_completed_entry,0,0,0,0,0.0,
MYX,no_completed_entry,0,0,0,0,0.0,
ALCH,no_completed_entry,0,0,0,0,0.0,
SIGN,no_completed_entry,0,0,0,0,0.0,
SAHARA,no_completed_entry,0,0,0,0,0.0,
PIEVERSE,no_completed_entry,0,0,0,0,0.0,
NAORIS,no_completed_entry,0,0,0,0,0.0,
DUSK,no_completed_entry,0,0,0,0,0.0,
ANIME,no_completed_entry,0,0,0,0,0.0,
SWARMS,no_completed_entry,0,0,0,0,0.0,
BANANAS31,no_completed_entry,0,0,0,0,0.0,
KERNEL,no_completed_entry,0,0,0,0,0.0,
BOME,no_completed_entry,0,0,0,0,0.0,
NMR,no_completed_entry,0,0,0,0,0.0,
XNY,no_completed_entry,0,0,0,0,0.0,
JELLYJELLY,no_completed_entry,0,0,0,0,0.0,
ENJ,no_completed_entry,0,0,0,0,0.0,
CARV,no_completed_entry,0,0,0,0,0.0,
HOME,no_completed_entry,0,0,0,0,0.0,
BAND,no_completed_entry,0,0,0,0,0.0,
DRIFT,no_completed_entry,0,0,0,0,0.0,
SLP,no_completed_entry,0,0,0,0,0.0,
ORCA,no_completed_entry,0,0,0,0,0.0,
GIGGLE,no_completed_entry,0,0,0,0,0.0,
EPIC,no_completed_entry,0,0,0,0,0.0,
LUMIA,no_completed_entry,0,0,0,0,0.0,
RPL,no_completed_entry,0,0,0,0,0.0,
APE,no_completed_entry,0,0,0,0,0.0,
RED,no_completed_entry,0,0,0,0,0.0,
STORJ,no_completed_entry,0,0,0,0,0.0,
OGN,no_completed_entry,0,0,0,0,0.0,
FLUID,no_completed_entry,0,0,0,0,0.0,
HOLO,no_completed_entry,0,0,0,0,0.0,
MOODENG,no_completed_entry,0,0,0,0,0.0,
AEVO,no_completed_entry,0,0,0,0,0.0,
ICNT,no_completed_entry,0,0,0,0,0.0,
FORM,no_completed_entry,0,0,0,0,0.0,
ZEC,no_completed_entry,0,0,0,0,0.0,
METIS,no_completed_entry,0,0,0,0,0.0,
CVC,no_completed_entry,0,0,0,0,0.0,
PUNDIX,no_completed_entry,0,0,0,0,0.0,
ATH,no_completed_entry,0,0,0,0,0.0,
SOPH,no_completed_entry,0,0,0,0,0.0,
MITO,no_completed_entry,0,0,0,0,0.0,
BAT,no_completed_entry,0,0,0,0,0.0,
RLC,no_completed_entry,0,0,0,0,0.0,
LPT,no_completed_entry,0,0,0,0,0.0,
TURBO,no_completed_entry,0,0,0,0,0.0,
APR,no_completed_entry,0,0,0,0,0.0,
SHELL,no_completed_entry,0,0,0,0,0.0,
ANKR,no_completed_entry,0,0,0,0,0.0,
LISTA,no_completed_entry,0,0,0,0,0.0,
WAXP,no_completed_entry,0,0,0,0,0.0,
HOT,no_completed_entry,0,0,0,0,0.0,
ZRX,no_completed_entry,0,0,0,0,0.0,
POWR,no_completed_entry,0,0,0,0,0.0,
NEIRO,no_completed_entry,0,0,0,0,0.0,
YFI,no_completed_entry,0,0,0,0,0.0,
GRIFFAIN,no_completed_entry,0,0,0,0,0.0,
JASMY,no_completed_entry,0,0,0,0,0.0,
PLUME,no_completed_entry,0,0,0,0,0.0,
UMA,no_completed_entry,0,0,0,0,0.0,
MASK,no_completed_entry,0,0,0,0,0.0,
SFP,no_completed_entry,0,0,0,0,0.0,
IOST,no_completed_entry,0,0,0,0,0.0,
AVNT,no_completed_entry,0,0,0,0,0.0,
ACH,no_completed_entry,0,0,0,0,0.0,
GMX,no_completed_entry,0,0,0,0,0.0,
ZRO,no_completed_entry,0,0,0,0,0.0,
VIRTUAL,no_completed_entry,0,0,0,0,0.0,
SANTOS,no_completed_entry,0,0,0,0,0.0,
GLM,no_completed_entry,0,0,0,0,0.0,
BIGTIME,no_completed_entry,0,0,0,0,0.0,
1000BONK,no_completed_entry,0,0,0,0,0.0,
TRB,no_completed_entry,0,0,0,0,0.0,
ARKM,no_completed_entry,0,0,0,0,0.0,
BNT,no_completed_entry,0,0,0,0,0.0,
ELSA,no_completed_entry,0,0,0,0,0.0,
PEOPLE,no_completed_entry,0,0,0,0,0.0,
1000FLOKI,no_completed_entry,0,0,0,0,0.0,
WLFI,no_completed_entry,0,0,0,0,0.0,
WOO,no_completed_entry,0,0,0,0,0.0,
IMX,no_completed_entry,0,0,0,0,0.0,
FARTCOIN,no_completed_entry,0,0,0,0,0.0,
LQTY,no_completed_entry,0,0,0,0,0.0,
MEW,no_completed_entry,0,0,0,0,0.0,
SSV,no_completed_entry,0,0,0,0,0.0,
STBL,no_completed_entry,0,0,0,0,0.0,
SEI,no_completed_entry,0,0,0,0,0.0,
ARB,no_completed_entry,0,0,0,0,0.0,
BAS,positive,1,1,0,1,0.2711917606576192,1.953194844579227
PHA,positive,3,3,0,3,0.1308267188066048,0.30976346255481124
AGLD,positive,1,1,0,1,0.1167070825133383,0.452281226343679
POWER,positive,2,2,0,2,0.0535609731061092,0.15853729012922554
NEWT,positive,5,1,4,1,0.0404824055209701,0.2758455436304247
MAGIC,positive,3,2,1,2,0.039816369727232806,0.15472949436516145
POPCAT,positive,3,1,2,1,0.0253227265173777,0.1571366906474819
TOWNS,positive,1,1,0,1,0.0242808932880688,0.1375213424568261
DOLO,positive,1,1,0,1,0.0115141118199218,0.0741252236135955
FLOCK,positive,6,1,5,1,0.0104570561582654,0.0829109311740891
RECALL,positive,1,1,0,1,0.0059787772595584,0.0367442804428045
PROMPT,positive,1,1,0,1,0.003680493842404,0.0403146747352496
ACU,positive,1,1,0,1,0.0034448113486829,0.0123728486532378
SXT,positive,8,5,3,1,0.0032721941520537983,-0.049869618010725356
ZETA,positive,2,1,1,1,0.0019693479147467,0.0144110863847865
ACX,positive,1,1,0,1,0.0017882852446847,0.0099436952921694
CHILLGUY,positive,1,1,0,1,0.0016260236395416,0.0102375634517767
