train_universe,month,feature,coefficient
new169,2026-02,log_signal_volume_ratio,0.10878518803607334
new169,2026-02,log_flow_to_signal,-0.09110299223983477
new169,2026-02,flow_normal_0_to_5pct,0.07757631327745762
new169,2026-02,flow_normal_above_5pct,0.08854064436730075
new169,2026-02,flow_normal_above_10pct,-0.024376686486660602
new169,2026-02,return_7d,0.050193009793482034
new169,2026-02,return_7d_above_20pct,0.10293654309464498
new169,2026-02,return_7d_above_50pct,0.14322597888802563
new169,2026-02,recent_7d_runup,-0.03674969457559012
new169,2026-02,recent_5x_volume,-0.20097420092934354
new169,2026-02,log_prior7_max_volume_ratio,-0.07288913324482872
new169,2026-03,log_signal_volume_ratio,-0.03228982395988714
new169,2026-03,log_flow_to_signal,-0.05937139414733636
new169,2026-03,flow_normal_0_to_5pct,0.04453505653011844
new169,2026-03,flow_normal_above_5pct,0.15546925551170523
new169,2026-03,flow_normal_above_10pct,0.004159104786966812
new169,2026-03,return_7d,0.06838520019772895
new169,2026-03,return_7d_above_20pct,0.03742558919887443
new169,2026-03,return_7d_above_50pct,0.1024801746390864
new169,2026-03,recent_7d_runup,-0.02960164226766334
new169,2026-03,recent_5x_volume,-0.14808472259874247
new169,2026-03,log_prior7_max_volume_ratio,0.07307241474592605
new169,2026-04,log_signal_volume_ratio,0.04024489330165286
new169,2026-04,log_flow_to_signal,-0.08767547459669409
new169,2026-04,flow_normal_0_to_5pct,0.06768269327254302
new169,2026-04,flow_normal_above_5pct,0.1410027662740192
new169,2026-04,flow_normal_above_10pct,0.06498434704734173
new169,2026-04,return_7d,-0.02912413507229323
new169,2026-04,return_7d_above_20pct,0.09523143641410724
new169,2026-04,return_7d_above_50pct,0.012227499848339443
new169,2026-04,recent_7d_runup,0.04622742032374175
new169,2026-04,recent_5x_volume,-0.15122187914007867
new169,2026-04,log_prior7_max_volume_ratio,-0.1631603074749657
new169,2026-05,log_signal_volume_ratio,-0.08633537067544614
new169,2026-05,log_flow_to_signal,-0.15459684964170042
new169,2026-05,flow_normal_0_to_5pct,0.1606636643101762
new169,2026-05,flow_normal_above_5pct,0.022877357224307157
new169,2026-05,flow_normal_above_10pct,-0.022060034971303526
new169,2026-05,return_7d,-0.08235207758512535
new169,2026-05,return_7d_above_20pct,0.17949290324525824
new169,2026-05,return_7d_above_50pct,-0.14388426795083412
new169,2026-05,recent_7d_runup,0.03162534645053071
new169,2026-05,recent_5x_volume,-0.09252217240505434
new169,2026-05,log_prior7_max_volume_ratio,-0.1639505535280644
new169,2026-06,log_signal_volume_ratio,-0.10108966172639786
new169,2026-06,log_flow_to_signal,-0.15566916933696923
new169,2026-06,flow_normal_0_to_5pct,0.178938446445495
new169,2026-06,flow_normal_above_5pct,0.012573481943086568
new169,2026-06,flow_normal_above_10pct,-0.03174374574499875
new169,2026-06,return_7d,-0.12540701677515728
new169,2026-06,return_7d_above_20pct,0.20491242333636514
new169,2026-06,return_7d_above_50pct,-0.16008246169860818
new169,2026-06,recent_7d_runup,-0.007427901905815399
new169,2026-06,recent_5x_volume,-0.12078393338035234
new169,2026-06,log_prior7_max_volume_ratio,-0.12132554062253019
new169,2026-07,log_signal_volume_ratio,-0.11762344323180339
new169,2026-07,log_flow_to_signal,-0.13303753897161058
new169,2026-07,flow_normal_0_to_5pct,0.185129727908986
new169,2026-07,flow_normal_above_5pct,0.0010446108585475753
new169,2026-07,flow_normal_above_10pct,-0.13655271500489852
new169,2026-07,return_7d,-0.010134543786711634
new169,2026-07,return_7d_above_20pct,0.14023692245739425
new169,2026-07,return_7d_above_50pct,-0.21543441993971657
new169,2026-07,recent_7d_runup,-0.00609496193975947
new169,2026-07,recent_5x_volume,-0.04306398079731945
new169,2026-07,log_prior7_max_volume_ratio,-0.08107649136371359
new169,2026-08,log_signal_volume_ratio,-0.10205050490050967
new169,2026-08,log_flow_to_signal,-0.175308673292572
new169,2026-08,flow_normal_0_to_5pct,0.17132585098473624
new169,2026-08,flow_normal_above_5pct,0.0757476582932835
new169,2026-08,flow_normal_above_10pct,-0.09618112863666534
new169,2026-08,return_7d,-0.059158150582207025
new169,2026-08,return_7d_above_20pct,0.02717608440205339
new169,2026-08,return_7d_above_50pct,-0.20510108522708734
new169,2026-08,recent_7d_runup,0.03591484906257709
new169,2026-08,recent_5x_volume,-0.12659929255249314
new169,2026-08,log_prior7_max_volume_ratio,-0.0953820397603516
combined202,2026-02,log_signal_volume_ratio,0.10765112214660784
combined202,2026-02,log_flow_to_signal,-0.13275527876186763
combined202,2026-02,flow_normal_0_to_5pct,0.1838221779982396
combined202,2026-02,flow_normal_above_5pct,0.1238367438529196
combined202,2026-02,flow_normal_above_10pct,-0.04681494901577679
combined202,2026-02,return_7d,0.10080332730731602
combined202,2026-02,return_7d_above_20pct,0.09259136536972837
combined202,2026-02,return_7d_above_50pct,0.15491587758726252
combined202,2026-02,recent_7d_runup,-0.06906934144686148
combined202,2026-02,recent_5x_volume,-0.11498219483700114
combined202,2026-02,log_prior7_max_volume_ratio,-0.07667435034728896
combined202,2026-03,log_signal_volume_ratio,-0.009092810641364003
combined202,2026-03,log_flow_to_signal,-0.00800446912253499
combined202,2026-03,flow_normal_0_to_5pct,0.03205953063855696
combined202,2026-03,flow_normal_above_5pct,0.15545797674036355
combined202,2026-03,flow_normal_above_10pct,-0.02835211966801597
combined202,2026-03,return_7d,0.11381595235056575
combined202,2026-03,return_7d_above_20pct,0.06209078302632158
combined202,2026-03,return_7d_above_50pct,0.08291730417665225
combined202,2026-03,recent_7d_runup,-0.009922572779704415
combined202,2026-03,recent_5x_volume,-0.1627937411119985
combined202,2026-03,log_prior7_max_volume_ratio,0.015824598097816604
combined202,2026-04,log_signal_volume_ratio,0.014869707270277619
combined202,2026-04,log_flow_to_signal,-0.09665742731232281
combined202,2026-04,flow_normal_0_to_5pct,0.13095815620253015
combined202,2026-04,flow_normal_above_5pct,0.15274670906336757
combined202,2026-04,flow_normal_above_10pct,0.09825437308928615
combined202,2026-04,return_7d,-0.0346771850645662
combined202,2026-04,return_7d_above_20pct,0.06699413624879279
combined202,2026-04,return_7d_above_50pct,0.07535667807997813
combined202,2026-04,recent_7d_runup,0.04950398641270305
combined202,2026-04,recent_5x_volume,-0.1118107837381419
combined202,2026-04,log_prior7_max_volume_ratio,-0.19233247950349638
combined202,2026-05,log_signal_volume_ratio,-0.1042639096341912
combined202,2026-05,log_flow_to_signal,-0.11272178388316946
combined202,2026-05,flow_normal_0_to_5pct,0.16108400020019187
combined202,2026-05,flow_normal_above_5pct,-0.010845312985919986
combined202,2026-05,flow_normal_above_10pct,0.11784814985698444
combined202,2026-05,return_7d,-0.03390030002864447
combined202,2026-05,return_7d_above_20pct,0.13009665163011808
combined202,2026-05,return_7d_above_50pct,-0.13806435790109603
combined202,2026-05,recent_7d_runup,0.03419847714791866
combined202,2026-05,recent_5x_volume,-0.04097829549734947
combined202,2026-05,log_prior7_max_volume_ratio,-0.1934449847033573
combined202,2026-06,log_signal_volume_ratio,-0.1326251490898424
combined202,2026-06,log_flow_to_signal,-0.17457640984665188
combined202,2026-06,flow_normal_0_to_5pct,0.24841082104761159
combined202,2026-06,flow_normal_above_5pct,-0.035597183267928365
combined202,2026-06,flow_normal_above_10pct,0.103098662485626
combined202,2026-06,return_7d,-0.07917689921630157
combined202,2026-06,return_7d_above_20pct,0.18056920212163666
combined202,2026-06,return_7d_above_50pct,-0.11609763115774689
combined202,2026-06,recent_7d_runup,-0.0427221424067448
combined202,2026-06,recent_5x_volume,-0.052915660541941474
combined202,2026-06,log_prior7_max_volume_ratio,-0.1176877531786274
combined202,2026-07,log_signal_volume_ratio,-0.14145229370759926
combined202,2026-07,log_flow_to_signal,-0.13693938715146195
combined202,2026-07,flow_normal_0_to_5pct,0.22905953496933273
combined202,2026-07,flow_normal_above_5pct,-0.034760466259248286
combined202,2026-07,flow_normal_above_10pct,0.0013017512864824145
combined202,2026-07,return_7d,-0.0027060261443385097
combined202,2026-07,return_7d_above_20pct,0.13309784018375886
combined202,2026-07,return_7d_above_50pct,-0.12724510648631798
combined202,2026-07,recent_7d_runup,-0.040181388304725736
combined202,2026-07,recent_5x_volume,0.00454692780918816
combined202,2026-07,log_prior7_max_volume_ratio,-0.06756889342565973
combined202,2026-08,log_signal_volume_ratio,-0.1344219376534112
combined202,2026-08,log_flow_to_signal,-0.157667491710985
combined202,2026-08,flow_normal_0_to_5pct,0.18405893411332808
combined202,2026-08,flow_normal_above_5pct,0.04703460530247496
combined202,2026-08,flow_normal_above_10pct,-0.01912994406725042
combined202,2026-08,return_7d,-0.0191591031640526
combined202,2026-08,return_7d_above_20pct,-0.022490491485976476
combined202,2026-08,return_7d_above_50pct,-0.10229614442643983
combined202,2026-08,recent_7d_runup,0.024152177178849973
combined202,2026-08,recent_5x_volume,-0.07678859941264309
combined202,2026-08,log_prior7_max_volume_ratio,-0.06844117411353047
