project_name,symbol,base_asset,listing_date_utc,listing_age_days,quote_volume_usd,change_24h_pct,intraday_range_pct,trade_count_24h,market_cap_usd,web3_liquidity_usd,chain_id,contract_address,web3_tags,spot_usdt_trading,risk_score
Perle,PRLUSDT,PRL,2026-04-01,119.7,18805199.1824,24.577,27.714285714285737,310786,14084422.74411992,1465667.2524605142,56,0xd20fb09a49a8e75fef536a2dbc68222900287bac,Alpha,False,46.17992946660358
SOON,SOONUSDT,SOON,2025-05-23,432.8,53649387.0516,-27.629,45.62236286919832,880364,119353488.03142017,502957.44710365887,56,0xb9e1fd5a02d3a33b25a14d661414e6ed6954a721,Alpha,False,45.445899870188946
Yooldo,ESPORTSUSDT,ESPORTS,2025-07-29,365.7,27516955.77779,-16.341,32.902033271719056,501178,19359680.17155239,1397798.7284869805,56,0xf39e4b21c84e737df08e2c3b32541d856f508e48,Token Volume Surging|Alpha,False,41.15053494694169
Cysic,CYSUSDT,CYS,2025-12-12,229.7,5224567.767,-6.101,37.92788680967596,124646,136246254.1238826,1314267.7791766492,56,0x0c69199c1562233640e0db5ce2c399a88eb507c7,Alpha,False,40.932294600925836
Starpower Network,STARUSDT,STAR,2026-05-14,76.9,2159958.21284,-5.101,17.417575200315238,50660,9229727.279679053,1349016.5341069514,56,0x8fce7206e3043dd360f115afa956ee31b90b787c,Alpha,False,37.19838093258993
Koma Inu,KOMAUSDT,KOMA,2024-12-10,596.6,4100645.033035,17.15,21.36943093704824,86982,5448797.720440648,1564077.7095772298,56,0xd5eaaac47bd1993d661bc087e15dfb079a7f3c19,Token Volume Surging|Alpha,False,36.60609753556157
Block Street,BSBUSDT,BSB,2026-03-25,126.6,7776131.14468,9.3,12.339950158975688,207308,8394041.602064256,1547482.495459394,56,0x595deaad1eb5476ff1e649fdb7efc36f1e4679cc,4x Alpha Points|Alpha,False,35.37663716571214
Cap,CAPUSDT,CAP,2026-06-27,32.6,11235406.99838,-1.94,19.707057256990666,244608,40940174.50246149,977025.2125226449,56,0x99991c6aabba5a096f24f250b73580f5179b9999,Alpha,False,35.06222880794587
Re Protocol,REUSDT,RE,2026-06-18,41.6,66182856.3059,18.505,31.98410727588774,897812,492188056.0440549,19755.935720889163,1,0x526526528f35ac738177003b8773b402b8df8143,TGE,True,34.62562355765066
BULLA,BULLAUSDT,BULLA,2025-07-04,390.8,14191474.676855,6.238,22.947645065357225,314718,16726167.659733772,307088.1571091858,56,0x595e21b20e78674f8a64c1566a20b2b316bc3511,Alpha|DEX Paid,False,34.0477183234833
KGeN,KGENUSDT,KGEN,2025-10-07,295.5,5080838.27586,10.261,14.47674418604652,77253,14214589.370818334,754559.7216617627,56,0xf3d5b4c34ed623478cc5141861776e6cf7ae3a1e,Alpha,False,33.89017967408276
EVAA,EVAAUSDT,EVAA,2025-10-03,299.7,9272170.9783,-9.215,16.574034487672783,321309,21555345.2635633,340941.7814220929,56,0xaa036928c9c0df07d525b55ea8ee690bb5a628c1,Alpha|DEX Paid,False,33.53255745141997
RaveDAO,RAVEUSDT,RAVE,2025-12-14,227.5,7185008.339,6.473,13.38467180051337,106045,9935841.574035829,1719005.0212347119,56,0x97693439ea2f0ecdeb9135881e49f354656a911c,Alpha,False,33.30270932563307
Safe Token,SAFEUSDT,SAFE,2024-10-25,642.6,4928528.77382,19.775,21.80082883335426,159091,95732602.90185046,198579.89047322609,1,0x5afe3855358e112b5647b952709e6165e1c1eeee,Token Volume Surging|Alpha,False,33.28833135838279
Moonbirds,BIRBUSDT,BIRB,2026-01-29,181.9,6506111.33702,-9.352,13.590391908975974,112075,48637221.279201135,1503382.9585078699,CT_501,G7vQWurMkMMm2dU3iZpXYFTHT9Biio4F4gZCrwFpKNwG,Alpha|DEX Paid,False,33.01261037802399
Billions Network,BILLUSDT,BILL,2026-05-07,83.8,5637336.87994,-1.749,9.078771695594124,116794,4230852.708997657,1461095.4948308133,56,0xdf24f8c21cb404b3031a450d8e049d6e39fc1fa5,Alpha,False,32.91629140136534
ETHGas,GWEIUSDT,GWEI,2026-01-29,181.9,12112390.87364,-0.884,13.667041619797505,262013,4321445.0536311865,1331704.3899773085,56,0x30117e4bc17d7b044194b76a38365c53b72f7d49,Alpha,False,32.78881966391462
Zama,ZAMAUSDT,ZAMA,2026-01-09,201.8,54737483.33633,-9.37,26.86943045331269,899010,13016469.642080765,1378205.1720993388,56,0x6907a5986c4950bdaf2f81828ec0737ce787519f,Token Volume Surging|TGE,True,32.580791858992974
Unibase,UBUSDT,UB,2025-09-12,320.7,85944229.35606,-6.057,37.777206952650054,2069498,265023065.8458263,4059059.0659227865,56,0x40b8129b786d766267a7a118cf8c07e31cdb6fde,Alpha|DEX Paid,False,32.278063087225235
BTR token,BTRUSDT,BTR,2025-08-27,336.7,1619776.20002,7.018,9.261430246189928,41097,3160566.3698105454,293346.41469261376,56,0xfed13d0c40790220fbde712987079eda1ed75c51,Alpha,False,32.07964801669643
Bless,BLESSUSDT,BLESS,2025-09-23,309.7,2840868.977927,5.793,9.840735465492667,100951,6836749.558755403,213349.78585431323,56,0x7c8217517ed4711fe2deccdfeffe8d906b9ae11f,Alpha|DEX Paid,False,31.178506686984218
Yei Finance,CLOUSDT,CLO,2025-10-14,288.7,8355482.20359,0.601,18.007111412123255,302183,26916628.212302025,1329612.2229920966,56,0x81d3a238b02827f62b9f390f947d36d4a5bf89d2,Alpha,False,31.097165084137355
Sentient,SENTUSDT,SENT,2025-11-14,257.6,9936595.97297,8.406,15.589016829052271,123680,5603223.910648028,783801.8248646152,56,0x31138562aeb9706c7612e85d789581a21b5980a2,TGE,True,31.08505885193739
SKYAI,SKYAIUSDT,SKYAI,2025-05-13,442.7,5642957.69412,8.054,16.011955593509832,96954,25721341.272321258,3802159.242661512,56,0x92aa03137385f18539301349dcfc9ebc923ffb10,Alpha,False,30.97448901785814
Tagger,TAGUSDT,TAG,2025-07-25,369.7,5053926.7193,-12.263,18.766756032171592,81489,468507648.4614654,2496752.0126468386,56,0x208bf3e7da9639f1eaefa2de78c23396b0682025,Alpha,False,30.9531524726741
DeAgentAI,AIAUSDT,AIA,2026-01-20,190.7,2480008.60141,2.886,8.845528455284546,66128,12963134.567496918,659056.1847383211,56,0x53ec33cd4fa46b9eced9ca3f6db626c5ffcd55cc,Alpha,False,30.538638274535806
Bitlight Labs,LIGHTUSDT,LIGHT,2025-09-27,305.7,1861482.6269,6.879,12.811693895098886,39736,53351785.38306791,1412733.5151985276,56,0x477c2c0459004e3354ba427fa285d7c053203c0e,Alpha,False,30.351785550609126
LAB,LABUSDT,LAB,2025-10-17,285.5,35239221.9793,8.151,19.89528795811517,352004,146699833.44076458,1829280.5532259794,56,0x7ec43cf65f1663f820427c62a5780b8f2e25593a,Alpha|DEX Paid,False,30.273254069436113
Holoworld AI,HOLOUSDT,HOLO,2025-09-11,321.6,22412265.48579,10.222,20.893822943353246,408526,27343541.743905157,522514.1446863552,56,0x1a5d7e4c3a7f940b240b7357a4bfed30d17f9497,TGE|DEX Paid,True,30.167805345580323
Velvet,VELVETUSDT,VELVET,2025-07-15,379.7,15011514.50778,10.097,20.14867982568571,358953,429074802.95413303,2044074.9244464422,56,0x8b194370825e37b33373e74a41009161808c1488,Alpha|DEX Paid,False,29.997875875787052
Talus Network,USUSDT,US,2025-12-12,229.7,14625274.882311,10.058,15.8142035625789,679566,486730824.2437,659370.1791154337,CT_784,0xee962a61432231c2ede6946515beb02290cb516ad087bb06a731e922b2a5f57a::us::US,Alpha|DEX Paid,False,29.955137731288673
Janction,JCTUSDT,JCT,2025-11-10,261.7,3249908.93781,-1.228,13.97323726196602,92389,40490354.43937326,822086.0017564006,56,0xea37a8de1de2d9d10772eeb569e28bfa5cb17707,Alpha|DEX Paid,False,29.747687823646213
SIREN,SIRENUSDT,SIREN,2025-03-22,494.8,5997851.71734,-2.407,16.84558216350125,100999,19329615.160513707,2651197.253616861,56,0x997a58129890bbda032231a52ed1ddc845fc18e1,Fourmeme|Alpha,False,29.003292034594665
Collect on Fanable,COLLECTUSDT,COLLECT,2025-12-31,210.6,2372117.78261,-3.56,12.10558878119199,59007,153613271.68743852,1711509.2588903385,56,0x4b3d30992f003c8167699735f5ab2831b2a087d3,Alpha,False,28.75643781824155
Bluwhale,BLUAIUSDT,BLUAI,2025-10-21,281.7,2228029.225151,-4.429,12.305503689872843,69267,118276620.8680465,808289.8340750781,56,0xed9ae3def8d6f052971bb8b6d1975ff267cf9aad,Alpha|DEX Paid,False,28.528693500793167
SUPERFORTUNE,GUAUSDT,GUA,2025-12-21,220.7,1040236.55894,-1.864,8.685690481149756,33402,48818333.592670634,1323500.4426792685,56,0xa5c8e1513b6a08334b479fe4d71f1253259469be,Alpha,False,28.085615281328096
Espresso,ESPUSDT,ESP,2026-02-10,169.8,36861644.39403,-0.146,16.847011819543866,928924,4598429.774308259,460947.2077796654,42161,0x3b8db18e69d6686ad9371a423afe3dd1065c94f1,TGE,True,28.066377707608723
Midnight,NIGHTUSDT,NIGHT,2025-12-10,231.7,5438440.81167,1.502,13.228438228438222,98112,9652220.277376242,2666.1983298952086,56,0xfe930c2d63aed9b82fc4dbc801920dd2c1a3224f,Community Recognized,True,27.612477674431616
swarms,SWARMSUSDT,SWARMS,2025-01-07,568.6,1278877.548523,5.747,8.98333333333332,35130,6474714.073314487,1105690.14838422,CT_501,74SBV4zDXxTRgv1pEMoECskKBkZHc2yGPnc7GYVepump,Pumpfun|Alpha,False,27.425846929704992
MMT,MMTUSDT,MMT,2025-11-04,267.6,10873073.9517,5.639,20.383693045563554,133398,198106165.32855785,272125.2452950742,CT_784,0x35169bc93e1fddfcf3a82a9eae726d349689ed59e4b065369af8789fe59f8608::mmt::MMT,TGE,True,27.416928567997886
Opinion,OPNUSDT,OPN,2026-02-21,158.5,6036482.86803,3.333,9.098805646036912,177849,9721795.529762773,321971.9908970994,56,0x7977bf3e7e0c954d12cdca3e013adaf57e0b06e0,Community Recognized,True,27.34053159950297
Hemi,HEMIUSDT,HEMI,2025-08-29,334.9,4764136.545819,-2.354,11.94100856327307,142337,3396420.541440608,246622.42589245614,56,0x5ffd0eadc186af9512542d0d5e5eafc65d5afc5b,TGE|DEX Paid,True,27.332397333491933
OLAXBT,AIOUSDT,AIO,2025-08-13,350.7,1318521.28352,6.743,8.462377317339143,33753,97788538.08311783,1918643.120623548,56,0x81a7da4074b8e0ed51bea40f9dcbdf4d9d4832b4,Alpha,False,26.98457465337463
Turtle,TURTLEUSDT,TURTLE,2025-10-22,280.5,1165780.44388,4.725,8.553492021972286,38942,6199115.099111967,13084.310242278973,56,0x66fd8de541c0594b4dccdfc13bf3a390e50d3afd,Community Recognized|DEX Paid,True,26.887014134014464
MEET48 Token,IDOLUSDT,IDOL,2025-07-04,390.7,3065766.89735,-3.962,10.468319559228645,65657,72433350.6122703,927038.0795569908,56,0x3b4de3c7855c03bb9f50ea252cd2c9fa1125ab07,Alpha,False,26.61722194274763
AI Rig Complex,ARCUSDT,ARC,2025-01-17,558.6,1992037.74722,6.68,12.39520958083833,49416,53886879.77777114,3433279.66724241,CT_501,61V8vBaqAGMpgDQi4JcAwo1dmBGHsyhzodcPqnEVpump,Pumpfun|Alpha,False,26.606887398222504
BSquared Network,B2USDT,B2,2025-05-06,449.6,2832606.6294,6.223,10.322436184505147,91205,98285102.23631819,804857.9880089925,56,0x783c3f003f172c6ac5ac700218a357d2d66ee2a2,Alpha,False,26.15708057483255
OpenLedger,OPENUSDT,OPEN,2025-09-08,324.6,15300350.5253,3.488,12.492382693479588,193357,11450609.318635387,526348.5320211679,56,0xa227cc36938f0c9e09ce0e64dfab226cad739447,Community Recognized,True,25.692193048675104
Falcon Finance,FFUSDT,FF,2025-09-29,303.6,9605805.73055,7.132,10.968253968253961,171328,33612373.678617485,3839757.6826876877,56,0xac23b90a79504865d52b49b327328411a23d4db2,Community Recognized,True,25.62195818145777
AZTEC,AZTECUSDT,AZTEC,2026-02-11,168.9,2563604.85652,4.229,12.028985507246382,36512,150440956.9838696,12761432.31718577,1,0xa27ec0006e59f245217ff08cd52a7e8b169e62d2,Token Volume Plunging|DEX Paid,False,25.539218210440644
Huma Finance,HUMAUSDT,HUMA,2025-05-26,429.6,2776243.055527,-5.171,10.88844704897447,142485,9224515.841689749,2351535.594160056,56,0x92516e0ddf1ddbf7fab1b79cac26689fdc5ba8e6,Community Recognized,True,25.404699490660324
ZEROBASE,ZBTUSDT,ZBT,2025-10-17,285.7,5017694.65113,-3.664,8.814102564102576,186807,13224946.406365067,477735.7368529677,56,0xfab99fcf605fd8f4593edb70a43ba56542777777,TGE,True,25.26636020238427
Alaya Governance Token,AGTUSDT,AGT,2025-05-20,435.7,1912841.223555,0.007,11.42606662770309,68893,70548807.26643318,1103315.7851385847,56,0x5dbde81fce337ff4bcaaee4ca3466c00aecae274,Alpha,False,25.174100519649684
USELESS COIN,USELESSUSDT,USELESS,2025-08-15,348.6,3948237.38897,-0.154,8.045977011494255,110036,52399115.61417366,265332.783257753,56,0xba38b3c706f7a515ff7c8db04daa0a134ec46d2b,Alpha|DEX Paid,False,25.12232634007919
zerebro,ZEREBROUSDT,ZEREBRO,2025-01-02,573.6,2167555.959135,-6.082,8.641124586549065,78331,36938927.96207936,2734553.434476123,CT_501,8x5VqbHA8D7NkD52uNuS5nnt3PwA8pLD34ymskeSo2Wn,Pumpfun|Alpha|DEX Paid,False,24.980724491942382
ChainOpera AI,COAIUSDT,COAI,2025-09-25,307.8,3668370.3749,3.488,8.591811414392069,66145,340150022.2161394,2129013.721664075,56,0x0a8d6c86e1bce73fe4d0bd531e1a567306836ea5,Alpha|DEX Paid,False,24.67910565234342
DIA,DIAUSDT,DIA,2024-10-02,665.6,19815922.0147,1.723,25.13661202185793,290731,26408385.482674856,4673140.102913742,42161,0x6efa9b8883dfb78fd75cd89d8474c44c3cbda469,,True,24.643127890220867
jelly-my-jelly,JELLYJELLYUSDT,JELLYJELLY,2025-03-26,490.5,1456242.55286,5.028,6.990654205607472,38405,56865470.47133349,4325023.707509752,CT_501,FeR8VBqNRSUD5NtXAj2n3j1dAHkZHfyDktKuLXD4pump,Alpha|DEX Paid,False,24.502281009331394
Epic Chain,EPICUSDT,EPIC,2025-03-13,503.8,9878432.26766,9.632,11.696158826068181,303783,25756258.326477237,117772.04207781369,1,0x94314a14df63779c99c0764a30e0cd22fa78fc0e,DEX Paid,True,24.407088723510324
Genius,GENIUSUSDT,GENIUS,2026-04-16,105.0,2311715.4938,-2.99,8.22903629536922,66217,309351919.38884276,1781492.4799517666,56,0x1f12b85aac097e43aa1555b2881e98a51090e9a6,Community Recognized|DEX Paid,True,23.351824497140587
Tutorial,TUTUSDT,TUT,2025-03-20,496.8,2338932.36242,-2.995,10.632183908045988,50283,11814035.46672192,1766892.1962912513,56,0xcaae2a2f939f51d97cdfa9a86e79e3f085b799f3,Fourmeme|Community Recognized,True,23.319853919644196
Cookie DAO,COOKIEUSDT,COOKIE,2025-01-07,568.7,1551290.69498,-3.444,9.078590785907847,25319,5830141.779650997,208807.6072036412,56,0xc0041ef357b183448b235a8ea73ce4e4ec8c265f,Community Recognized,True,22.77612430347638
Prometeus,PROMUSDT,PROM,2025-01-15,560.6,6059006.4143,-5.832,11.46764860599685,110632,38440051.58118822,61684.365587146116,56,0xaf53d56ff99f1322515e54fdde93ff8b3b7dafd5,Token Volume Plunging|Community Recognized,True,21.980027432489546
Test Token,TSTUSDT,TST,2025-02-09,535.6,1224646.105409,3.145,8.031481130286377,35898,10431768.605404994,763207.5863324562,56,0x86bb94ddd16efc8bc58e6b056e8df71d9e666429,Fourmeme|Community Recognized,True,21.921794696549156
Pundi X (New),PUNDIXUSDT,PUNDIX,2025-04-30,455.7,2110044.68256,1.485,8.795098706603133,54933,37897197.22122955,11997.078778346187,CT_501,BZAwyAiJMie9PEJwC2haCsGxCnujJj5MQY9btXJeAyrY,Token Volume Plunging,True,21.02736382737544
Grass,GRASSUSDT,GRASS,2024-11-08,628.5,4248843.87881,-3.973,9.506459092414698,91572,310725820.51800835,309532.22677746066,CT_501,Grass7B4RdKfBCjTKgSqnXkqjwiGvQyFbuSCUJr3XXjs,Alpha,False,20.93873802266083
Home,HOMEUSDT,HOME,2025-06-10,414.7,13619603.885139,0.096,9.57234212629896,333440,35248243.21697736,68619.44328075566,CT_501,J3umBWqhSjd13sag1E1aUojViWvPYA5dFNyqpKuX3WXj,Token Volume Surging|Community Recognized,True,20.62626131172486
XPL,XPLUSDT,XPL,2025-08-22,341.7,23500457.06765,-4.31,8.636061210911517,409557,207265049.81533548,3449282.9217114556,9745,0xeeeeeeeeeeeeeeeeeeeeeeeeeeeeeeeeeeeeeeee,Community Recognized,True,19.581200849343
Brett,BRETTUSDT,BRETT,2024-08-20,708.7,2001855.238346,-4.468,10.411810411810428,40041,39976847.97622667,1806345.8282888085,8453,0x532f27101965dd16442e59d40670faf5ebb142e4,Community Recognized,False,19.272231455225537
Walrus,WALUSDT,WAL,2025-03-27,489.5,1846398.96882,2.466,8.052053680357862,39708,131205561.39826973,968281.5177793783,CT_784,0x356a26eb9e012a68958082340d4c4116e7f55615cf27affcff209cf0ae544f59::wal::WAL,,True,18.976386068116497
Kamino,KMNOUSDT,KMNO,2024-12-20,586.3,1259296.058,-5.011,6.6329398538504725,25997,180497853.53603697,190159.03285028943,CT_501,KMNo3nJsBXfcpJTVhZcXLW7RmTwTt4GVFE7suUBo9sS,Community Recognized,True,17.5339162882393
DeXe,DEXEUSDT,DEXE,2024-12-24,582.7,95296390.52874,-6.162,18.849840255591044,1204515,58396016.05586576,106422.14428096068,56,0x6e88056e8376ae7709496ba64d37fa2f8015ce3e,Community Recognized,True,17.430985446988938
Eigen,EIGENUSDT,EIGEN,2024-10-01,666.9,12595592.3614,-3.355,8.485193621867882,170171,333410255.44199264,1287332.615023499,1,0xec53bf9167f50cdeb3ae105f56099aaab9061f83,,True,14.977296452799436
