strategy,case_id,symbol,signal_date,entry_time_utc,entry_equity,margin,notional,entry_fee,exit_pnl_after_exit_fee,exit_events,last_exit_reason,exit_time_utc,total_net_pnl,contribution_to_initial_equity,return_on_allocated_margin
old_daily,01-KGEN-2026-01-01,KGEN,2026-01-01,2026-01-02T00:00:00+00:00,1.0,0.3,0.6,0.0012,0.016319323483670267,1,F7c由正转为非正,2026-01-04T00:00:00+00:00,0.015119323483670268,0.015119323483670268,0.05039774494556756
old_daily,02-BLESS-2026-01-09,BLESS,2026-01-09,2026-01-10T00:00:00+00:00,1.0151193234836704,0.3045357970451011,0.6090715940902022,0.0012181431881804043,0.009410435054069776,1,持仓成交量峰值后缩小且收盘未创新高,2026-01-12T00:00:00+00:00,0.008192291865889371,0.008192291865889371,0.026900915903413848
old_daily,03-B2-2026-01-10,B2,2026-01-10,2026-01-11T00:00:00+00:00,1.0291152917215567,0.308734587516467,0.617469175032934,0.0012349383500658679,0.05531424573521334,1,持仓成交量峰值后缩小且收盘未创新高,2026-01-17T00:00:00+00:00,0.05407930738514747,0.05407930738514747,0.17516439547695006
old_daily,04-SAFE-2026-01-14,SAFE,2026-01-14,2026-01-15T00:00:00+00:00,1.099148431088122,0.3297445293264366,0.6594890586528732,0.0013189781173057464,0.05512991565125572,1,盈利20%后最高收盘回撤10%,2026-01-21T00:00:00+00:00,0.05381093753394997,0.05381093753394997,0.16318978102189788
old_daily,05-ZBT-2026-01-16,ZBT,2026-01-16,2026-01-17T00:00:00+00:00,1.1683362289788135,0.35050086869364405,0.7010017373872881,0.0014020034747745762,-0.09429221884106008,1,收盘止损-10%,2026-01-21T00:00:00+00:00,-0.09569422231583466,-0.09569422231583466,-0.27302135561745605
old_daily,06-AIA-2026-01-22,AIA,2026-01-22,2026-01-23T00:00:00+00:00,1.0355076379528227,0.3106522913858468,0.6213045827716936,0.0012426091655433874,1.3154750440749503e-05,1,持仓成交量峰值后缩小且收盘未创新高,2026-01-25T00:00:00+00:00,-0.0012294544151026379,-0.0012294544151026379,-0.003957654423271546
old_daily,07-B2-2026-02-04,B2,2026-02-04,2026-02-05T00:00:00+00:00,1.0342781835377202,0.31028345506131605,0.6205669101226321,0.0012411338202452642,-0.07050425252056233,1,收盘止损-10%,2026-02-06T00:00:00+00:00,-0.0717453863408076,-0.0717453863408076,-0.23122530438056962
old_daily,08-SAFE-2026-02-05,SAFE,2026-02-05,2026-02-06T00:00:00+00:00,0.9625327971969126,0.2887598391590738,0.5775196783181475,0.0011550393566362952,0.09827976922453359,1,持仓成交量峰值后缩小且收盘未创新高,2026-02-16T00:00:00+00:00,0.09712472986789729,0.09712472986789729,0.3363512396694217
old_daily,09-ZBT-2026-02-20,ZBT,2026-02-20,2026-02-21T00:00:00+00:00,1.0596575270648099,0.31789725811944297,0.6357945162388859,0.0012715890324777718,-0.016224040529875004,1,F7c由正转为非正,2026-02-25T00:00:00+00:00,-0.017495629562352774,-0.017495629562352774,-0.05503548431291966
old_daily,10-JCT-2026-02-20,JCT,2026-02-20,2026-02-21T00:00:00+00:00,1.0596575270648099,0.31789725811944297,0.6357945162388859,0.0012715890324777718,-0.07711098272248672,1,收盘止损-10%,2026-02-28T00:00:00+00:00,-0.07838257175496449,-0.07838257175496449,-0.24656573705179283
old_daily,13-SAFE-2026-02-20,SAFE,2026-02-20,2026-02-21T00:00:00+00:00,1.0596575270648099,0.31789725811944297,0.6357945162388859,0.0012715890324777718,-0.05163974110086965,1,持有满14个交易日,2026-03-07T00:00:00+00:00,-0.05291133013334742,-0.05291133013334742,-0.16644160583941603
old_daily,12-GUA-2026-02-25,GUA,2026-02-25,2026-02-26T00:00:00+00:00,0.9919161035682392,0.2975748310704718,0.5951496621409436,0.001190299324281887,0.0839632691650169,1,F7c由正转为非正,2026-03-05T00:00:00+00:00,0.08277296984073501,0.08277296984073501,0.2781585040071238
old_daily,11-JCT-2026-03-01,JCT,2026-03-01,2026-03-02T00:00:00+00:00,0.8677937452594721,0.2603381235778416,0.5206762471556832,0.0010413524943113663,0.0003461906155988552,1,持仓成交量峰值后缩小且收盘未创新高,2026-03-04T00:00:00+00:00,-0.0006951618787125111,-0.0006951618787125111,-0.0026702269692923265
old_daily,14-LAB-2026-03-11,LAB,2026-03-11,2026-03-12T00:00:00+00:00,0.9929458035761679,0.29788374107285037,0.5957674821457007,0.0011915349642914015,0.21683720031746528,1,持仓成交量峰值后缩小且收盘未创新高,2026-03-17T00:00:00+00:00,0.2156456653531739,0.2156456653531739,0.7239255978742245
old_daily,15-BLUAI-2026-03-12,BLUAI,2026-03-12,2026-03-13T00:00:00+00:00,1.0342945916539623,0.3102883774961887,0.6205767549923774,0.0012411535099847548,-0.09665345476085106,1,收盘止损-10%,2026-03-17T00:00:00+00:00,-0.09789460827083582,-0.09789460827083582,-0.31549556918882105
old_daily,16-BLUAI-2026-03-20,BLUAI,2026-03-20,2026-03-21T00:00:00+00:00,1.110696860658506,0.33320905819755176,0.6664181163951035,0.001332836232790207,0.07491225304589995,1,盈利20%后最高收盘回撤10%,2026-03-24T00:00:00+00:00,0.07357941681310974,0.07357941681310974,0.22082057796125773
old_daily,17-LIGHT-2026-03-20,LIGHT,2026-03-20,2026-03-21T00:00:00+00:00,1.110696860658506,0.33320905819755176,0.6664181163951035,0.001332836232790207,-0.02473672805141957,1,盈利20%后最高收盘回撤10%,2026-03-25T00:00:00+00:00,-0.026069564284209777,-0.026069564284209777,-0.0782378619153677
old_daily,18-AIA-2026-03-25,AIA,2026-03-25,2026-03-26T00:00:00+00:00,1.1582067131874059,0.3474620139562217,0.6949240279124435,0.001389848055824887,0.16229166496835745,1,盈利20%后最高收盘回撤10%,2026-03-31T00:00:00+00:00,0.16090181691253255,0.16090181691253255,0.46307743134420815
old_daily,19-ZBT-2026-03-25,ZBT,2026-03-25,2026-03-26T00:00:00+00:00,1.1582067131874059,0.3474620139562217,0.6949240279124435,0.001389848055824887,0.069384825241645,1,F7c由正转为非正,2026-03-31T00:00:00+00:00,0.06799497718582012,0.06799497718582012,0.1956903904735529
old_daily,20-ZBT-2026-03-31,ZBT,2026-03-31,2026-04-01T00:00:00+00:00,1.3871035072857583,0.4161310521857275,0.832262104371455,0.00166452420874291,0.0002452946419657005,1,F7b净流出超过Cluster 0.1%,2026-04-05T00:00:00+00:00,-0.0014192295667772095,-0.0014192295667772095,-0.0034105351170567763
old_daily,21-SAFE-2026-04-01,SAFE,2026-04-01,2026-04-02T00:00:00+00:00,1.3857869187393779,0.41573607562181336,0.8314721512436267,0.0016629443024872535,0.08589678808529995,1,持仓成交量峰值后缩小且收盘未创新高,2026-04-07T00:00:00+00:00,0.08423384378281269,0.08423384378281269,0.20261374636979665
old_daily,23-ZBT-2026-04-07,ZBT,2026-04-07,2026-04-08T00:00:00+00:00,1.4699181215017938,0.4409754364505381,0.8819508729010762,0.0017639017458021525,0.06585847116985359,1,F7b净流出超过Cluster 0.1%,2026-04-16T00:00:00+00:00,0.06409456942405144,0.06409456942405144,0.1453472554842419
old_daily,22-SAFE-2026-04-11,SAFE,2026-04-11,2026-04-12T00:00:00+00:00,1.5158044058194275,0.45474132174582826,0.9094826434916565,0.001818965286983313,0.03899674615262717,1,持仓成交量峰值后缩小且收盘未创新高,2026-04-15T00:00:00+00:00,0.037177780865643856,0.037177780865643856,0.0817558886509634
old_daily,24-LIGHT-2026-04-14,LIGHT,2026-04-14,2026-04-15T00:00:00+00:00,1.54132309860572,0.46239692958171597,0.9247938591634319,0.001849587718326864,-0.05446653862095648,1,盈利20%后最高收盘回撤10%,2026-04-19T00:00:00+00:00,-0.056316126339283346,-0.056316126339283346,-0.12179173938336244
old_daily,26-JCT-2026-04-23,JCT,2026-04-23,2026-04-24T00:00:00+00:00,1.5148743454522058,0.4544623036356617,0.9089246072713234,0.0018178492145426467,0.22013767521972777,1,盈利20%后最高收盘回撤10%,2026-04-30T00:00:00+00:00,0.21831982600518512,0.21831982600518512,0.48039149618933
old_daily,25-ZBT-2026-04-25,ZBT,2026-04-25,2026-04-26T00:00:00+00:00,1.597641537909122,0.47929246137273657,0.9585849227454731,0.0019171698454909464,0.1383827723648855,1,盈利20%后最高收盘回撤10%,2026-04-28T00:00:00+00:00,0.13646560251939455,0.13646560251939455,0.28472303137951477
old_daily,27-BLUAI-2026-04-25,BLUAI,2026-04-25,2026-04-26T00:00:00+00:00,1.597641537909122,0.47929246137273657,0.9585849227454731,0.0019171698454909464,0.10601676095809548,1,持仓成交量峰值后缩小且收盘未创新高,2026-05-02T00:00:00+00:00,0.10409959111260453,0.10409959111260453,0.21719430097951878
old_daily,28-SAFE-2026-04-27,SAFE,2026-04-27,2026-04-28T00:00:00+00:00,1.8220483033616375,0.5466144910084912,1.0932289820169825,0.0021864579640339652,0.11120841110888494,1,F7c由正转为非正,2026-05-12T00:00:00+00:00,0.10902195314485097,0.10902195314485097,0.19944943820224736
old_daily,29-ZBT-2026-05-06,ZBT,2026-05-06,2026-05-07T00:00:00+00:00,1.9470059637092438,0.5841017891127731,1.1682035782255462,0.0023364071564510925,-0.20223217437539254,1,收盘止损-10%,2026-05-12T00:00:00+00:00,-0.20456858153184362,-0.20456858153184362,-0.350227623583511
old_daily,31-B2-2026-05-15,B2,2026-05-15,2026-05-16T00:00:00+00:00,1.878212736702397,0.5634638210107191,1.1269276420214382,0.0022538552840428764,0.04069439104834691,1,F7c由正转为非正,2026-05-23T00:00:00+00:00,0.038440535764304035,0.038440535764304035,0.06822183489145926
old_daily,30-BLUAI-2026-05-17,BLUAI,2026-05-17,2026-05-18T00:00:00+00:00,1.8729232658400996,0.5618769797520299,1.1237539595040598,0.0022475079190081198,-0.4164349902285271,1,收盘止损-10%,2026-05-20T00:00:00+00:00,-0.4186824981475352,-0.4186824981475352,-0.7451497627333123
old_daily,32-BLUAI-2026-05-20,BLUAI,2026-05-20,2026-05-21T00:00:00+00:00,1.4508480208698091,0.43525440626094275,0.8705088125218855,0.001741017625043771,0.1812084121638175,1,持仓成交量峰值后缩小且收盘未创新高,2026-05-25T00:00:00+00:00,0.17946739453877372,0.17946739453877372,0.4123275766016711
old_daily,33-B2-2026-05-27,B2,2026-05-27,2026-05-28T00:00:00+00:00,1.6774381688579394,0.5032314506573818,1.0064629013147637,0.0020129258026295276,-0.11031640807091576,1,收盘止损-10%,2026-06-06T00:00:00+00:00,-0.1123293338735453,-0.1123293338735453,-0.22321604447974608
old_daily,34-ZBT-2026-06-04,ZBT,2026-06-04,2026-06-05T00:00:00+00:00,1.6510430996954206,0.4953129299086262,0.9906258598172524,0.0019812517196345046,-0.10846730300188216,1,收盘止损-10%,2026-06-06T00:00:00+00:00,-0.11044855472151667,-0.11044855472151667,-0.22298742482230755
old_daily,35-KGEN-2026-06-10,KGEN,2026-06-10,2026-06-11T00:00:00+00:00,1.4546602802628774,0.4363980840788632,0.8727961681577264,0.001745592336315453,0.0616266049421498,1,持仓成交量峰值后缩小且收盘未创新高,2026-06-13T00:00:00+00:00,0.059881012605834345,0.059881012605834345,0.13721648831760913
old_daily,36-BLUAI-2026-06-10,BLUAI,2026-06-10,2026-06-11T00:00:00+00:00,1.4546602802628774,0.4363980840788632,0.8727961681577264,0.001745592336315453,0.081884042956744,1,持仓成交量峰值后缩小且收盘未创新高,2026-06-13T00:00:00+00:00,0.08013845062042854,0.08013845062042854,0.18363611927761445
old_daily,38-BLESS-2026-06-11,BLESS,2026-06-11,2026-06-12T00:00:00+00:00,1.6748576598058977,0.5024572979417693,1.0049145958835386,0.0020098291917670773,0.1685339835202417,1,盈利20%后最高收盘回撤10%,2026-06-19T00:00:00+00:00,0.16652415432847464,0.16652415432847464,0.33141951566951555
old_daily,37-ZBT-2026-06-13,ZBT,2026-06-13,2026-06-14T00:00:00+00:00,1.563681993262271,0.46910459797868126,0.9382091959573625,0.001876418391914725,-0.004555365995491923,1,F7b净流出超过Cluster 0.1%,2026-06-15T00:00:00+00:00,-0.006431784387406648,-0.006431784387406648,-0.01371076816368989
old_daily,39-AIA-2026-06-13,AIA,2026-06-13,2026-06-14T00:00:00+00:00,1.563681993262271,0.46910459797868126,0.9382091959573625,0.001876418391914725,-0.09618886928088413,1,收盘止损-10%,2026-06-22T00:00:00+00:00,-0.09806528767279886,-0.09806528767279886,-0.20904780745136822
old_daily,40-ZBT-2026-06-23,ZBT,2026-06-23,2026-06-24T00:00:00+00:00,1.6567068257574096,0.49701204772722285,0.9940240954544457,0.0019880481909088916,0.12768986648406322,1,F7c由正转为非正,2026-07-01T00:00:00+00:00,0.12570181829315433,0.12570181829315433,0.2529150326797385
old_daily,41-KGEN-2026-06-30,KGEN,2026-06-30,2026-07-01T00:00:00+00:00,1.7824086440505638,0.5347225932151691,1.0694451864303383,0.0021388903728606764,-0.11099215871120609,1,收盘止损-10%,2026-07-02T00:00:00+00:00,-0.11313104908406676,-0.11313104908406676,-0.2115696073431921
old_daily,42-COLLECT-2026-07-01,COLLECT,2026-07-01,2026-07-02T00:00:00+00:00,1.6692775949664969,0.5007832784899491,1.0015665569798982,0.0020031331139597963,0.0689624531189625,1,持仓成交量峰值后缩小且收盘未创新高,2026-07-05T00:00:00+00:00,0.06695932000500271,0.06695932000500271,0.1337091769655536
old_daily,44-AIA-2026-07-08,AIA,2026-07-08,2026-07-09T00:00:00+00:00,1.7362369149714996,0.5208710744914499,1.0417421489828997,0.0020834842979657996,0.024303791455458884,1,F7c由正转为非正,2026-07-16T00:00:00+00:00,0.022220307157493083,0.022220307157493083,0.04265989847715729
old_daily,43-GUA-2026-07-09,GUA,2026-07-09,2026-07-10T00:00:00+00:00,1.738658049855073,0.5215974149565219,1.0431948299130438,0.0020863896598260876,-0.15793217376809135,1,收盘止损-10%,2026-07-14T00:00:00+00:00,-0.16001856342791743,-0.16001856342791743,-0.30678557607739654
old_daily,45-ZBT-2026-07-14,ZBT,2026-07-14,2026-07-15T00:00:00+00:00,1.5715887781430073,0.4714766334429022,0.9429532668858044,0.0018859065337716089,-0.15999148467996846,1,收盘止损-10%,2026-07-16T00:00:00+00:00,-0.16187739121374006,-0.16187739121374006,-0.34334128084280574
old_daily,46-ZBT-2026-07-17,ZBT,2026-07-17,2026-07-18T00:00:00+00:00,1.4365612674873354,0.4309683802462006,0.8619367604924012,0.0017238735209848025,0.016722704799190056,1,持仓成交量峰值后缩小且收盘未创新高,2026-07-20T00:00:00+00:00,0.014998831278205253,0.014998831278205253,0.034802625820569075
old_daily,49-SAFE-2026-07-22,SAFE,2026-07-22,2026-07-23T00:00:00+00:00,1.4515600987655406,0.4354680296296622,0.8709360592593244,0.0017418721185186489,0.15438842499437988,1,F7c由正转为非正,2026-07-27T00:00:00+00:00,0.15264655287586124,0.15264655287586124,0.3505344651952461
old_daily,48-AIA-2026-07-23,AIA,2026-07-23,2026-07-24T00:00:00+00:00,1.422906450282812,0.42687193508484356,0.8537438701696871,0.0017074877403393742,0.08045267599864295,1,持仓成交量峰值后缩小且收盘未创新高,2026-07-26T00:00:00+00:00,0.07874518825830357,0.07874518825830357,0.1844702867211274
v1_multitimeframe,01-KGEN-2026-01-01,KGEN,2026-01-01,2026-01-02T00:00:00+00:00,1.0,0.3,0.6,0.0012,0.1692205287713841,1,持有满14天,2026-01-16T00:00:00+00:00,0.1680205287713841,0.1680205287713841,0.560068429237947
v1_multitimeframe,02-BLESS-2026-01-09,BLESS,2026-01-09,2026-01-10T00:00:00+00:00,0.9918307153965785,0.29754921461897355,0.5950984292379471,0.0011901968584758942,-0.030860882905743386,1,5m收盘距持仓最高价回撤15%,2026-01-14T22:45:00+00:00,-0.03205107976421928,-0.03205107976421928,-0.10771690258118231
v1_multitimeframe,03-B2-2026-01-10,B2,2026-01-10,2026-01-11T00:00:00+00:00,0.9957369291886362,0.2987210787565909,0.5974421575131817,0.0011948843150263635,0.01574690541342226,1,5m收盘距持仓最高价回撤15%,2026-01-23T18:40:00+00:00,0.014552021098395897,0.014552021098395897,0.048714409973905554
v1_multitimeframe,04-SAFE-2026-01-14,SAFE,2026-01-14,2026-01-15T00:00:00+00:00,1.228879929979104,0.3686639789937312,0.7373279579874624,0.0014746559159749249,0.02806690000660321,1,5m收盘距持仓最高价回撤15%,2026-01-15T16:30:00+00:00,0.026592244090628284,0.026592244090628284,0.07213138686131433
v1_multitimeframe,05-ZBT-2026-01-16,ZBT,2026-01-16,2026-01-17T00:00:00+00:00,1.2161915240199144,0.3648574572059743,0.7297149144119486,0.0014594298288238973,-0.09004018050699414,1,保护止损,2026-01-19T00:05:00+00:00,-0.09149961033581804,-0.09149961033581804,-0.2507818012999072
v1_multitimeframe,06-AIA-2026-01-22,AIA,2026-01-22,2026-01-23T00:00:00+00:00,1.1419274876686023,0.3425782463005807,0.6851564926011614,0.0013703129852023228,-0.019970958854346767,1,保护止损,2026-01-23T11:25:00+00:00,-0.021341271839549092,-0.021341271839549092,-0.06229605081469213
v1_multitimeframe,07-B2-2026-02-04,B2,2026-02-04,2026-02-05T00:00:00+00:00,1.0642728320208217,0.3192818496062465,0.638563699212493,0.001277127398424986,-0.07550857444793614,1,保护止损,2026-02-05T23:55:00+00:00,-0.07678570184636113,-0.07678570184636113,-0.24049504204844996
v1_multitimeframe,08-SAFE-2026-02-05,SAFE,2026-02-05,2026-02-06T00:00:00+00:00,0.9874871301744607,0.2962461390523382,0.5924922781046764,0.001184984556209353,0.0568462064428655,1,5m收盘距持仓最高价回撤15%,2026-02-19T08:35:00+00:00,0.05566122188665615,0.05566122188665615,0.18788842975206643
v1_multitimeframe,09-ZBT-2026-02-20,ZBT,2026-02-20,2026-02-21T00:00:00+00:00,1.043148352061117,0.31294450561833503,0.6258890112366701,0.00125177802247334,0.040424935578747836,1,持有满14天,2026-03-07T00:00:00+00:00,0.0391731575562745,0.0391731575562745,0.12517605151390582
v1_multitimeframe,10-JCT-2026-02-20,JCT,2026-02-20,2026-02-21T00:00:00+00:00,1.043148352061117,0.31294450561833503,0.6258890112366701,0.00125177802247334,-0.04213583142010152,1,5m收盘距持仓最高价回撤15%,2026-02-24T05:55:00+00:00,-0.04338760944257486,-0.04338760944257486,-0.1386431417188391
v1_multitimeframe,13-SAFE-2026-02-20,SAFE,2026-02-20,2026-02-21T00:00:00+00:00,1.043148352061117,0.31294450561833503,0.6258890112366701,0.00125177802247334,-0.050835208031264484,1,保护止损,2026-02-23T03:30:00+00:00,-0.05208698605373782,-0.05208698605373782,-0.16644160583941597
v1_multitimeframe,12-GUA-2026-02-25,GUA,2026-02-25,2026-02-26T00:00:00+00:00,0.9440209794582605,0.28320629383747814,0.5664125876749563,0.0011328251753499126,-0.04662750308843368,1,保护止损,2026-02-27T15:10:00+00:00,-0.04776032826378359,-0.04776032826378359,-0.16864147903150598
v1_multitimeframe,11-JCT-2026-03-01,JCT,2026-03-01,2026-03-02T00:00:00+00:00,0.908351396582115,0.2725054189746345,0.545010837949269,0.001090021675898538,0.16103323898235244,2,5m收盘距持仓最高价回撤15%,2026-03-06T07:40:00+00:00,0.15994321730645392,0.15994321730645392,0.5869359145527372
v1_multitimeframe,14-LAB-2026-03-11,LAB,2026-03-11,2026-03-12T00:00:00+00:00,1.0990298031637484,0.3297089409491245,0.659417881898249,0.001318835763796498,0.14907049453087898,1,5m收盘距持仓最高价回撤15%,2026-03-21T01:15:00+00:00,0.1477516587670825,0.1477516587670825,0.44812754650132824
v1_multitimeframe,15-BLUAI-2026-03-12,BLUAI,2026-03-12,2026-03-13T00:00:00+00:00,1.1447961987298807,0.3434388596189642,0.6868777192379284,0.001373755438475857,-0.04006477670813821,1,5m收盘距持仓最高价回撤15%,2026-03-15T07:40:00+00:00,-0.04143853214661407,-0.04143853214661407,-0.12065766871165645
v1_multitimeframe,16-BLUAI-2026-03-20,BLUAI,2026-03-20,2026-03-21T00:00:00+00:00,1.2189141694273284,0.36567425082819854,0.7313485016563971,0.0014626970033127943,0.07039014499175114,1,5m收盘距持仓最高价回撤15%,2026-03-22T17:25:00+00:00,0.06892744798843835,0.06892744798843835,0.18849412511908561
v1_multitimeframe,17-LIGHT-2026-03-20,LIGHT,2026-03-20,2026-03-21T00:00:00+00:00,1.2189141694273284,0.36567425082819854,0.7313485016563971,0.0014626970033127943,0.09477168971263947,1,5m收盘距持仓最高价回撤15%,2026-03-23T04:50:00+00:00,0.09330899270932667,0.09330899270932667,0.25516971046770587
v1_multitimeframe,18-AIA-2026-03-25,AIA,2026-03-25,2026-03-26T00:00:00+00:00,1.367579370481982,0.4102738111445946,0.8205476222891892,0.0016410952445783784,-0.07823920731379347,1,保护止损,2026-03-27T11:35:00+00:00,-0.07988030255837185,-0.07988030255837185,-0.19469997935164154
v1_multitimeframe,19-ZBT-2026-03-25,ZBT,2026-03-25,2026-03-26T00:00:00+00:00,1.367579370481982,0.4102738111445946,0.8205476222891892,0.0016410952445783784,-0.06820134605809079,1,保护止损,2026-03-27T10:55:00+00:00,-0.06984244130266917,-0.06984244130266917,-0.17023373026862368
v1_multitimeframe,20-ZBT-2026-03-31,ZBT,2026-03-31,2026-04-01T00:00:00+00:00,1.217856626620941,0.3653569879862823,0.7307139759725646,0.0014614279519451292,0.024986171772464958,1,5m收盘距持仓最高价回撤15%,2026-04-03T03:40:00+00:00,0.02352474382051983,0.02352474382051983,0.06438837792642163
v1_multitimeframe,21-SAFE-2026-04-01,SAFE,2026-04-01,2026-04-02T00:00:00+00:00,1.2167006811004224,0.3650102043301267,0.7300204086602534,0.001460040817320507,0.1092698505198918,1,5m收盘距持仓最高价回撤15%,2026-04-05T13:45:00+00:00,0.10780980970257129,0.10780980970257129,0.29536108422071594
v1_multitimeframe,23-ZBT-2026-04-07,ZBT,2026-04-07,2026-04-08T00:00:00+00:00,1.349191180144032,0.40475735404320956,0.8095147080864191,0.0016190294161728383,-0.013614798186542381,1,5m收盘距持仓最高价回撤15%,2026-04-12T13:55:00+00:00,-0.01523382760271522,-0.01523382760271522,-0.03763693840406157
v1_multitimeframe,22-SAFE-2026-04-11,SAFE,2026-04-11,2026-04-12T00:00:00+00:00,1.3913087438268859,0.41739262314806574,0.8347852462961315,0.001669570492592263,-0.04032233203950886,1,5m收盘距持仓最高价回撤15%,2026-04-16T00:45:00+00:00,-0.04199190253210112,-0.04199190253210112,-0.10060528194147055
v1_multitimeframe,24-LIGHT-2026-04-14,LIGHT,2026-04-14,2026-04-15T00:00:00+00:00,1.3698263049014412,0.41094789147043237,0.8218957829408647,0.0016437915658817294,0.11096788380613458,1,5m收盘距持仓最高价回撤15%,2026-04-16T16:10:00+00:00,0.10932409224025284,0.10932409224025284,0.2660290866783014
v1_multitimeframe,26-JCT-2026-04-23,JCT,2026-04-23,2026-04-24T00:00:00+00:00,1.4012895422494682,0.42038686267484043,0.8407737253496809,0.0016815474506993618,0.38900286710856363,4,多周期退出评分,2026-04-29T08:00:00+00:00,0.38732131965786426,0.38732131965786426,0.9213449659045325
v1_multitimeframe,25-ZBT-2026-04-25,ZBT,2026-04-25,2026-04-26T00:00:00+00:00,1.4778508765802074,0.4433552629740622,0.8867105259481244,0.0017734210518962489,-0.0825651922626708,1,5m收盘距持仓最高价回撤15%,2026-04-26T02:00:00+00:00,-0.08433861331456705,-0.08433861331456705,-0.1902280639431614
v1_multitimeframe,27-BLUAI-2026-04-25,BLUAI,2026-04-25,2026-04-26T00:00:00+00:00,1.4778508765802074,0.4433552629740622,0.8867105259481244,0.0017734210518962489,-0.08096859384091765,1,保护止损,2026-04-26T03:30:00+00:00,-0.0827420148928139,-0.0827420148928139,-0.18662689225289425
v1_multitimeframe,28-SAFE-2026-04-27,SAFE,2026-04-27,2026-04-28T00:00:00+00:00,1.3775465009276746,0.41326395027830237,0.8265279005566047,0.0016530558011132095,0.08407831851336212,1,持有满14天,2026-05-12T00:00:00+00:00,0.08242526271224891,0.08242526271224891,0.1994494382022474
v1_multitimeframe,29-ZBT-2026-05-06,ZBT,2026-05-06,2026-05-07T00:00:00+00:00,1.601303517212173,0.4803910551636519,0.9607821103273038,0.0019215642206546076,-0.08155102983864257,1,保护止损,2026-05-10T22:00:00+00:00,-0.08347259405929718,-0.08347259405929718,-0.1737596759183226
v1_multitimeframe,31-B2-2026-05-15,B2,2026-05-15,2026-05-16T00:00:00+00:00,1.620482902352903,0.48614487070587087,0.9722897414117417,0.0019445794828234836,-0.01670501927765406,1,5m收盘距持仓最高价回撤15%,2026-05-24T07:40:00+00:00,-0.018649598760477545,-0.018649598760477545,-0.038362224687054226
v1_multitimeframe,30-BLUAI-2026-05-17,BLUAI,2026-05-17,2026-05-18T00:00:00+00:00,1.6159192568577203,0.48477577705731606,0.9695515541146321,0.0019391031082292643,-0.08293570372078676,1,保护止损,2026-05-19T04:20:00+00:00,-0.08487480682901603,-0.08487480682901603,-0.17508054413160398
v1_multitimeframe,32-BLUAI-2026-05-20,BLUAI,2026-05-20,2026-05-21T00:00:00+00:00,1.5281172586031262,0.4584351775809378,0.9168703551618756,0.0018337407103237514,0.22858216443290827,1,5m收盘距持仓最高价回撤15%,2026-05-23T21:05:00+00:00,0.22674842372258452,0.22674842372258452,0.4946139275766017
v1_multitimeframe,33-B2-2026-05-27,B2,2026-05-27,2026-05-28T00:00:00+00:00,1.743706920485994,0.5231120761457982,1.0462241522915965,0.002092448304583193,-0.10099054655752308,1,保护止损,2026-05-28T09:55:00+00:00,-0.10308299486210627,-0.10308299486210627,-0.19705718824463858
v1_multitimeframe,34-ZBT-2026-06-04,ZBT,2026-06-04,2026-06-05T00:00:00+00:00,1.6406239256238877,0.4921871776871663,0.9843743553743326,0.0019687487107486654,-0.09880510547162061,1,保护止损,2026-06-05T07:20:00+00:00,-0.10077385418236927,-0.10077385418236927,-0.2047470124189644
v1_multitimeframe,35-KGEN-2026-06-10,KGEN,2026-06-10,2026-06-11T00:00:00+00:00,1.5398500714415184,0.4619550214324555,0.923910042864911,0.001847820085729822,0.05636126217291921,1,5m收盘距持仓最高价回撤15%,2026-06-21T21:10:00+00:00,0.05451344208718939,0.05451344208718939,0.1180059520040525
v1_multitimeframe,36-BLUAI-2026-06-10,BLUAI,2026-06-10,2026-06-11T00:00:00+00:00,1.5398500714415184,0.4619550214324555,0.923910042864911,0.001847820085729822,-0.04065111060335866,1,5m收盘距持仓最高价回撤15%,2026-06-13T16:50:00+00:00,-0.04249893068908848,-0.04249893068908848,-0.09199798404031947
v1_multitimeframe,38-BLESS-2026-06-11,BLESS,2026-06-11,2026-06-12T00:00:00+00:00,1.7729429490165354,0.5318828847049606,1.0637657694099212,0.0021275315388198423,-0.10534236022073258,1,保护止损,2026-06-13T06:10:00+00:00,-0.10746989175955242,-0.10746989175955242,-0.20205555555555574
v1_multitimeframe,37-ZBT-2026-06-13,ZBT,2026-06-13,2026-06-14T00:00:00+00:00,1.4639095338647736,0.4391728601594321,0.8783457203188642,0.0017566914406377282,0.018079422356589398,1,5m收盘距持仓最高价回撤15%,2026-06-20T00:55:00+00:00,0.01632273091595167,0.01632273091595167,0.03716698456736616
v1_multitimeframe,39-AIA-2026-06-13,AIA,2026-06-13,2026-06-14T00:00:00+00:00,1.4639095338647736,0.4391728601594321,0.8783457203188642,0.0017566914406377282,-0.0728549113892179,1,保护止损,2026-06-16T02:35:00+00:00,-0.07461160282985563,-0.07461160282985563,-0.169891196834817
v1_multitimeframe,40-ZBT-2026-06-23,ZBT,2026-06-23,2026-06-24T00:00:00+00:00,1.3861058191661628,0.4158317457498488,0.8316634914996976,0.0016633269829993953,0.21052532385236192,1,5m收盘距持仓最高价回撤15%,2026-07-02T05:05:00+00:00,0.20886199686936252,0.20886199686936252,0.5022752567693743
v1_multitimeframe,41-KGEN-2026-06-30,KGEN,2026-06-30,2026-07-01T00:00:00+00:00,1.493156674078549,0.44794700222356465,0.8958940044471293,0.0017917880088942587,-0.07747815615205951,1,保护止损,2026-07-01T11:40:00+00:00,-0.07926994416095377,-0.07926994416095377,-0.17696277409484962
v1_multitimeframe,42-COLLECT-2026-07-01,COLLECT,2026-07-01,2026-07-02T00:00:00+00:00,1.6456808963159704,0.4937042688947911,0.9874085377895822,0.0019748170755791643,0.1273261102544991,1,持有满14天,2026-07-16T00:00:00+00:00,0.12535129317891994,0.12535129317891994,0.253899552984486
v1_multitimeframe,44-AIA-2026-07-08,AIA,2026-07-08,2026-07-09T00:00:00+00:00,1.5716226351111346,0.47148679053334036,0.9429735810666807,0.0018859471621333614,0.19485957810612337,1,持有满14天,2026-07-23T00:00:00+00:00,0.19297363094399,0.19297363094399,0.4092874600488817
v1_multitimeframe,43-GUA-2026-07-09,GUA,2026-07-09,2026-07-10T00:00:00+00:00,1.6298963245813907,0.4889688973744172,0.9779377947488344,0.0019558755894976687,-0.08281559131932135,1,保护止损,2026-07-11T02:45:00+00:00,-0.08477146690881902,-0.08477146690881902,-0.17336781002638524
v1_multitimeframe,45-ZBT-2026-07-14,ZBT,2026-07-14,2026-07-15T00:00:00+00:00,1.5413390275096137,0.46240170825288407,0.9248034165057681,0.0018496068330115362,-0.07758964777094779,1,保护止损,2026-07-15T02:35:00+00:00,-0.07943925460395933,-0.07943925460395933,-0.17179706126975333
v1_multitimeframe,46-ZBT-2026-07-17,ZBT,2026-07-17,2026-07-18T00:00:00+00:00,1.523882879603698,0.4571648638811094,0.9143297277622188,0.0018286594555244377,-0.07590697375350763,1,保护止损,2026-07-18T06:25:00+00:00,-0.07773563320903207,-0.07773563320903207,-0.17003851203501075
v1_multitimeframe,49-SAFE-2026-07-22,SAFE,2026-07-22,2026-07-23T00:00:00+00:00,1.5920764412756712,0.4776229323827013,0.9552458647654026,0.0019104917295308054,0.08322607978436898,1,5m收盘距持仓最高价回撤15%,2026-07-27T06:55:00+00:00,0.08131558805483817,0.08131558805483817,0.17025059422750463
v1_multitimeframe,48-AIA-2026-07-23,AIA,2026-07-23,2026-07-24T00:00:00+00:00,1.5606490145058514,0.46819470435175536,0.9363894087035107,0.0018727788174070215,-0.0032199916428074372,1,5m收盘距持仓最高价回撤15%,2026-07-27T05:00:00+00:00,-0.0050927704602144585,-0.0050927704602144585,-0.010877462758289236
v2_multitimeframe,01-KGEN-2026-01-01,KGEN,2026-01-01,2026-01-02T00:00:00+00:00,1.0,0.3,0.6,0.0012,0.1692205287713841,1,持有满14天,2026-01-16T00:00:00+00:00,0.1680205287713841,0.1680205287713841,0.560068429237947
v2_multitimeframe,02-BLESS-2026-01-09,BLESS,2026-01-09,2026-01-10T00:00:00+00:00,0.9918307153965785,0.29754921461897355,0.5950984292379471,0.0011901968584758942,-0.03234441720810677,2,V2弱趋势分层回撤,2026-01-15T12:35:00+00:00,-0.03353461406658266,-0.03353461406658266,-0.11270274771024144
v2_multitimeframe,03-B2-2026-01-10,B2,2026-01-10,2026-01-11T00:00:00+00:00,0.9957369291886362,0.2987210787565909,0.5974421575131817,0.0011948843150263635,0.025600803520785215,2,持有满14天,2026-01-25T00:00:00+00:00,0.024405919205758853,0.024405919205758853,0.08170136271383015
v2_multitimeframe,05-ZBT-2026-01-16,ZBT,2026-01-16,2026-01-17T00:00:00+00:00,1.188115745626923,0.3564347236880769,0.7128694473761538,0.0014257388947523076,-0.0879616031575783,1,保护止损,2026-01-19T00:05:00+00:00,-0.0893873420523306,-0.0893873420523306,-0.2507818012999072
v2_multitimeframe,06-AIA-2026-01-22,AIA,2026-01-22,2026-01-23T00:00:00+00:00,1.1159639775590984,0.3347891932677295,0.669578386535459,0.001339156773070918,-0.019516887822945344,1,保护止损,2026-01-23T11:25:00+00:00,-0.02085604459601626,-0.02085604459601626,-0.06229605081469213
v2_multitimeframe,07-B2-2026-02-04,B2,2026-02-04,2026-02-05T00:00:00+00:00,1.0486484472622135,0.31459453417866406,0.6291890683573281,0.0012583781367146562,-0.07440004758879568,1,保护止损,2026-02-05T23:55:00+00:00,-0.07565842572551033,-0.07565842572551033,-0.24049504204844993
v2_multitimeframe,08-SAFE-2026-02-05,SAFE,2026-02-05,2026-02-06T00:00:00+00:00,0.9729900215367032,0.29189700646101097,0.5837940129220219,0.001167588025844044,0.05646307332106619,2,V2弱趋势分层回撤,2026-02-19T08:40:00+00:00,0.055295485295222144,0.055295485295222144,0.18943491735537216
v2_multitimeframe,09-ZBT-2026-02-20,ZBT,2026-02-20,2026-02-21T00:00:00+00:00,1.0282855068319252,0.30848565204957756,0.6169713040991551,0.0012339426081983103,0.03984895848045706,1,持有满14天,2026-03-07T00:00:00+00:00,0.03861501587225875,0.03861501587225875,0.12517605151390582
v2_multitimeframe,10-JCT-2026-02-20,JCT,2026-02-20,2026-02-21T00:00:00+00:00,1.0282855068319252,0.30848565204957756,0.6169713040991551,0.0012339426081983103,-0.04679219929221906,2,保护止损,2026-02-24T06:00:00+00:00,-0.048026141900417374,-0.048026141900417374,-0.15568355150825286
v2_multitimeframe,13-SAFE-2026-02-20,SAFE,2026-02-20,2026-02-21T00:00:00+00:00,1.0282855068319252,0.30848565204957756,0.6169713040991551,0.0012339426081983103,-0.05011090469735271,1,保护止损,2026-02-23T03:30:00+00:00,-0.05134484730555102,-0.05134484730555102,-0.166441605839416
v2_multitimeframe,12-GUA-2026-02-25,GUA,2026-02-25,2026-02-26T00:00:00+00:00,0.9253137855240233,0.277594135657207,0.555188271314414,0.0011103765426288279,-0.04570350906507507,1,保护止损,2026-02-27T15:10:00+00:00,-0.046813885607703894,-0.046813885607703894,-0.16864147903150598
v2_multitimeframe,11-JCT-2026-03-01,JCT,2026-03-01,2026-03-02T00:00:00+00:00,0.8904183755812024,0.2671255126743607,0.5342510253487214,0.0010685020506974428,0.136676248627764,4,V2弱趋势分层回撤,2026-03-07T00:10:00+00:00,0.13560774657706656,0.13560774657706656,0.5076555407209612
v2_multitimeframe,14-LAB-2026-03-11,LAB,2026-03-11,2026-03-12T00:00:00+00:00,1.0563233944675787,0.3168970183402736,0.6337940366805472,0.0012675880733610946,0.16833845120534568,2,多周期退出评分,2026-03-23T09:35:00+00:00,0.1670708631319846,0.1670708631319846,0.5272086938747698
v2_multitimeframe,15-BLUAI-2026-03-12,BLUAI,2026-03-12,2026-03-13T00:00:00+00:00,1.1003113865837124,0.3300934159751137,0.6601868319502274,0.001320373663900455,-0.03915915969704502,2,V2弱趋势分层回撤,2026-03-15T09:20:00+00:00,-0.04047953336094547,-0.04047953336094547,-0.12263053851397415
v2_multitimeframe,16-BLUAI-2026-03-20,BLUAI,2026-03-20,2026-03-21T00:00:00+00:00,1.1708980290313358,0.3512694087094007,0.7025388174188014,0.0014050776348376029,0.09812073426844344,3,V2弱趋势分层回撤,2026-03-23T22:15:00+00:00,0.09671565663360583,0.09671565663360583,0.27533185138139105
v2_multitimeframe,17-LIGHT-2026-03-20,LIGHT,2026-03-20,2026-03-21T00:00:00+00:00,1.1708980290313358,0.3512694087094007,0.7025388174188014,0.0014050776348376029,0.07323677706822132,2,V2峰值回撤30%紧急退出,2026-03-24T17:30:00+00:00,0.07183169943338372,0.07183169943338372,0.20449175946547876
v2_multitimeframe,18-AIA-2026-03-25,AIA,2026-03-25,2026-03-26T00:00:00+00:00,1.3514620803056072,0.40543862409168213,0.8108772481833643,0.0016217544963667285,-0.07731713724264175,1,保护止损,2026-03-27T11:35:00+00:00,-0.07893889173900848,-0.07893889173900848,-0.19469997935164157
v2_multitimeframe,19-ZBT-2026-03-25,ZBT,2026-03-25,2026-03-26T00:00:00+00:00,1.3514620803056072,0.40543862409168213,0.8108772481833643,0.0016217544963667285,-0.06739757487773859,1,保护止损,2026-03-27T10:55:00+00:00,-0.06901932937410532,-0.06901932937410532,-0.17023373026862368
v2_multitimeframe,20-ZBT-2026-03-31,ZBT,2026-03-31,2026-04-01T00:00:00+00:00,1.2035038591924931,0.36105115775774793,0.7221023155154959,0.0014442046310309917,0.023769037699505696,2,V2弱趋势分层回撤,2026-04-03T09:30:00+00:00,0.022324833068474704,0.022324833068474704,0.06183288043478273
v2_multitimeframe,21-SAFE-2026-04-01,SAFE,2026-04-01,2026-04-02T00:00:00+00:00,1.20236153680039,0.36070846104011695,0.7214169220802339,0.0014428338441604678,0.09160318820764562,2,V2弱趋势分层回撤,2026-04-06T12:15:00+00:00,0.09016035436348516,0.09016035436348516,0.24995353339787
v2_multitimeframe,23-ZBT-2026-04-07,ZBT,2026-04-07,2026-04-08T00:00:00+00:00,1.3159890466244528,0.39479671398733585,0.7895934279746717,0.0015791868559493435,-0.014374321818074343,2,V2弱趋势分层回撤,2026-04-12T21:50:00+00:00,-0.015953508674023686,-0.015953508674023686,-0.04040942619024797
v2_multitimeframe,22-SAFE-2026-04-11,SAFE,2026-04-11,2026-04-12T00:00:00+00:00,1.3570701426861886,0.4071210428058566,0.8142420856117132,0.0016284841712234264,-0.0048186160826600676,2,V2弱趋势分层回撤,2026-04-25T22:35:00+00:00,-0.006447100253883494,-0.006447100253883494,-0.01583583154889372
v2_multitimeframe,24-LIGHT-2026-04-14,LIGHT,2026-04-14,2026-04-15T00:00:00+00:00,1.335021794245685,0.40050653827370547,0.8010130765474109,0.0016020261530948219,0.079664454973378,2,保护止损,2026-04-18T23:50:00+00:00,0.07806242882028318,0.07806242882028318,0.19490924956369987
v2_multitimeframe,26-JCT-2026-04-23,JCT,2026-04-23,2026-04-24T00:00:00+00:00,1.3638263545977776,0.40914790637933324,0.8182958127586665,0.001636591625517333,0.34052167410796613,4,V2弱趋势分层回撤,2026-04-30T02:10:00+00:00,0.3388850824824488,0.3388850824824488,0.828270356999599
v2_multitimeframe,25-ZBT-2026-04-25,ZBT,2026-04-25,2026-04-26T00:00:00+00:00,1.446165349323726,0.4338496047971178,0.8676992095942356,0.0017353984191884712,-0.06209394766168835,2,保护止损,2026-04-26T10:20:00+00:00,-0.06382934608087683,-0.06382934608087683,-0.14712320899940776
v2_multitimeframe,27-BLUAI-2026-04-25,BLUAI,2026-04-25,2026-04-26T00:00:00+00:00,1.446165349323726,0.4338496047971178,0.8676992095942356,0.0017353984191884712,-0.07923260502924398,1,保护止损,2026-04-26T03:30:00+00:00,-0.08096800344843245,-0.08096800344843245,-0.18662689225289425
v2_multitimeframe,28-SAFE-2026-04-27,SAFE,2026-04-27,2026-04-28T00:00:00+00:00,1.3663590029738053,0.40990770089214157,0.8198154017842831,0.0016396308035685663,0.08339549146128106,1,持有满14天,2026-05-12T00:00:00+00:00,0.0817558606577125,0.0817558606577125,0.1994494382022474
v2_multitimeframe,29-ZBT-2026-05-06,ZBT,2026-05-06,2026-05-07T00:00:00+00:00,1.5456761506487746,0.46370284519463234,0.9274056903892647,0.0018548113807785294,-0.07871804472264489,1,保护止损,2026-05-10T22:00:00+00:00,-0.08057285610342342,-0.08057285610342342,-0.1737596759183226
v2_multitimeframe,31-B2-2026-05-15,B2,2026-05-15,2026-05-16T00:00:00+00:00,1.5669216040242566,0.47007648120727696,0.9401529624145539,0.001880305924829108,-0.04135287608772274,2,保护止损,2026-05-24T08:30:00+00:00,-0.04323318201255185,-0.04323318201255185,-0.09197052765013461
v2_multitimeframe,30-BLUAI-2026-05-17,BLUAI,2026-05-17,2026-05-18T00:00:00+00:00,1.5625087992306195,0.4687526397691858,0.9375052795383716,0.0018750105590767433,-0.08019445667483806,1,保护止损,2026-05-19T04:20:00+00:00,-0.0820694672339148,-0.0820694672339148,-0.17508054413160398
v2_multitimeframe,32-BLUAI-2026-05-20,BLUAI,2026-05-20,2026-05-21T00:00:00+00:00,1.4776088920845074,0.44328266762535223,0.8865653352507045,0.0017731306705014089,0.204095094534469,4,V2弱趋势分层回撤,2026-05-24T21:35:00+00:00,0.20232196386396759,0.20232196386396759,0.45641749303621176
v2_multitimeframe,33-B2-2026-05-27,B2,2026-05-27,2026-05-28T00:00:00+00:00,1.6439409186417575,0.49318227559252725,0.9863645511850545,0.0019727291023701092,-0.09521238341798575,1,保护止损,2026-05-28T09:55:00+00:00,-0.09718511252035586,-0.09718511252035586,-0.19705718824463855
v2_multitimeframe,34-ZBT-2026-06-04,ZBT,2026-06-04,2026-06-05T00:00:00+00:00,1.5467558061214017,0.4640267418364205,0.928053483672841,0.001856106967345682,-0.09315198210616749,1,保护止损,2026-06-05T07:20:00+00:00,-0.09500808907351317,-0.09500808907351317,-0.2047470124189644
v2_multitimeframe,35-KGEN-2026-06-10,KGEN,2026-06-10,2026-06-11T00:00:00+00:00,1.4517477170478885,0.43552431511436657,0.8710486302287331,0.0017420972604574663,0.053136558686441245,1,V2弱趋势分层回撤,2026-06-21T21:10:00+00:00,0.05139446142598378,0.05139446142598378,0.1180059520040525
v2_multitimeframe,36-BLUAI-2026-06-10,BLUAI,2026-06-10,2026-06-11T00:00:00+00:00,1.4517477170478885,0.43552431511436657,0.8710486302287331,0.0017420972604574663,-0.07782923773529528,2,保护止损,2026-06-13T17:00:00+00:00,-0.07957133499575275,-0.07957133499575275,-0.18270239395212115
v2_multitimeframe,38-BLESS-2026-06-11,BLESS,2026-06-11,2026-06-12T00:00:00+00:00,1.6715042109790617,0.5014512632937185,1.002902526587437,0.002005805053174874,-0.09931520853567267,1,保护止损,2026-06-13T06:10:00+00:00,-0.10132101358884756,-0.10132101358884756,-0.20205555555555577
v2_multitimeframe,37-ZBT-2026-06-13,ZBT,2026-06-13,2026-06-14T00:00:00+00:00,1.3406481330661035,0.40219443991983106,0.8043888798396621,0.0016087777596793243,0.01673113527119253,2,V2弱趋势分层回撤,2026-06-20T19:00:00+00:00,0.015122357511513206,0.015122357511513206,0.037599618519160855
v2_multitimeframe,39-AIA-2026-06-13,AIA,2026-06-13,2026-06-14T00:00:00+00:00,1.3406481330661035,0.40219443991983106,0.8043888798396621,0.0016087777596793243,-0.06672051699860966,1,保护止损,2026-06-16T02:35:00+00:00,-0.06832929475828899,-0.06832929475828899,-0.16989119683481696
v2_multitimeframe,40-ZBT-2026-06-23,ZBT,2026-06-23,2026-06-24T00:00:00+00:00,1.2690428926424961,0.3807128677927488,0.7614257355854976,0.0015228514711709952,0.1927455048971788,1,V2弱趋势分层回撤,2026-07-02T05:05:00+00:00,0.1912226534260078,0.1912226534260078,0.5022752567693745
v2_multitimeframe,41-KGEN-2026-06-30,KGEN,2026-06-30,2026-07-01T00:00:00+00:00,1.3670528170648544,0.4101158451194563,0.8202316902389126,0.0016404633804778252,-0.07093477427211486,1,保护止损,2026-07-01T11:40:00+00:00,-0.07257523765259269,-0.07257523765259269,-0.17696277409484965
v2_multitimeframe,42-COLLECT-2026-07-01,COLLECT,2026-07-01,2026-07-02T00:00:00+00:00,1.5066956765852504,0.4520087029755751,0.9040174059511502,0.0018080348119023004,0.11657284244249815,1,持有满14天,2026-07-16T00:00:00+00:00,0.11476480763059585,0.11476480763059585,0.2538995529844861
v2_multitimeframe,44-AIA-2026-07-08,AIA,2026-07-08,2026-07-09T00:00:00+00:00,1.438891971612714,0.4316675914838142,0.8633351829676283,0.0017266703659352567,0.17840280246976387,1,持有满14天,2026-07-23T00:00:00+00:00,0.1766761321038286,0.1766761321038286,0.4092874600488817
v2_multitimeframe,43-GUA-2026-07-09,GUA,2026-07-09,2026-07-10T00:00:00+00:00,1.4922441835634375,0.4476732550690312,0.8953465101380624,0.0017906930202761248,-0.0758214388184252,1,保护止损,2026-07-11T02:45:00+00:00,-0.07761213183870132,-0.07761213183870132,-0.17336781002638527
v2_multitimeframe,45-ZBT-2026-07-14,ZBT,2026-07-14,2026-07-15T00:00:00+00:00,1.411165952098992,0.4233497856296976,0.8466995712593952,0.0016933991425187906,-0.0710368499178433,1,保护止损,2026-07-15T02:35:00+00:00,-0.07273024906036209,-0.07273024906036209,-0.1717970612697533
v2_multitimeframe,46-ZBT-2026-07-17,ZBT,2026-07-17,2026-07-18T00:00:00+00:00,1.3951840550990613,0.4185552165297184,0.8371104330594368,0.0016742208661188736,-0.06949628535708617,1,保护止损,2026-07-18T06:25:00+00:00,-0.07117050622320505,-0.07117050622320505,-0.17003851203501075
v2_multitimeframe,49-SAFE-2026-07-22,SAFE,2026-07-22,2026-07-23T00:00:00+00:00,1.4576183610280669,0.43728550830842006,0.8745710166168401,0.0017491420332336803,0.061082177970747636,2,V2弱趋势分层回撤,2026-07-27T14:05:00+00:00,0.059333035937513955,0.059333035937513955,0.1356848896434638
v2_multitimeframe,48-AIA-2026-07-23,AIA,2026-07-23,2026-07-24T00:00:00+00:00,1.4288451230654164,0.42865353691962493,0.8573070738392499,0.0017146141476784998,-0.00270821423301629,2,V2弱趋势分层回撤,2026-07-27T05:05:00+00:00,-0.00442282838069479,-0.00442282838069479,-0.010317956110844122
